location,property_type,bhk,bathrooms,living_area_sqft,floor_no,total_floors,property_age,parking_spaces,furnishing_status,balcony_count,overall_quality,overall_condition,distance_to_metro_km,amenities_score,price_inr
Bangalore - Koramangala,Penthouse,4,5,3882,44,44,35,3,Unfurnished,3,7,8,0.5,10,118120000.0
Hyderabad - HITEC City,Apartment,2,2,1086,5,25,6,1,Semi-Furnished,3,6,6,3.8,2,11200000.0
Delhi NCR - Noida Expressway,Independent House,3,2,2627,0,3,1,2,Unfurnished,1,10,4,0.5,5,35540000.0
Delhi NCR - South Extension,Apartment,2,2,1213,1,7,3,1,Semi-Furnished,0,4,6,1.2,8,31350000.0
Bangalore - Whitefield,Apartment,3,2,1785,5,14,21,1,Semi-Furnished,1,5,6,0.6,7,13050000.0
Hyderabad - Gachibowli,Apartment,3,3,1467,14,20,1,1,Semi-Furnished,2,6,5,1.5,5,17290000.0
Bangalore - Koramangala,Apartment,2,2,1027,8,24,3,2,Furnished,1,10,7,7.7,9,28790000.0
Chennai - Adyar,Apartment,1,1,450,13,14,0,0,Semi-Furnished,1,8,6,3.2,5,9500000.0
Pune - Wakad,Apartment,2,2,992,21,25,2,2,Semi-Furnished,3,6,7,0.8,6,10050000.0
Hyderabad - Madhapur,Independent House,5,4,3301,0,1,5,1,Furnished,2,8,9,4.6,5,55070000.0
Delhi NCR - South Extension,Apartment,2,2,1099,15,22,6,2,Semi-Furnished,1,6,5,7.8,4,28060000.0
Delhi NCR - South Extension,Apartment,2,2,888,8,23,4,2,Semi-Furnished,2,8,5,2.2,8,27660000.0
Chennai - Anna Nagar,Villa,3,2,2444,0,2,0,1,Unfurnished,3,5,6,1.5,7,50850000.0
Hyderabad - Gachibowli,Apartment,2,2,1096,2,5,2,1,Semi-Furnished,2,6,5,1.1,2,11200000.0
Mumbai - Thane West,Penthouse,4,5,4016,39,40,3,2,Unfurnished,3,8,5,10.3,2,80530000.0
Bangalore - Whitefield,Villa,3,2,2485,0,2,3,2,Semi-Furnished,4,6,7,1.9,9,40790000.0
Chennai - Anna Nagar,Independent House,3,2,2392,0,3,13,1,Unfurnished,4,8,8,4.7,7,45580000.0
Mumbai - Worli Sea Face,Independent House,3,3,1935,0,3,23,2,Semi-Furnished,1,7,4,2.1,7,84230000.0
Hyderabad - Jubilee Hills,Penthouse,4,5,3528,20,20,1,4,Unfurnished,4,8,8,0.4,5,187390000.0
Hyderabad - Gachibowli,Apartment,3,3,1405,22,29,2,1,Semi-Furnished,2,8,7,1.4,6,19620000.0
Mumbai - Andheri East,Apartment,2,2,1159,1,6,9,1,Semi-Furnished,1,9,6,1.7,7,30020000.0
Chennai - Anna Nagar,Apartment,2,1,1326,1,11,1,1,Semi-Furnished,2,10,7,9.8,6,27150000.0
Delhi NCR - Gurgaon Golf Course Rd,Villa,5,4,3549,0,2,0,2,Semi-Furnished,2,8,6,4.0,6,179060000.0
Bangalore - Indiranagar,Apartment,3,2,1462,5,11,18,1,Furnished,2,6,7,0.7,6,25240000.0
Mumbai - Andheri East,Independent House,4,4,3347,0,1,2,2,Furnished,3,6,5,3.6,8,97230000.0
Hyderabad - Gachibowli,Studio,1,1,559,2,8,0,1,Furnished,0,9,6,1.1,5,7080000.0
Mumbai - Bandra West,Villa,5,5,3649,0,3,11,3,Unfurnished,1,5,7,4.3,4,162410000.0
Delhi NCR - Gurgaon Golf Course Rd,Apartment,2,2,1332,7,11,0,1,Furnished,2,5,6,0.6,5,39420000.0
Chennai - Adyar,Apartment,3,2,1530,5,5,3,1,Furnished,0,7,7,7.9,7,30810000.0
Hyderabad - Jubilee Hills,Villa,3,3,2130,0,2,3,2,Semi-Furnished,4,5,5,1.1,6,71920000.0
Delhi NCR - Gurgaon Golf Course Rd,Independent House,4,4,3103,0,2,5,2,Semi-Furnished,1,6,7,2.1,7,113080000.0
Chennai - OMR IT Corridor,Apartment,2,2,1296,1,4,29,1,Semi-Furnished,0,6,7,5.8,8,7610000.0
Pune - Kalyani Nagar,Apartment,4,3,2227,19,26,0,2,Furnished,1,5,9,5.4,7,35710000.0
Bangalore - HSR Layout,Penthouse,3,3,2725,19,20,6,3,Unfurnished,3,6,5,1.0,3,59620000.0
Pune - Koregaon Park,Independent House,4,4,3326,0,2,15,2,Unfurnished,2,6,7,6.5,6,52530000.0
Delhi NCR - Noida Expressway,Villa,3,3,2400,0,2,7,3,Unfurnished,1,7,6,0.4,8,35600000.0
Delhi NCR - Noida Expressway,Penthouse,3,4,2444,39,40,5,3,Semi-Furnished,4,6,4,0.4,8,39360000.0
Pune - Wakad,Apartment,2,1,1024,18,18,1,2,Semi-Furnished,1,6,7,1.0,10,11160000.0
Delhi NCR - Gurgaon Golf Course Rd,Apartment,2,2,1363,2,10,0,1,Furnished,1,8,6,2.1,6,51670000.0
Hyderabad - Madhapur,Apartment,3,3,1646,13,23,1,0,Furnished,0,6,5,1.9,6,19760000.0
Hyderabad - HITEC City,Apartment,2,1,934,10,29,7,1,Furnished,1,9,5,2.8,8,13990000.0
Chennai - OMR IT Corridor,Apartment,2,2,1608,2,10,7,1,Semi-Furnished,2,7,6,5.3,6,11200000.0
Mumbai - Worli Sea Face,Villa,5,5,3125,0,3,4,3,Semi-Furnished,2,9,5,0.4,4,242520000.0
Mumbai - Navi Mumbai Vashi,Independent House,3,3,2646,0,3,12,1,Semi-Furnished,3,7,7,1.4,5,41150000.0
Pune - Wakad,Penthouse,3,4,2616,26,26,7,3,Furnished,2,10,8,2.2,9,55730000.0
Bangalore - Koramangala,Apartment,2,2,1057,10,13,7,2,Semi-Furnished,1,7,7,2.7,4,22030000.0
Hyderabad - Gachibowli,Independent House,3,3,2260,0,3,1,3,Semi-Furnished,3,4,8,5.9,5,28600000.0
Bangalore - Electronic City,Independent House,3,2,2252,0,1,2,2,Semi-Furnished,3,7,6,2.3,6,22460000.0
Bangalore - Koramangala,Independent House,3,3,1931,0,2,0,2,Semi-Furnished,4,6,9,2.0,8,55880000.0
Pune - Hinjewadi IT Park,Independent House,4,4,2798,0,1,0,3,Furnished,3,6,6,2.7,10,32980000.0
Mumbai - Thane West,Apartment,2,2,1354,18,20,0,0,Unfurnished,1,5,7,1.3,5,17130000.0
Chennai - OMR IT Corridor,Apartment,4,4,1649,17,20,1,1,Semi-Furnished,1,10,7,1.0,2,15880000.0
Delhi NCR - Noida Sector 62,Apartment,2,2,1216,3,16,1,1,Furnished,2,4,7,1.1,6,10750000.0
Pune - Hinjewadi IT Park,Apartment,3,3,1725,7,19,5,2,Furnished,0,7,6,0.6,4,14480000.0
Chennai - Adyar,Apartment,2,2,1113,7,27,0,1,Semi-Furnished,2,5,8,1.7,6,22100000.0
Bangalore - Electronic City,Independent House,4,4,3071,0,3,1,2,Unfurnished,3,7,6,1.0,6,29170000.0
Chennai - Adyar,Studio,1,1,504,2,10,3,0,Semi-Furnished,1,6,7,0.7,6,7590000.0
Hyderabad - Gachibowli,Independent House,4,4,2614,0,2,1,1,Furnished,2,6,8,3.5,9,45070000.0
Mumbai - Andheri East,Villa,4,4,2434,0,3,1,3,Unfurnished,2,5,7,1.3,5,80760000.0
Hyderabad - HITEC City,Apartment,2,1,1262,19,23,2,0,Semi-Furnished,2,6,6,0.4,5,16850000.0
Delhi NCR - Noida Expressway,Independent House,4,4,2954,0,2,4,2,Semi-Furnished,3,5,7,3.9,5,30480000.0
Bangalore - Koramangala,Apartment,3,3,1514,21,23,2,1,Semi-Furnished,1,7,8,4.5,7,39290000.0
Delhi NCR - Gurgaon Golf Course Rd,Apartment,2,2,1024,3,7,1,1,Furnished,1,8,7,0.3,6,38780000.0
Bangalore - Whitefield,Apartment,3,2,2054,1,4,15,1,Semi-Furnished,2,3,6,1.7,5,12370000.0
Delhi NCR - Noida Expressway,Apartment,2,2,1113,15,19,3,1,Semi-Furnished,2,8,8,13.6,8,12300000.0
Mumbai - Worli Sea Face,Apartment,4,4,2132,13,14,4,1,Unfurnished,0,8,6,0.8,7,126440000.0
Delhi NCR - Noida Sector 62,Apartment,2,1,1262,9,17,13,0,Semi-Furnished,1,8,7,1.3,6,11020000.0
Pune - Kalyani Nagar,Apartment,2,1,1449,21,25,1,0,Semi-Furnished,2,6,6,2.2,4,21090000.0
Mumbai - Thane West,Studio,1,1,511,3,5,1,0,Semi-Furnished,0,8,6,1.8,8,7310000.0
Pune - Hinjewadi IT Park,Apartment,1,1,590,2,20,11,1,Unfurnished,1,10,5,4.4,5,4470000.0
Bangalore - Whitefield,Apartment,2,2,1301,8,10,0,0,Unfurnished,2,5,6,1.4,9,11420000.0
Mumbai - Thane West,Apartment,2,2,997,9,9,1,2,Semi-Furnished,1,7,5,1.1,5,13900000.0
Mumbai - Andheri East,Independent House,4,3,2662,0,1,2,3,Semi-Furnished,1,9,4,2.2,7,86990000.0
Bangalore - Indiranagar,Apartment,4,4,2287,8,11,5,1,Semi-Furnished,1,5,9,5.1,4,43670000.0
Hyderabad - Jubilee Hills,Apartment,2,2,1153,4,7,4,1,Semi-Furnished,0,8,5,3.2,6,28610000.0
Bangalore - HSR Layout,Apartment,2,2,1170,11,23,10,1,Furnished,1,5,5,1.7,9,18070000.0
Mumbai - Thane West,Apartment,2,2,1168,8,27,1,1,Semi-Furnished,2,6,7,8.4,4,13510000.0
Hyderabad - Jubilee Hills,Apartment,3,3,1710,6,25,0,1,Furnished,1,8,10,7.1,7,59360000.0
Pune - Hinjewadi IT Park,Apartment,2,2,922,15,21,10,1,Unfurnished,2,4,5,2.0,7,5630000.0
Chennai - Adyar,Apartment,2,2,1232,7,10,1,1,Semi-Furnished,2,5,8,3.0,5,21690000.0
Delhi NCR - Gurgaon Golf Course Rd,Apartment,2,1,1562,22,22,7,0,Unfurnished,0,8,8,1.9,5,53210000.0
Mumbai - Andheri East,Apartment,3,2,1050,9,16,8,1,Semi-Furnished,1,5,5,1.0,8,21760000.0
Bangalore - HSR Layout,Villa,5,5,3614,0,1,4,3,Semi-Furnished,3,7,6,1.3,8,89010000.0
Mumbai - Thane West,Apartment,1,1,856,11,15,0,2,Semi-Furnished,2,6,5,3.0,8,11880000.0
Delhi NCR - Noida Sector 62,Apartment,2,2,1026,4,10,3,0,Furnished,1,5,6,0.4,6,8970000.0
Pune - Koregaon Park,Apartment,2,2,1203,6,17,1,1,Semi-Furnished,2,6,5,5.7,10,20620000.0
Delhi NCR - Noida Expressway,Penthouse,4,5,3443,19,19,0,3,Furnished,2,5,7,0.7,6,61980000.0
Bangalore - Whitefield,Apartment,2,1,1351,4,23,0,1,Semi-Furnished,2,5,6,7.1,7,12100000.0
Delhi NCR - Noida Sector 62,Apartment,2,2,1226,9,18,2,2,Semi-Furnished,2,5,7,7.7,2,8790000.0
Hyderabad - Madhapur,Independent House,3,3,1930,0,2,10,3,Semi-Furnished,4,5,7,4.1,10,28330000.0
Chennai - OMR IT Corridor,Apartment,2,2,865,4,12,1,1,Furnished,1,5,8,2.1,7,7340000.0
Bangalore - Whitefield,Apartment,3,3,1612,20,23,4,1,Furnished,2,8,5,4.0,7,20690000.0
Hyderabad - Gachibowli,Apartment,2,2,1010,23,25,3,0,Semi-Furnished,1,9,8,0.5,5,15840000.0
Pune - Koregaon Park,Penthouse,4,5,3317,20,20,16,4,Unfurnished,3,8,5,2.0,3,77900000.0
Delhi NCR - Gurgaon Cyber City,Apartment,1,1,545,16,17,11,2,Semi-Furnished,0,8,9,1.6,6,12410000.0
Pune - Hinjewadi IT Park,Independent House,3,3,1856,0,2,4,2,Semi-Furnished,1,6,7,8.2,3,16000000.0
Delhi NCR - Noida Expressway,Studio,1,1,542,10,13,6,0,Semi-Furnished,0,5,4,2.0,4,3590000.0
Hyderabad - Gachibowli,Apartment,2,2,921,25,28,1,1,Furnished,2,7,8,0.8,5,13430000.0
Chennai - Anna Nagar,Apartment,3,3,1607,9,10,3,2,Unfurnished,2,5,8,1.4,5,22660000.0
Chennai - Adyar,Apartment,3,2,1759,17,24,1,1,Semi-Furnished,1,5,8,0.7,8,34310000.0
Chennai - OMR IT Corridor,Apartment,4,3,2321,15,18,9,1,Furnished,2,7,6,2.2,4,18440000.0
Delhi NCR - Gurgaon Cyber City,Apartment,2,2,766,4,12,12,1,Semi-Furnished,2,7,8,3.7,3,12580000.0
Bangalore - Electronic City,Penthouse,4,4,3806,36,36,9,3,Furnished,2,5,5,4.5,4,42110000.0
Delhi NCR - Noida Expressway,Independent House,4,3,3241,0,2,12,2,Unfurnished,3,5,7,0.5,6,26320000.0
Delhi NCR - Gurgaon Cyber City,Independent House,5,5,3667,0,3,4,3,Furnished,1,6,6,1.6,6,89370000.0
Mumbai - Bandra West,Apartment,4,4,1735,8,23,10,1,Semi-Furnished,2,8,6,5.7,5,66280000.0
Chennai - OMR IT Corridor,Villa,4,3,2900,0,2,4,2,Furnished,3,6,6,5.0,7,34770000.0
Bangalore - Koramangala,Studio,1,1,490,10,20,0,0,Semi-Furnished,0,7,9,3.0,5,9720000.0
Bangalore - Electronic City,Villa,4,3,3042,0,1,14,2,Semi-Furnished,2,6,6,1.7,6,28010000.0
Chennai - Anna Nagar,Apartment,3,2,2030,29,29,1,2,Semi-Furnished,1,8,7,1.3,10,42810000.0
Mumbai - Bandra West,Independent House,4,4,3078,0,2,0,2,Semi-Furnished,3,8,7,0.8,7,181780000.0
Delhi NCR - Gurgaon Golf Course Rd,Apartment,3,2,1350,2,15,0,1,Unfurnished,1,7,6,3.5,7,42010000.0
Bangalore - Whitefield,Apartment,1,1,450,3,6,1,2,Furnished,3,6,4,10.0,9,4720000.0
Chennai - Anna Nagar,Apartment,3,3,1469,11,12,18,1,Semi-Furnished,0,6,8,2.5,4,19440000.0
Delhi NCR - South Extension,Independent House,3,3,2603,0,3,14,2,Furnished,2,6,5,7.1,6,73660000.0
Pune - Wakad,Independent House,3,2,2105,0,3,0,1,Unfurnished,2,8,5,2.6,8,22660000.0
Pune - Kalyani Nagar,Apartment,2,2,1413,5,28,8,1,Semi-Furnished,1,6,7,0.8,5,20650000.0
Bangalore - Whitefield,Apartment,3,3,1639,17,22,4,2,Semi-Furnished,2,6,6,6.2,7,17570000.0
Mumbai - Worli Sea Face,Apartment,3,3,1615,5,13,14,1,Semi-Furnished,3,4,7,1.7,7,60090000.0
Mumbai - Worli Sea Face,Apartment,1,1,688,4,5,0,1,Furnished,1,8,6,8.4,8,41570000.0
Mumbai - Bandra West,Apartment,3,3,1624,9,27,2,1,Furnished,2,7,5,0.8,3,70620000.0
Mumbai - Navi Mumbai Vashi,Apartment,4,4,2141,2,8,6,2,Furnished,2,6,7,0.4,7,35480000.0
Bangalore - HSR Layout,Villa,3,3,2208,0,3,2,1,Semi-Furnished,2,6,6,2.4,6,45410000.0
Bangalore - Koramangala,Apartment,1,1,545,9,17,2,1,Furnished,3,5,3,4.4,6,9810000.0
Chennai - Adyar,Apartment,3,3,1737,20,27,4,1,Furnished,1,8,6,10.1,6,36180000.0
Bangalore - Electronic City,Apartment,3,2,1273,1,13,0,1,Unfurnished,2,9,4,1.9,9,10900000.0
Bangalore - Koramangala,Studio,1,1,416,11,24,7,0,Unfurnished,0,8,6,2.0,8,8080000.0
Bangalore - Electronic City,Independent House,3,2,2408,0,1,2,2,Semi-Furnished,3,7,7,1.5,6,25050000.0
Bangalore - Whitefield,Independent House,5,5,3072,0,3,1,2,Semi-Furnished,3,9,8,1.1,8,52650000.0
Delhi NCR - Gurgaon Golf Course Rd,Apartment,3,3,1491,19,24,3,0,Furnished,2,7,7,2.6,7,54670000.0
Mumbai - Andheri East,Independent House,4,3,2911,0,2,4,3,Semi-Furnished,3,7,7,1.2,5,92190000.0
Mumbai - Bandra West,Apartment,2,1,1411,4,9,7,0,Unfurnished,2,6,8,5.1,10,56990000.0
Pune - Koregaon Park,Independent House,4,3,2418,0,1,0,3,Furnished,4,6,7,1.3,5,57120000.0
Hyderabad - Madhapur,Penthouse,4,4,3557,42,42,3,3,Furnished,2,7,7,4.8,6,78810000.0
Hyderabad - Madhapur,Independent House,4,3,2983,0,3,3,2,Unfurnished,2,6,5,6.1,5,37080000.0
Chennai - Anna Nagar,Penthouse,3,4,2371,44,44,4,3,Semi-Furnished,3,7,8,1.7,8,74330000.0
Mumbai - Navi Mumbai Vashi,Independent House,3,2,2305,0,2,2,2,Furnished,2,9,8,2.4,7,58930000.0
Mumbai - Worli Sea Face,Apartment,3,2,1719,4,6,9,1,Semi-Furnished,2,6,8,3.7,5,69550000.0
Delhi NCR - Gurgaon Golf Course Rd,Penthouse,4,5,3795,22,23,2,2,Semi-Furnished,2,4,4,0.6,4,140190000.0
Bangalore - Whitefield,Apartment,2,2,1280,8,26,3,1,Semi-Furnished,3,8,6,1.5,5,15510000.0
Hyderabad - Jubilee Hills,Apartment,4,3,2294,3,5,3,2,Semi-Furnished,0,9,6,2.6,7,68690000.0
Mumbai - Worli Sea Face,Apartment,3,3,1481,16,25,11,0,Unfurnished,1,7,6,1.7,7,66610000.0
Mumbai - Bandra West,Apartment,1,1,780,8,10,4,0,Semi-Furnished,1,5,6,4.3,9,27660000.0
Mumbai - Worli Sea Face,Apartment,3,3,1459,8,29,14,1,Unfurnished,3,8,6,2.0,8,66560000.0
Mumbai - Navi Mumbai Vashi,Apartment,3,2,1302,19,21,7,1,Semi-Furnished,1,6,5,2.9,4,18010000.0
Delhi NCR - Noida Expressway,Apartment,2,2,1111,23,25,1,2,Semi-Furnished,1,8,8,0.7,7,13290000.0
Delhi NCR - Noida Sector 62,Apartment,2,2,1083,7,12,10,0,Semi-Furnished,2,8,8,0.6,5,10070000.0
Mumbai - Worli Sea Face,Apartment,1,1,835,5,15,1,1,Unfurnished,2,6,8,0.5,10,44020000.0
Mumbai - Bandra West,Apartment,2,2,1426,7,12,0,1,Unfurnished,1,8,7,6.4,7,59240000.0
Mumbai - Navi Mumbai Vashi,Apartment,3,2,1434,3,10,5,1,Furnished,1,9,7,1.7,9,28380000.0
Chennai - Adyar,Apartment,3,3,1414,14,23,3,1,Unfurnished,1,5,5,2.6,7,22750000.0
Hyderabad - Madhapur,Independent House,3,3,1770,0,2,10,1,Unfurnished,3,8,6,2.5,7,24810000.0
Delhi NCR - Noida Sector 62,Independent House,3,3,2297,0,2,1,1,Unfurnished,2,7,7,6.5,5,22220000.0
Bangalore - Koramangala,Villa,4,4,3141,0,3,8,2,Furnished,3,6,5,0.6,6,92370000.0
Bangalore - Electronic City,Independent House,4,4,2948,0,3,3,1,Unfurnished,2,4,10,0.3,6,22910000.0
Delhi NCR - Noida Expressway,Apartment,2,1,1227,5,26,10,2,Unfurnished,1,9,7,10.3,10,13300000.0
Delhi NCR - Noida Expressway,Independent House,3,3,2568,0,2,9,2,Furnished,2,6,7,2.1,6,26560000.0
Chennai - Adyar,Apartment,2,2,863,23,27,7,2,Unfurnished,2,7,8,5.8,8,19510000.0
Bangalore - HSR Layout,Apartment,3,3,1305,3,13,4,2,Furnished,1,6,7,4.9,6,23060000.0
Delhi NCR - Gurgaon Cyber City,Villa,3,2,2298,0,3,4,1,Furnished,4,7,4,1.5,6,66290000.0
Pune - Wakad,Apartment,3,3,1285,5,11,12,1,Semi-Furnished,2,7,5,6.1,5,9330000.0
Bangalore - Koramangala,Villa,3,2,2681,0,3,16,2,Semi-Furnished,3,6,8,0.8,5,72380000.0
Pune - Kalyani Nagar,Villa,3,2,2491,0,1,8,3,Semi-Furnished,2,6,6,7.3,6,49640000.0
Hyderabad - HITEC City,Villa,3,2,1915,0,1,7,1,Furnished,1,4,6,7.1,8,30520000.0
Mumbai - Thane West,Penthouse,5,5,4280,26,27,0,3,Unfurnished,3,8,7,6.4,9,118610000.0
Mumbai - Navi Mumbai Vashi,Apartment,3,2,1160,15,16,16,1,Furnished,1,6,8,1.6,9,18430000.0
Hyderabad - Madhapur,Apartment,2,2,1316,9,16,7,0,Furnished,0,5,5,0.6,6,13130000.0
Bangalore - Koramangala,Independent House,3,3,2574,0,2,9,2,Furnished,1,7,6,4.0,6,61030000.0
Delhi NCR - Gurgaon Cyber City,Apartment,2,2,1246,20,22,1,0,Semi-Furnished,0,6,7,2.1,7,26630000.0
Delhi NCR - Noida Expressway,Independent House,4,3,2993,0,1,1,2,Unfurnished,2,10,8,3.3,4,40440000.0
Delhi NCR - South Extension,Independent House,3,2,2721,0,1,0,2,Semi-Furnished,3,7,7,1.2,9,109290000.0
Mumbai - Thane West,Independent House,4,4,2570,0,2,11,3,Unfurnished,4,9,6,14.8,3,36630000.0
Delhi NCR - Gurgaon Cyber City,Apartment,1,1,937,15,25,13,2,Furnished,3,6,9,0.6,6,18000000.0
Bangalore - Koramangala,Apartment,2,2,1193,17,18,3,0,Semi-Furnished,1,6,7,1.3,4,23970000.0
Pune - Wakad,Apartment,4,3,2228,12,19,3,1,Semi-Furnished,2,8,7,4.0,8,22230000.0
Hyderabad - Jubilee Hills,Apartment,3,2,1974,17,20,1,2,Semi-Furnished,2,8,5,2.4,7,64460000.0
Mumbai - Andheri East,Penthouse,3,4,3147,26,26,1,3,Furnished,3,8,10,1.0,7,173900000.0
Bangalore - HSR Layout,Apartment,4,4,2233,13,24,1,1,Semi-Furnished,1,7,6,4.4,9,40190000.0
Delhi NCR - Gurgaon Cyber City,Apartment,3,3,1411,8,28,0,0,Semi-Furnished,2,7,8,3.4,7,31750000.0
Chennai - OMR IT Corridor,Apartment,3,3,1520,11,11,8,0,Semi-Furnished,2,7,7,3.1,6,12260000.0
Hyderabad - Gachibowli,Independent House,5,5,3054,0,3,3,3,Semi-Furnished,3,5,8,2.2,7,42380000.0
Bangalore - Indiranagar,Independent House,3,3,2104,0,2,4,1,Furnished,1,9,5,1.3,2,53300000.0
Delhi NCR - Gurgaon Golf Course Rd,Apartment,1,1,716,13,16,2,2,Semi-Furnished,0,8,8,4.5,8,25070000.0
Delhi NCR - Gurgaon Golf Course Rd,Apartment,1,1,510,18,19,24,1,Furnished,2,8,6,0.6,5,14530000.0
Hyderabad - HITEC City,Apartment,4,3,2168,18,27,6,1,Unfurnished,0,6,5,0.8,7,24850000.0
Delhi NCR - South Extension,Apartment,3,3,1503,12,25,0,1,Semi-Furnished,0,7,6,2.5,4,42600000.0
Chennai - Adyar,Independent House,4,4,2932,0,3,3,2,Furnished,3,6,6,0.9,8,66160000.0
Hyderabad - Madhapur,Independent House,5,4,4158,0,1,2,2,Unfurnished,2,9,5,2.0,7,68700000.0
Chennai - OMR IT Corridor,Apartment,3,2,1263,6,11,2,1,Semi-Furnished,0,6,4,0.8,7,9160000.0
Bangalore - Koramangala,Apartment,4,4,2173,1,8,8,0,Furnished,2,8,7,2.0,8,51290000.0
Mumbai - Bandra West,Studio,1,1,540,9,14,0,0,Semi-Furnished,1,6,6,0.5,7,21130000.0
Mumbai - Bandra West,Apartment,3,3,1245,3,5,6,0,Furnished,1,8,6,0.9,5,57100000.0
Chennai - OMR IT Corridor,Independent House,4,3,3331,0,3,6,2,Unfurnished,3,6,6,3.2,6,28490000.0
Chennai - OMR IT Corridor,Apartment,3,3,1589,2,7,0,1,Unfurnished,1,5,7,0.9,6,11280000.0
Hyderabad - HITEC City,Apartment,1,1,490,15,16,2,2,Unfurnished,2,9,6,7.4,3,7200000.0
Delhi NCR - Gurgaon Cyber City,Apartment,2,2,1344,18,20,1,1,Semi-Furnished,0,7,6,3.1,8,29580000.0
Bangalore - Electronic City,Apartment,3,3,1789,4,20,0,1,Semi-Furnished,1,6,5,0.4,6,12820000.0
Mumbai - Worli Sea Face,Studio,1,1,402,3,4,3,0,Semi-Furnished,1,7,6,5.1,5,17220000.0
Bangalore - Koramangala,Apartment,4,4,2030,11,25,3,1,Furnished,2,6,7,1.4,6,45600000.0
Bangalore - Indiranagar,Apartment,4,4,2100,1,7,1,1,Semi-Furnished,1,8,6,5.7,5,45100000.0
Bangalore - Whitefield,Apartment,3,2,1596,17,29,8,1,Semi-Furnished,1,7,8,1.8,8,17970000.0
Bangalore - Electronic City,Apartment,2,2,1232,6,13,2,2,Furnished,2,7,8,0.6,3,10020000.0
Mumbai - Navi Mumbai Vashi,Apartment,1,1,872,23,29,3,1,Semi-Furnished,1,5,6,6.5,5,10720000.0
Mumbai - Bandra West,Apartment,1,1,888,9,23,3,1,Unfurnished,2,5,7,1.3,7,34130000.0
Pune - Wakad,Villa,4,3,2764,0,2,0,2,Unfurnished,3,7,4,1.0,8,35970000.0
Bangalore - HSR Layout,Apartment,4,4,2472,15,21,6,1,Furnished,2,4,7,0.6,6,34490000.0
Delhi NCR - Gurgaon Golf Course Rd,Apartment,2,2,1004,12,12,1,2,Furnished,1,4,6,0.5,5,30270000.0
Chennai - Anna Nagar,Penthouse,4,5,3457,21,21,10,2,Furnished,4,6,6,4.5,6,88440000.0
Delhi NCR - Noida Expressway,Apartment,3,3,1835,23,26,9,1,Unfurnished,1,7,6,4.3,7,17600000.0
Hyderabad - Jubilee Hills,Studio,1,1,458,15,21,5,0,Furnished,0,5,8,2.9,9,11130000.0
Chennai - Anna Nagar,Apartment,3,3,1531,4,10,5,1,Semi-Furnished,1,3,6,1.6,8,19410000.0
Bangalore - Electronic City,Penthouse,4,5,3921,29,29,5,4,Furnished,3,6,5,1.5,7,52520000.0
Hyderabad - HITEC City,Independent House,4,4,2826,0,2,5,1,Semi-Furnished,4,7,5,1.4,9,43250000.0
Pune - Kalyani Nagar,Villa,4,3,3103,0,2,19,3,Semi-Furnished,1,7,5,4.6,7,55210000.0
Pune - Kalyani Nagar,Studio,1,1,516,1,15,2,1,Unfurnished,1,5,8,0.8,6,6020000.0
Chennai - Adyar,Apartment,2,2,1328,1,8,0,2,Furnished,1,7,5,1.7,6,29140000.0
Hyderabad - HITEC City,Studio,1,1,597,9,14,1,1,Semi-Furnished,0,7,6,2.2,6,7290000.0
Delhi NCR - Gurgaon Golf Course Rd,Apartment,2,2,1052,5,6,4,2,Furnished,3,8,8,2.5,6,38840000.0
Bangalore - Koramangala,Apartment,2,2,1184,12,13,0,0,Semi-Furnished,3,8,8,4.0,3,30640000.0
Mumbai - Andheri East,Apartment,3,3,1993,19,22,4,0,Unfurnished,2,6,7,1.2,7,45680000.0
Mumbai - Worli Sea Face,Apartment,2,1,903,13,21,15,1,Furnished,2,6,5,2.7,8,44280000.0
Pune - Kalyani Nagar,Apartment,2,2,772,20,24,3,0,Unfurnished,2,5,5,2.3,5,9710000.0
Mumbai - Navi Mumbai Vashi,Apartment,2,2,927,18,27,3,0,Semi-Furnished,2,7,6,2.6,9,16140000.0
Pune - Kalyani Nagar,Apartment,2,1,1374,5,18,8,2,Furnished,2,8,7,1.5,10,24680000.0
Chennai - Anna Nagar,Villa,3,2,2164,0,2,4,3,Semi-Furnished,2,9,5,0.5,3,58530000.0
Pune - Kalyani Nagar,Villa,3,2,2185,0,1,4,2,Furnished,1,8,7,2.3,3,55670000.0
Pune - Kalyani Nagar,Apartment,3,3,1621,15,17,10,1,Semi-Furnished,1,6,7,1.6,4,22330000.0
Mumbai - Andheri East,Apartment,4,3,2187,16,17,23,1,Semi-Furnished,2,9,5,0.3,4,49000000.0
Mumbai - Andheri East,Apartment,2,1,904,13,19,2,0,Furnished,2,7,7,5.6,4,24710000.0
Hyderabad - Jubilee Hills,Apartment,3,2,1859,1,8,3,1,Semi-Furnished,1,8,3,2.7,8,46830000.0
Hyderabad - Madhapur,Apartment,3,3,1761,4,6,6,1,Unfurnished,1,6,6,6.8,7,19420000.0
Mumbai - Navi Mumbai Vashi,Apartment,2,2,965,11,12,0,1,Unfurnished,1,4,8,5.1,7,13880000.0
Mumbai - Bandra West,Apartment,2,2,970,3,11,5,1,Semi-Furnished,3,6,5,0.5,3,36750000.0
Mumbai - Bandra West,Studio,1,1,320,4,6,2,0,Unfurnished,0,6,8,5.9,8,11500000.0
Pune - Wakad,Apartment,3,3,1419,21,23,0,0,Semi-Furnished,2,5,8,5.8,8,12390000.0
Mumbai - Andheri East,Apartment,2,2,978,10,11,0,1,Semi-Furnished,2,7,6,3.9,5,24630000.0
Hyderabad - Gachibowli,Independent House,4,4,3354,0,3,2,2,Unfurnished,3,6,5,0.9,6,44670000.0
Delhi NCR - Gurgaon Golf Course Rd,Apartment,2,1,1163,3,21,10,1,Semi-Furnished,1,7,8,3.9,5,31520000.0
Chennai - Adyar,Apartment,3,3,1818,8,13,0,2,Semi-Furnished,1,3,6,1.5,6,27080000.0
Bangalore - Indiranagar,Independent House,4,4,3204,0,2,2,2,Semi-Furnished,2,7,5,0.8,7,82920000.0
Hyderabad - Madhapur,Apartment,3,3,1919,4,5,5,2,Unfurnished,2,5,7,8.0,6,19940000.0
Mumbai - Thane West,Apartment,2,2,916,2,14,3,0,Unfurnished,2,7,6,3.2,3,10500000.0
Hyderabad - Madhapur,Studio,1,1,410,12,20,6,1,Semi-Furnished,1,7,7,0.5,5,4830000.0
Delhi NCR - South Extension,Penthouse,5,6,4473,25,25,4,3,Semi-Furnished,3,7,7,4.0,7,238640000.0
Chennai - Anna Nagar,Independent House,5,5,3568,0,2,0,2,Semi-Furnished,2,6,7,5.3,6,71950000.0
Pune - Kalyani Nagar,Apartment,3,3,1732,1,5,0,1,Semi-Furnished,2,5,9,2.5,9,29310000.0
Bangalore - Indiranagar,Independent House,4,3,2848,0,1,2,2,Furnished,3,7,3,0.8,5,68310000.0
Chennai - Anna Nagar,Apartment,2,2,1134,5,7,4,0,Unfurnished,2,7,7,0.8,4,16540000.0
Mumbai - Navi Mumbai Vashi,Apartment,3,3,1561,4,10,3,1,Semi-Furnished,2,7,6,3.6,6,23440000.0
Hyderabad - HITEC City,Apartment,2,2,1238,4,21,0,1,Semi-Furnished,2,7,3,0.7,7,15290000.0
Mumbai - Andheri East,Apartment,3,3,1426,4,15,5,1,Furnished,1,6,6,0.9,8,37110000.0
Bangalore - Indiranagar,Apartment,2,2,1039,1,20,0,1,Furnished,1,10,4,3.4,9,28000000.0
Hyderabad - Jubilee Hills,Apartment,1,1,450,18,20,2,0,Unfurnished,1,5,7,1.7,7,12030000.0
Delhi NCR - South Extension,Studio,1,1,489,3,6,6,0,Semi-Furnished,0,6,8,3.4,10,12080000.0
Pune - Koregaon Park,Penthouse,4,5,3828,16,16,1,3,Furnished,3,6,7,0.7,6,127220000.0
Pune - Koregaon Park,Independent House,4,4,2627,0,2,11,2,Semi-Furnished,2,4,5,5.8,4,35840000.0
Mumbai - Bandra West,Apartment,1,1,612,6,11,2,1,Semi-Furnished,2,7,4,1.7,7,24390000.0
Bangalore - Electronic City,Penthouse,5,5,4678,42,43,1,4,Furnished,3,8,6,1.9,3,64580000.0
Bangalore - Indiranagar,Apartment,2,2,1333,5,21,0,1,Semi-Furnished,2,7,6,1.2,5,26920000.0
Pune - Koregaon Park,Villa,3,3,2517,0,1,3,3,Semi-Furnished,2,7,8,3.7,5,63760000.0
Mumbai - Worli Sea Face,Apartment,4,4,1985,2,8,5,0,Semi-Furnished,0,8,7,2.6,4,104740000.0
Hyderabad - HITEC City,Villa,3,3,2502,0,3,1,1,Semi-Furnished,1,7,6,0.7,8,51950000.0
Mumbai - Thane West,Apartment,2,2,1161,2,4,0,2,Semi-Furnished,1,9,10,3.0,5,21440000.0
Pune - Wakad,Penthouse,3,3,2990,39,39,1,4,Unfurnished,4,9,8,9.2,5,51980000.0
Chennai - Adyar,Studio,1,1,560,6,8,9,0,Semi-Furnished,0,7,7,3.1,9,9370000.0
Mumbai - Worli Sea Face,Apartment,2,2,843,1,24,3,1,Furnished,1,5,5,1.6,8,38650000.0
Pune - Wakad,Apartment,3,3,1957,5,11,13,1,Furnished,3,4,7,0.8,6,13150000.0
Hyderabad - HITEC City,Studio,1,1,514,2,6,2,0,Semi-Furnished,1,6,8,1.8,7,5700000.0
Bangalore - Koramangala,Apartment,2,2,1205,8,9,6,1,Semi-Furnished,1,6,8,0.9,6,25280000.0
Hyderabad - HITEC City,Penthouse,4,5,3621,34,34,1,4,Furnished,3,8,6,4.3,5,94290000.0
Bangalore - Electronic City,Independent House,4,4,2619,0,1,7,3,Semi-Furnished,3,6,6,1.9,5,21630000.0
Mumbai - Bandra West,Apartment,2,2,1236,7,22,16,0,Furnished,2,6,6,2.6,9,45530000.0
Bangalore - Whitefield,Apartment,2,2,1355,9,18,3,1,Semi-Furnished,1,8,5,5.9,5,14410000.0
Bangalore - Koramangala,Apartment,3,3,1548,7,8,6,0,Semi-Furnished,2,5,8,2.0,5,28820000.0
Pune - Hinjewadi IT Park,Villa,4,4,3009,0,1,2,2,Semi-Furnished,2,7,7,5.0,7,37740000.0
Bangalore - Whitefield,Apartment,1,1,450,4,9,5,1,Semi-Furnished,1,5,8,2.5,5,4300000.0
Mumbai - Bandra West,Apartment,3,2,1740,11,26,9,1,Furnished,2,7,8,1.3,8,89880000.0
Delhi NCR - South Extension,Apartment,2,2,871,1,12,11,1,Semi-Furnished,1,6,7,1.7,6,21270000.0
Chennai - OMR IT Corridor,Apartment,4,4,1720,1,4,2,2,Furnished,1,6,5,2.7,9,14520000.0
Chennai - OMR IT Corridor,Penthouse,4,4,3384,25,25,10,2,Unfurnished,3,5,7,1.4,6,35590000.0
Pune - Hinjewadi IT Park,Studio,1,1,556,10,11,8,0,Furnished,0,7,6,1.0,8,4540000.0
Hyderabad - Madhapur,Apartment,1,1,541,1,5,1,1,Unfurnished,0,9,5,4.0,5,6620000.0
Bangalore - HSR Layout,Villa,5,4,3468,0,2,5,2,Semi-Furnished,2,7,6,2.3,5,82230000.0
Mumbai - Worli Sea Face,Villa,5,5,3491,0,1,0,3,Semi-Furnished,1,5,6,1.1,5,225500000.0
Bangalore - Koramangala,Apartment,3,3,1613,8,12,2,1,Semi-Furnished,1,5,5,6.8,7,28240000.0
Pune - Koregaon Park,Studio,1,1,395,14,23,8,0,Unfurnished,0,9,7,5.2,7,6560000.0
Chennai - Adyar,Apartment,3,3,1612,5,13,4,2,Furnished,1,6,8,6.3,8,32800000.0
Pune - Koregaon Park,Apartment,3,2,1423,21,24,1,0,Furnished,1,7,9,2.1,6,31580000.0
Chennai - OMR IT Corridor,Villa,5,4,4099,0,2,0,2,Semi-Furnished,2,8,4,1.4,6,50750000.0
Hyderabad - HITEC City,Apartment,3,3,1225,10,12,2,2,Furnished,2,6,5,0.9,3,15630000.0
Pune - Kalyani Nagar,Villa,3,3,2064,0,1,6,1,Furnished,3,9,7,2.8,5,53560000.0
Mumbai - Andheri East,Penthouse,4,5,3053,38,38,10,4,Unfurnished,2,7,8,0.3,6,127210000.0
Mumbai - Bandra West,Apartment,3,3,1993,1,8,0,1,Unfurnished,3,5,7,1.9,5,67140000.0
Pune - Koregaon Park,Penthouse,4,4,3417,16,16,2,2,Semi-Furnished,3,8,7,4.4,7,124740000.0
Delhi NCR - Gurgaon Golf Course Rd,Apartment,2,1,1010,2,4,4,1,Unfurnished,2,9,8,6.6,8,36460000.0
Mumbai - Navi Mumbai Vashi,Apartment,3,3,1554,2,8,7,1,Semi-Furnished,2,9,7,1.2,3,24620000.0
Mumbai - Navi Mumbai Vashi,Independent House,4,3,3187,0,2,6,1,Furnished,3,5,5,6.8,7,48990000.0
Hyderabad - Madhapur,Penthouse,3,3,2230,44,44,2,2,Semi-Furnished,3,7,7,6.4,5,49480000.0
Bangalore - Electronic City,Apartment,2,1,1337,2,10,9,1,Semi-Furnished,2,7,8,3.3,5,9990000.0
Bangalore - Electronic City,Apartment,3,2,2027,15,16,1,0,Unfurnished,1,6,4,5.9,5,14200000.0
Mumbai - Worli Sea Face,Independent House,4,4,2937,0,2,3,2,Furnished,2,6,6,1.2,7,196740000.0
Pune - Wakad,Independent House,3,3,2114,0,2,1,2,Semi-Furnished,1,5,7,4.8,6,21140000.0
Pune - Koregaon Park,Independent House,3,3,2207,0,1,4,2,Furnished,3,10,8,1.1,6,61530000.0
Pune - Koregaon Park,Apartment,2,1,837,3,7,9,1,Furnished,2,7,4,1.3,3,12000000.0
Mumbai - Worli Sea Face,Apartment,2,2,995,6,28,11,1,Furnished,2,5,7,2.7,4,42830000.0
Hyderabad - HITEC City,Apartment,1,1,689,9,18,0,2,Unfurnished,2,7,5,1.7,6,9050000.0
Chennai - Anna Nagar,Villa,4,4,2638,0,2,1,3,Unfurnished,3,8,6,3.8,7,64820000.0
Hyderabad - Jubilee Hills,Apartment,3,3,1722,4,5,2,0,Unfurnished,2,8,7,10.3,9,46950000.0
Chennai - Anna Nagar,Apartment,2,1,1269,6,6,19,2,Semi-Furnished,0,6,7,2.9,5,15800000.0
Mumbai - Bandra West,Studio,1,1,466,9,11,13,0,Semi-Furnished,1,8,5,1.1,7,16510000.0
Chennai - Anna Nagar,Apartment,2,2,1057,1,15,0,2,Furnished,3,8,6,0.4,6,19600000.0
Hyderabad - HITEC City,Studio,1,1,467,7,10,2,0,Furnished,1,6,6,0.7,6,5470000.0
Delhi NCR - South Extension,Independent House,4,4,3180,0,2,3,2,Semi-Furnished,2,7,9,2.6,6,126950000.0
Pune - Kalyani Nagar,Villa,4,4,3373,0,2,1,2,Semi-Furnished,2,7,7,0.9,4,72940000.0
Bangalore - Whitefield,Apartment,1,1,526,2,15,1,1,Semi-Furnished,2,8,7,4.3,6,5870000.0
Mumbai - Thane West,Apartment,3,2,1633,2,20,10,1,Furnished,2,9,7,11.9,7,22900000.0
Bangalore - Indiranagar,Independent House,3,2,2235,0,2,0,1,Furnished,3,9,6,1.0,7,72970000.0
Bangalore - Whitefield,Villa,4,4,3162,0,2,20,2,Furnished,1,6,8,0.7,7,41790000.0
Hyderabad - HITEC City,Villa,3,3,2334,0,2,7,1,Semi-Furnished,2,5,6,8.5,5,33970000.0
Mumbai - Worli Sea Face,Apartment,2,2,1211,1,6,7,2,Unfurnished,1,6,7,0.5,6,56220000.0
Pune - Koregaon Park,Villa,4,3,2687,0,2,1,2,Semi-Furnished,4,7,6,1.1,6,70730000.0
Chennai - OMR IT Corridor,Villa,4,3,2721,0,2,0,1,Unfurnished,3,6,6,2.8,5,28350000.0
Mumbai - Worli Sea Face,Independent House,4,4,2987,0,3,15,3,Semi-Furnished,3,5,8,4.7,3,125560000.0
Chennai - OMR IT Corridor,Villa,3,3,1981,0,2,1,2,Semi-Furnished,1,8,5,5.7,7,25040000.0
Pune - Hinjewadi IT Park,Villa,5,5,3801,0,3,3,1,Furnished,3,7,6,1.7,7,48260000.0
Delhi NCR - Noida Sector 62,Independent House,3,3,1942,0,1,4,2,Unfurnished,1,6,5,0.7,10,20050000.0
Pune - Hinjewadi IT Park,Apartment,2,1,1399,23,25,0,0,Unfurnished,1,4,7,2.6,9,10480000.0
Mumbai - Andheri East,Apartment,1,1,993,4,6,21,1,Furnished,2,7,7,7.4,7,20130000.0
Hyderabad - Jubilee Hills,Apartment,3,3,1509,3,11,3,1,Semi-Furnished,1,5,8,4.2,6,35400000.0
Mumbai - Worli Sea Face,Apartment,2,1,906,6,16,4,0,Semi-Furnished,3,10,7,0.9,4,51990000.0
Pune - Koregaon Park,Apartment,3,3,1417,8,26,1,1,Semi-Furnished,1,5,7,0.3,7,24860000.0
Bangalore - Electronic City,Apartment,3,3,1395,1,5,0,2,Unfurnished,1,5,5,0.6,4,8520000.0
Mumbai - Thane West,Apartment,2,2,1294,8,22,0,1,Semi-Furnished,2,8,7,0.9,9,23740000.0
Mumbai - Bandra West,Apartment,2,2,1147,11,25,2,1,Semi-Furnished,3,8,8,4.0,7,57600000.0
Mumbai - Thane West,Villa,3,3,1902,0,2,5,3,Furnished,2,8,7,4.6,6,47240000.0
Mumbai - Bandra West,Studio,1,1,377,8,10,2,0,Furnished,1,7,6,0.6,5,14820000.0
Delhi NCR - Noida Sector 62,Apartment,3,3,1431,8,23,4,1,Furnished,2,8,5,3.3,6,14750000.0
Hyderabad - Gachibowli,Studio,1,1,570,3,5,12,1,Furnished,0,6,7,0.3,3,5510000.0
Pune - Koregaon Park,Apartment,2,2,961,8,18,0,0,Semi-Furnished,1,5,5,1.6,7,15000000.0
Hyderabad - HITEC City,Apartment,3,3,1773,3,25,5,1,Semi-Furnished,1,9,6,2.8,6,26700000.0
Chennai - Anna Nagar,Apartment,2,2,1082,11,17,0,1,Furnished,1,7,6,1.5,8,22550000.0
Bangalore - Whitefield,Apartment,2,2,870,2,4,2,0,Unfurnished,0,7,7,4.4,7,8390000.0
Bangalore - Koramangala,Villa,3,2,2447,0,2,0,1,Furnished,1,3,6,0.5,4,63950000.0
Mumbai - Worli Sea Face,Independent House,4,3,2587,0,3,2,2,Semi-Furnished,3,7,7,6.2,9,167570000.0
Pune - Kalyani Nagar,Apartment,4,3,2228,5,5,0,0,Furnished,2,6,6,1.4,8,39730000.0
Mumbai - Bandra West,Apartment,2,2,873,10,29,1,2,Semi-Furnished,1,7,9,0.7,3,40360000.0
Pune - Koregaon Park,Apartment,2,2,1458,16,16,9,1,Furnished,1,7,6,3.9,5,25270000.0
Delhi NCR - Gurgaon Golf Course Rd,Apartment,2,2,1210,1,9,0,0,Semi-Furnished,1,6,7,0.7,4,35360000.0
Pune - Wakad,Apartment,1,1,830,17,28,1,1,Semi-Furnished,3,3,9,2.4,6,6180000.0
Hyderabad - Jubilee Hills,Apartment,3,2,1429,6,9,0,0,Unfurnished,1,7,7,2.3,4,36680000.0
Hyderabad - Madhapur,Villa,4,4,2707,0,1,1,3,Furnished,2,7,7,1.4,6,59910000.0
Hyderabad - Jubilee Hills,Penthouse,4,5,3711,35,35,0,3,Furnished,4,2,6,0.8,8,135950000.0
Delhi NCR - Noida Sector 62,Apartment,2,2,1300,24,24,0,1,Furnished,2,7,6,2.0,7,15020000.0
Bangalore - Indiranagar,Penthouse,3,4,3031,21,21,3,2,Semi-Furnished,4,8,8,6.4,4,122770000.0
Bangalore - Indiranagar,Apartment,3,3,1669,9,16,0,2,Furnished,1,7,5,2.6,6,39070000.0
Delhi NCR - Gurgaon Cyber City,Apartment,2,2,1183,7,17,4,2,Unfurnished,2,6,7,0.9,7,22070000.0
Pune - Wakad,Apartment,3,3,1563,12,18,10,2,Semi-Furnished,1,7,8,0.6,6,15480000.0
Hyderabad - Jubilee Hills,Independent House,4,4,2876,0,1,0,3,Semi-Furnished,2,8,6,4.0,9,109230000.0
Bangalore - Whitefield,Studio,1,1,480,1,10,1,0,Semi-Furnished,0,4,6,2.2,5,3600000.0
Mumbai - Andheri East,Independent House,5,5,3959,0,2,6,2,Furnished,3,6,8,5.0,8,126210000.0
Hyderabad - Gachibowli,Apartment,1,1,1000,2,19,3,0,Furnished,2,7,5,0.9,7,12450000.0
Mumbai - Bandra West,Independent House,3,2,2031,0,2,6,2,Semi-Furnished,3,8,9,1.3,3,101580000.0
Delhi NCR - Noida Expressway,Apartment,2,2,1065,4,4,2,1,Semi-Furnished,3,6,4,0.9,5,9250000.0
Mumbai - Bandra West,Penthouse,3,3,2404,36,36,0,3,Furnished,2,6,8,0.4,4,205000000.0
Mumbai - Navi Mumbai Vashi,Apartment,1,1,728,3,22,8,0,Furnished,3,8,7,8.1,6,11330000.0
Pune - Koregaon Park,Apartment,1,1,843,1,9,5,1,Unfurnished,1,5,7,7.5,8,11640000.0
Pune - Wakad,Independent House,5,5,3851,0,1,7,2,Furnished,3,5,7,1.1,6,35600000.0
Mumbai - Thane West,Independent House,5,5,3852,0,2,0,1,Unfurnished,2,7,6,0.6,9,65810000.0
Mumbai - Worli Sea Face,Apartment,3,3,1458,10,22,4,2,Unfurnished,0,7,6,2.2,5,64740000.0
Pune - Kalyani Nagar,Independent House,3,2,2392,0,2,2,1,Furnished,2,4,6,0.8,6,39090000.0
Pune - Kalyani Nagar,Apartment,2,2,900,13,13,1,1,Furnished,2,4,7,3.2,4,13180000.0
Delhi NCR - Gurgaon Golf Course Rd,Independent House,4,4,2836,0,1,35,2,Furnished,3,6,6,3.1,7,79480000.0
Delhi NCR - Noida Sector 62,Villa,5,5,3441,0,1,8,2,Semi-Furnished,2,7,6,6.3,4,36350000.0
Hyderabad - Gachibowli,Villa,3,3,2558,0,2,0,3,Semi-Furnished,4,6,6,1.1,4,42580000.0
Bangalore - Indiranagar,Apartment,3,3,1787,2,10,12,1,Unfurnished,2,5,7,0.4,5,28940000.0
Mumbai - Worli Sea Face,Apartment,2,2,1105,6,14,0,2,Unfurnished,2,6,5,2.1,6,47670000.0
Bangalore - Electronic City,Apartment,4,4,2296,13,24,2,1,Semi-Furnished,2,6,4,5.2,4,15880000.0
Mumbai - Navi Mumbai Vashi,Villa,5,4,2745,0,1,5,2,Furnished,2,7,6,2.9,4,58740000.0
Chennai - Anna Nagar,Apartment,2,2,1005,8,9,5,1,Furnished,2,4,6,4.3,6,13620000.0
Pune - Kalyani Nagar,Apartment,2,2,1237,24,28,7,1,Unfurnished,2,7,6,0.8,6,19880000.0
Delhi NCR - Noida Sector 62,Apartment,4,4,2087,5,7,10,2,Furnished,1,7,5,12.2,4,15230000.0
Hyderabad - Gachibowli,Apartment,2,2,1132,21,21,8,1,Furnished,0,7,5,15.0,7,13120000.0
Mumbai - Worli Sea Face,Independent House,4,4,2667,0,2,25,3,Semi-Furnished,4,10,6,0.6,5,145090000.0
Mumbai - Bandra West,Apartment,3,3,1441,16,27,2,1,Semi-Furnished,2,7,8,6.4,7,73570000.0
Hyderabad - HITEC City,Villa,3,3,2641,0,2,12,2,Unfurnished,3,6,8,1.4,1,40220000.0
Hyderabad - Gachibowli,Apartment,1,1,450,5,16,5,0,Semi-Furnished,2,6,5,3.2,9,4910000.0
Hyderabad - Madhapur,Apartment,2,2,1255,7,8,5,1,Furnished,2,8,7,1.0,9,17860000.0
Mumbai - Bandra West,Apartment,3,3,1708,12,23,3,1,Unfurnished,2,4,6,0.8,2,52300000.0
Mumbai - Worli Sea Face,Apartment,2,1,1174,16,21,0,0,Furnished,2,6,8,0.6,7,68070000.0
Pune - Hinjewadi IT Park,Apartment,3,3,1561,11,26,0,2,Semi-Furnished,2,8,7,4.9,8,15750000.0
Chennai - OMR IT Corridor,Independent House,4,3,2622,0,2,4,1,Semi-Furnished,4,5,5,3.4,4,18260000.0
Bangalore - HSR Layout,Apartment,2,2,1002,11,16,4,1,Furnished,3,6,6,1.5,7,17280000.0
Hyderabad - Jubilee Hills,Villa,3,3,1801,0,2,4,1,Semi-Furnished,1,8,5,1.3,7,73470000.0
Chennai - Adyar,Apartment,2,1,1375,10,19,3,1,Furnished,1,6,5,0.6,10,26430000.0
Mumbai - Worli Sea Face,Apartment,4,4,1907,9,9,3,1,Semi-Furnished,2,6,8,0.4,4,83320000.0
Bangalore - Whitefield,Villa,5,5,3946,0,2,1,2,Semi-Furnished,2,8,7,11.0,9,66470000.0
Delhi NCR - Noida Sector 62,Apartment,3,3,1804,1,8,2,2,Semi-Furnished,3,8,6,8.3,5,16810000.0
Chennai - Anna Nagar,Apartment,2,2,1298,23,23,1,1,Unfurnished,1,5,7,7.0,6,20060000.0
Pune - Hinjewadi IT Park,Apartment,2,2,1201,2,4,5,1,Furnished,2,5,6,3.5,5,9100000.0
Delhi NCR - Noida Expressway,Apartment,2,2,1080,28,28,9,1,Semi-Furnished,1,7,7,2.2,6,10380000.0
Hyderabad - Jubilee Hills,Villa,5,5,3668,0,2,6,1,Semi-Furnished,3,6,8,4.0,6,139700000.0
Hyderabad - Madhapur,Apartment,3,3,1609,2,4,12,1,Furnished,1,5,6,3.8,5,16510000.0
Mumbai - Andheri East,Villa,4,4,3137,0,2,10,1,Unfurnished,3,6,6,1.4,4,84880000.0
Bangalore - HSR Layout,Penthouse,3,4,2528,37,37,1,3,Semi-Furnished,4,4,5,2.9,8,61560000.0
Mumbai - Andheri East,Apartment,1,1,695,4,7,3,1,Furnished,2,7,8,1.9,6,19470000.0
Chennai - Adyar,Penthouse,4,4,3787,30,30,2,2,Semi-Furnished,4,8,7,1.5,5,135710000.0
Pune - Kalyani Nagar,Apartment,2,1,1084,20,24,0,1,Furnished,2,7,6,7.5,7,20510000.0
Bangalore - Whitefield,Studio,1,1,426,13,23,6,0,Semi-Furnished,0,9,9,1.1,6,4850000.0
Mumbai - Bandra West,Apartment,2,2,1161,13,25,5,1,Furnished,3,4,5,1.1,9,49910000.0
Bangalore - Electronic City,Independent House,4,4,2962,0,2,3,2,Unfurnished,1,6,8,3.4,7,25530000.0
Delhi NCR - South Extension,Apartment,2,2,698,7,9,10,0,Unfurnished,2,8,8,1.1,7,20290000.0
Hyderabad - Jubilee Hills,Apartment,3,3,1661,5,15,2,1,Semi-Furnished,2,6,5,2.3,9,39020000.0
Pune - Koregaon Park,Independent House,4,3,2805,0,2,3,2,Semi-Furnished,3,7,5,2.5,7,56530000.0
Bangalore - Koramangala,Independent House,5,4,3452,0,2,4,2,Unfurnished,4,8,5,0.4,6,85870000.0
Bangalore - HSR Layout,Apartment,3,3,1659,2,4,8,1,Semi-Furnished,2,8,8,2.2,4,28600000.0
Hyderabad - Madhapur,Apartment,4,3,1805,8,9,0,1,Furnished,3,8,5,3.3,6,25210000.0
Chennai - Adyar,Independent House,4,4,3541,0,1,0,2,Semi-Furnished,1,6,8,0.8,6,90580000.0
Mumbai - Worli Sea Face,Independent House,3,3,1695,0,2,2,2,Unfurnished,3,7,3,1.5,7,89830000.0
Pune - Hinjewadi IT Park,Studio,1,1,420,5,12,11,1,Semi-Furnished,0,5,8,2.1,7,2510000.0
Chennai - OMR IT Corridor,Villa,4,4,2945,0,1,5,2,Semi-Furnished,3,5,6,0.6,7,30980000.0
Chennai - Anna Nagar,Studio,1,1,511,1,7,0,0,Unfurnished,0,6,8,6.8,8,7470000.0
Delhi NCR - Gurgaon Cyber City,Independent House,5,4,3843,0,1,3,2,Unfurnished,2,5,7,2.1,8,78210000.0
Chennai - Adyar,Apartment,3,3,1353,7,13,0,0,Unfurnished,3,6,8,3.8,5,26270000.0
Bangalore - Koramangala,Apartment,4,4,1914,6,8,4,2,Furnished,2,5,8,1.9,6,43420000.0
Chennai - OMR IT Corridor,Villa,4,4,3040,0,2,0,2,Semi-Furnished,2,7,9,1.6,6,40350000.0
Mumbai - Thane West,Independent House,3,3,2541,0,3,14,3,Semi-Furnished,2,6,6,2.6,7,38170000.0
Delhi NCR - Gurgaon Cyber City,Apartment,2,1,1151,7,21,6,0,Semi-Furnished,1,4,4,5.2,7,16770000.0
Hyderabad - HITEC City,Apartment,2,2,1157,4,25,0,0,Semi-Furnished,2,5,6,15.0,7,12040000.0
Mumbai - Bandra West,Studio,1,1,494,11,23,11,1,Furnished,0,5,8,1.0,5,16030000.0
Bangalore - Whitefield,Apartment,2,2,1010,7,12,3,1,Unfurnished,2,4,8,1.7,10,10170000.0
Delhi NCR - Noida Sector 62,Apartment,4,4,2289,4,8,9,1,Semi-Furnished,2,6,6,0.8,7,19430000.0
Pune - Koregaon Park,Apartment,2,2,802,18,18,8,1,Furnished,3,9,8,2.1,7,19890000.0
Delhi NCR - Noida Sector 62,Apartment,3,3,1418,4,13,5,0,Semi-Furnished,1,6,8,1.6,5,10650000.0
Delhi NCR - Gurgaon Golf Course Rd,Apartment,3,3,1510,11,14,3,2,Furnished,3,9,7,3.8,7,64680000.0
Pune - Wakad,Apartment,4,4,2223,4,23,12,1,Semi-Furnished,2,6,7,1.7,4,16170000.0
Hyderabad - Madhapur,Apartment,2,2,1171,2,19,3,0,Furnished,2,5,5,2.5,4,12690000.0
Delhi NCR - Noida Expressway,Villa,3,2,2551,0,2,6,2,Semi-Furnished,2,5,5,6.4,5,26400000.0
Mumbai - Andheri East,Apartment,2,2,1226,9,26,3,0,Semi-Furnished,2,8,6,1.5,6,30970000.0
Mumbai - Andheri East,Villa,3,2,2200,0,1,1,3,Semi-Furnished,1,7,7,2.0,7,88720000.0
Hyderabad - Madhapur,Villa,3,3,2077,0,2,5,2,Semi-Furnished,4,10,8,2.7,10,52150000.0
Hyderabad - Jubilee Hills,Apartment,4,4,1941,3,11,5,1,Unfurnished,1,8,6,0.4,10,59350000.0
Pune - Wakad,Independent House,4,4,3033,0,2,0,3,Furnished,2,5,7,6.7,6,29440000.0
Chennai - OMR IT Corridor,Apartment,1,1,561,9,13,4,1,Furnished,3,8,8,0.8,9,5680000.0
Chennai - Adyar,Penthouse,6,6,5351,20,20,7,2,Unfurnished,4,8,7,4.2,8,172720000.0
Hyderabad - Jubilee Hills,Apartment,2,2,1042,13,21,0,1,Furnished,1,3,5,0.5,7,25000000.0
Chennai - Adyar,Independent House,4,3,2976,0,3,2,1,Unfurnished,3,8,4,2.7,10,70920000.0
Chennai - Adyar,Independent House,4,4,2974,0,3,3,1,Unfurnished,1,7,5,6.6,7,60460000.0
Hyderabad - Jubilee Hills,Apartment,2,2,1015,7,11,13,1,Semi-Furnished,2,8,8,2.9,6,26910000.0
Pune - Kalyani Nagar,Apartment,3,2,1635,2,20,11,1,Unfurnished,2,9,5,3.4,3,20990000.0
Hyderabad - HITEC City,Independent House,3,2,2242,0,1,2,1,Furnished,1,8,7,1.5,10,46790000.0
Bangalore - HSR Layout,Independent House,4,3,2677,0,2,12,2,Semi-Furnished,2,10,8,1.6,7,56510000.0
Bangalore - Indiranagar,Apartment,2,2,1241,25,26,5,0,Semi-Furnished,2,4,7,13.6,5,20300000.0
Delhi NCR - Noida Expressway,Independent House,4,4,2806,0,2,1,1,Semi-Furnished,3,7,5,1.0,6,33440000.0
Hyderabad - Jubilee Hills,Apartment,3,3,1368,14,17,3,1,Unfurnished,1,5,8,4.2,7,35040000.0
Delhi NCR - South Extension,Independent House,3,3,2140,0,2,3,2,Furnished,4,5,8,4.8,5,68310000.0
Mumbai - Navi Mumbai Vashi,Apartment,2,1,944,4,13,1,1,Semi-Furnished,3,6,7,3.3,6,15020000.0
Mumbai - Bandra West,Penthouse,6,6,5185,23,23,1,2,Semi-Furnished,3,5,5,1.3,7,327830000.0
Bangalore - Whitefield,Apartment,1,1,450,15,28,5,1,Semi-Furnished,2,6,6,1.5,5,4570000.0
Hyderabad - Gachibowli,Apartment,4,3,2273,9,16,3,1,Furnished,1,7,8,15.0,10,31130000.0
Delhi NCR - Gurgaon Golf Course Rd,Apartment,2,2,1188,2,7,9,1,Semi-Furnished,1,6,9,6.1,8,33010000.0
Delhi NCR - Gurgaon Golf Course Rd,Apartment,3,3,1549,4,17,5,1,Unfurnished,3,5,6,6.7,4,36690000.0
Mumbai - Navi Mumbai Vashi,Apartment,2,2,943,18,28,5,1,Furnished,2,6,5,0.9,6,15040000.0
Bangalore - Koramangala,Apartment,1,1,607,16,28,11,1,Unfurnished,2,4,5,3.0,6,9280000.0
Mumbai - Thane West,Villa,3,3,2231,0,2,25,2,Semi-Furnished,3,5,5,0.8,7,27470000.0
Bangalore - Indiranagar,Apartment,4,3,2463,9,9,8,1,Semi-Furnished,1,5,8,1.3,4,45510000.0
Delhi NCR - Gurgaon Cyber City,Apartment,1,1,921,2,22,0,1,Semi-Furnished,0,7,7,1.0,8,20780000.0
Hyderabad - HITEC City,Apartment,1,1,737,16,23,14,1,Furnished,0,9,8,1.0,8,12130000.0
Delhi NCR - Noida Expressway,Apartment,3,2,1765,8,17,2,1,Semi-Furnished,2,6,5,2.9,5,14090000.0
Mumbai - Worli Sea Face,Apartment,2,1,1093,14,18,5,1,Unfurnished,2,7,7,1.9,6,55470000.0
Hyderabad - Madhapur,Apartment,2,2,1109,3,12,23,2,Semi-Furnished,2,6,9,1.5,7,11780000.0
Bangalore - Whitefield,Apartment,3,3,1803,5,8,3,1,Unfurnished,1,8,7,0.4,6,20560000.0
Hyderabad - HITEC City,Apartment,2,1,1165,16,17,3,1,Semi-Furnished,1,7,5,3.9,5,16630000.0
Pune - Koregaon Park,Apartment,2,1,1008,20,28,15,1,Furnished,2,8,5,3.0,8,18790000.0
Delhi NCR - Gurgaon Cyber City,Independent House,3,3,2472,0,1,6,3,Semi-Furnished,3,8,4,3.4,5,59520000.0
Pune - Hinjewadi IT Park,Apartment,3,3,1749,14,19,2,1,Unfurnished,3,8,8,0.7,7,17780000.0
Bangalore - HSR Layout,Apartment,2,2,1208,2,7,3,0,Semi-Furnished,1,8,5,1.5,7,21010000.0
Pune - Wakad,Studio,1,1,611,15,16,5,0,Unfurnished,0,7,5,0.4,4,4870000.0
Pune - Kalyani Nagar,Apartment,2,2,1365,3,5,0,1,Unfurnished,1,7,6,4.8,4,17740000.0
Chennai - Anna Nagar,Independent House,3,2,2067,0,2,0,3,Semi-Furnished,4,7,6,1.8,8,43840000.0
Pune - Wakad,Apartment,3,3,1824,3,4,1,1,Furnished,2,7,4,0.8,4,15840000.0
Chennai - Adyar,Villa,3,3,2860,0,2,0,2,Semi-Furnished,3,9,4,0.7,7,93360000.0
Hyderabad - Madhapur,Villa,4,4,2924,0,2,1,1,Semi-Furnished,1,6,6,1.4,8,50500000.0
Chennai - Adyar,Apartment,1,1,489,4,22,2,0,Unfurnished,2,7,4,1.3,7,8690000.0
Mumbai - Navi Mumbai Vashi,Studio,1,1,331,2,4,2,0,Semi-Furnished,0,6,6,1.2,6,4440000.0
Chennai - Adyar,Apartment,2,2,1042,14,16,0,1,Semi-Furnished,1,6,6,1.2,6,21450000.0
Hyderabad - Gachibowli,Apartment,2,1,1197,7,15,1,1,Semi-Furnished,1,8,4,1.7,7,14370000.0
Hyderabad - Madhapur,Villa,3,2,2475,0,2,10,1,Semi-Furnished,2,6,5,9.1,5,35810000.0
Bangalore - Electronic City,Villa,3,2,2726,0,2,0,2,Semi-Furnished,3,9,7,6.5,8,40430000.0
Delhi NCR - Gurgaon Golf Course Rd,Apartment,3,3,1713,11,18,4,0,Semi-Furnished,1,5,6,1.4,6,48070000.0
Hyderabad - Gachibowli,Apartment,4,4,1781,2,10,6,2,Semi-Furnished,3,6,5,3.7,6,20380000.0
Mumbai - Bandra West,Apartment,3,3,1678,4,27,7,2,Semi-Furnished,1,6,4,4.9,8,57010000.0
Chennai - Adyar,Apartment,1,1,909,7,28,5,2,Unfurnished,0,9,7,3.0,7,21200000.0
Chennai - Adyar,Villa,4,3,3041,0,1,2,2,Semi-Furnished,4,8,6,3.6,6,95160000.0
Mumbai - Bandra West,Apartment,4,4,1747,6,27,2,0,Semi-Furnished,2,6,7,2.1,5,67650000.0
Delhi NCR - Noida Expressway,Apartment,3,3,1674,28,29,6,1,Semi-Furnished,2,7,4,0.8,5,17850000.0
Mumbai - Andheri East,Apartment,2,1,1250,8,24,10,0,Furnished,2,8,8,0.5,7,36880000.0
Hyderabad - Jubilee Hills,Apartment,3,3,1201,16,28,18,1,Furnished,3,4,6,3.7,7,25610000.0
Pune - Koregaon Park,Apartment,3,2,2003,13,20,0,1,Unfurnished,1,7,5,8.4,10,35900000.0
Chennai - OMR IT Corridor,Independent House,3,3,1841,0,1,8,2,Semi-Furnished,4,6,5,6.4,9,15710000.0
Bangalore - Whitefield,Studio,1,1,512,3,7,2,0,Semi-Furnished,0,7,6,3.2,7,5120000.0
Delhi NCR - Gurgaon Cyber City,Villa,3,2,2390,0,2,1,3,Semi-Furnished,2,8,5,5.2,5,77930000.0
Hyderabad - Gachibowli,Apartment,3,3,1697,20,22,0,0,Furnished,1,7,7,0.7,4,24910000.0
Mumbai - Bandra West,Penthouse,4,4,3437,17,18,8,4,Semi-Furnished,3,8,5,1.5,7,266710000.0
Pune - Koregaon Park,Villa,3,2,2319,0,2,1,1,Semi-Furnished,2,6,5,1.1,8,64850000.0
Bangalore - Koramangala,Villa,5,5,3261,0,2,4,2,Semi-Furnished,4,7,6,1.5,4,99240000.0
Mumbai - Navi Mumbai Vashi,Apartment,3,3,1571,6,23,1,1,Semi-Furnished,2,7,5,9.5,8,24370000.0
Hyderabad - Jubilee Hills,Apartment,3,3,1611,17,18,10,1,Furnished,3,6,8,1.7,3,44470000.0
Hyderabad - Madhapur,Apartment,2,2,1004,11,11,7,1,Furnished,0,8,5,2.9,8,15970000.0
Mumbai - Worli Sea Face,Apartment,2,1,1303,1,5,14,2,Unfurnished,2,4,8,0.5,5,48580000.0
Delhi NCR - Gurgaon Golf Course Rd,Apartment,2,2,1131,5,26,4,1,Semi-Furnished,3,8,7,5.1,5,36980000.0
Chennai - Adyar,Apartment,3,3,1447,11,19,6,1,Semi-Furnished,0,8,8,1.7,4,30140000.0
Pune - Koregaon Park,Apartment,1,1,729,3,10,1,1,Furnished,1,7,5,1.1,9,14530000.0
Pune - Wakad,Villa,4,3,2842,0,3,1,2,Furnished,1,7,8,7.7,8,43950000.0
Mumbai - Navi Mumbai Vashi,Apartment,2,2,1133,11,25,7,1,Semi-Furnished,2,8,8,1.5,7,18200000.0
Hyderabad - Jubilee Hills,Apartment,1,1,475,12,20,3,0,Semi-Furnished,2,7,4,5.5,8,11740000.0
Chennai - OMR IT Corridor,Studio,1,1,418,11,17,2,0,Semi-Furnished,1,5,8,2.8,5,2750000.0
Delhi NCR - Noida Sector 62,Studio,1,1,439,3,4,3,0,Furnished,0,9,7,0.5,6,4450000.0
Mumbai - Navi Mumbai Vashi,Villa,4,4,3628,0,2,2,1,Semi-Furnished,2,8,5,2.1,6,80810000.0
Delhi NCR - Noida Expressway,Studio,1,1,515,4,17,0,1,Furnished,0,7,5,6.0,4,4040000.0
Pune - Kalyani Nagar,Apartment,2,2,1205,26,29,5,1,Furnished,1,7,3,4.4,7,19220000.0
Delhi NCR - Noida Sector 62,Studio,1,1,598,18,23,0,0,Semi-Furnished,1,6,6,0.5,7,5310000.0
Hyderabad - HITEC City,Apartment,2,2,1143,8,16,4,1,Furnished,2,7,7,2.2,5,15990000.0
Mumbai - Navi Mumbai Vashi,Apartment,3,2,1434,11,22,10,0,Furnished,1,6,5,3.4,8,21400000.0
Delhi NCR - Gurgaon Golf Course Rd,Apartment,2,1,961,16,22,1,0,Semi-Furnished,1,8,4,5.0,5,28300000.0
Pune - Koregaon Park,Apartment,2,2,1076,6,22,0,1,Semi-Furnished,2,6,4,3.2,4,16490000.0
Chennai - Adyar,Apartment,4,4,2134,8,12,2,0,Unfurnished,0,6,5,1.3,5,34460000.0
Chennai - Adyar,Independent House,5,5,3873,0,2,4,1,Semi-Furnished,2,5,5,0.6,5,72930000.0
Pune - Koregaon Park,Villa,4,4,3203,0,2,14,2,Furnished,3,6,7,5.4,7,72830000.0
Hyderabad - Gachibowli,Apartment,2,2,1492,4,29,5,0,Furnished,2,8,5,1.8,5,19760000.0
Bangalore - Koramangala,Apartment,2,2,1378,10,10,7,0,Unfurnished,2,10,7,0.5,7,32830000.0
Mumbai - Thane West,Villa,4,4,2579,0,2,4,2,Semi-Furnished,4,6,7,0.3,8,55630000.0
Mumbai - Bandra West,Independent House,4,4,3149,0,2,31,2,Semi-Furnished,4,5,5,11.5,5,90280000.0
Mumbai - Navi Mumbai Vashi,Apartment,3,3,1925,2,4,10,2,Furnished,2,7,6,0.4,5,27640000.0
Hyderabad - Madhapur,Independent House,4,4,2447,0,1,1,2,Semi-Furnished,2,9,8,3.9,5,47110000.0
Chennai - Adyar,Apartment,3,3,1970,8,9,4,1,Furnished,1,8,4,0.9,8,42020000.0
Bangalore - HSR Layout,Apartment,4,4,2016,3,15,3,1,Semi-Furnished,2,6,10,1.2,7,37840000.0
Hyderabad - Jubilee Hills,Penthouse,3,3,2711,15,15,9,3,Unfurnished,3,10,7,6.8,8,136770000.0
Mumbai - Navi Mumbai Vashi,Apartment,3,3,1351,5,19,1,1,Unfurnished,2,7,10,0.8,9,26590000.0
Mumbai - Thane West,Apartment,3,2,1766,14,22,7,2,Semi-Furnished,2,3,10,1.7,7,21400000.0
Mumbai - Andheri East,Penthouse,4,5,4107,26,26,3,3,Semi-Furnished,4,5,8,7.8,6,152380000.0
Hyderabad - HITEC City,Independent House,4,3,2628,0,2,6,2,Unfurnished,2,6,8,0.8,5,39010000.0
Bangalore - HSR Layout,Apartment,3,3,1783,4,17,3,0,Semi-Furnished,2,5,7,1.6,9,28250000.0
Chennai - Adyar,Apartment,2,2,866,1,6,14,1,Furnished,2,7,5,1.3,5,13540000.0
Pune - Wakad,Apartment,2,2,1014,6,8,0,1,Semi-Furnished,2,10,8,7.3,8,12080000.0
Chennai - Adyar,Independent House,4,4,3274,0,2,13,3,Furnished,2,7,7,5.5,4,70230000.0
Mumbai - Bandra West,Apartment,2,2,1075,7,13,6,0,Semi-Furnished,2,5,9,2.3,6,42570000.0
Chennai - Anna Nagar,Apartment,1,1,912,1,4,4,1,Semi-Furnished,2,7,8,2.5,8,17830000.0
Mumbai - Navi Mumbai Vashi,Studio,1,1,382,1,7,2,0,Semi-Furnished,1,6,6,2.8,1,4040000.0
Delhi NCR - Gurgaon Cyber City,Apartment,2,2,1287,10,27,0,0,Semi-Furnished,2,7,4,1.2,8,25720000.0
Mumbai - Thane West,Apartment,2,2,1029,9,17,18,1,Furnished,0,8,6,3.5,6,13140000.0
Pune - Koregaon Park,Apartment,3,3,1536,12,19,4,1,Semi-Furnished,0,8,6,2.4,7,30370000.0
Chennai - Anna Nagar,Independent House,4,3,2827,0,1,4,1,Unfurnished,2,6,7,3.9,8,52860000.0
Pune - Koregaon Park,Apartment,1,1,967,5,15,0,2,Semi-Furnished,2,8,6,4.4,6,19550000.0
Hyderabad - Madhapur,Apartment,2,2,1127,14,28,12,2,Semi-Furnished,2,7,6,1.7,5,13110000.0
Mumbai - Andheri East,Villa,5,5,3533,0,1,4,2,Unfurnished,2,7,6,2.6,6,121150000.0
Pune - Kalyani Nagar,Apartment,4,4,2281,3,4,15,1,Unfurnished,1,9,7,3.3,5,30820000.0
Hyderabad - HITEC City,Apartment,3,3,1569,20,20,5,1,Furnished,2,7,9,3.0,9,27000000.0
Chennai - Anna Nagar,Apartment,2,2,1174,13,20,2,2,Furnished,1,7,7,1.4,1,19980000.0
Delhi NCR - Gurgaon Golf Course Rd,Apartment,4,3,2132,2,13,14,1,Semi-Furnished,2,8,6,0.5,5,61530000.0
Pune - Hinjewadi IT Park,Apartment,2,1,1342,10,12,1,0,Unfurnished,0,7,8,0.9,6,10310000.0
Mumbai - Worli Sea Face,Apartment,1,1,619,1,11,10,1,Unfurnished,0,6,10,0.5,6,31140000.0
Mumbai - Bandra West,Apartment,2,2,1115,22,27,5,1,Unfurnished,1,7,7,0.4,10,55190000.0
Mumbai - Bandra West,Apartment,3,3,1188,2,29,10,0,Semi-Furnished,2,7,5,6.5,5,45740000.0
Pune - Wakad,Villa,3,2,1797,0,2,6,2,Semi-Furnished,2,7,6,2.0,8,24230000.0
Delhi NCR - South Extension,Studio,1,1,320,3,17,0,1,Furnished,1,5,7,3.1,7,7830000.0
Mumbai - Navi Mumbai Vashi,Villa,4,4,3324,0,2,1,2,Furnished,2,6,6,2.9,9,85210000.0
Delhi NCR - Gurgaon Golf Course Rd,Villa,3,2,2621,0,1,1,2,Semi-Furnished,3,7,9,6.2,7,126080000.0
Mumbai - Worli Sea Face,Apartment,2,2,1393,1,16,0,1,Semi-Furnished,1,6,5,7.8,4,60910000.0
Mumbai - Bandra West,Studio,1,1,440,9,16,25,0,Semi-Furnished,0,10,6,2.8,6,13520000.0
Mumbai - Bandra West,Apartment,4,3,2030,13,17,2,2,Semi-Furnished,2,10,8,1.1,8,114990000.0
Bangalore - Whitefield,Studio,1,1,451,9,19,15,1,Furnished,1,5,8,3.5,8,3880000.0
Bangalore - HSR Layout,Studio,1,1,488,19,22,1,1,Semi-Furnished,0,6,7,5.3,6,7120000.0
Delhi NCR - South Extension,Independent House,4,3,2471,0,3,7,2,Furnished,3,9,7,3.1,8,109370000.0
Delhi NCR - Gurgaon Golf Course Rd,Studio,1,1,467,10,13,4,0,Semi-Furnished,1,5,6,4.8,4,10130000.0
Delhi NCR - Gurgaon Cyber City,Apartment,2,2,918,8,8,0,2,Semi-Furnished,1,7,5,8.1,5,17330000.0
Delhi NCR - Gurgaon Golf Course Rd,Apartment,2,1,1139,8,9,3,2,Semi-Furnished,2,5,5,1.3,6,31640000.0
Delhi NCR - Noida Sector 62,Apartment,2,1,963,7,17,0,1,Unfurnished,1,9,6,9.7,6,8770000.0
Mumbai - Andheri East,Independent House,3,3,2363,0,2,3,2,Furnished,2,7,7,4.9,9,76640000.0
Pune - Wakad,Apartment,3,3,1411,22,26,0,1,Semi-Furnished,1,9,6,0.9,7,15540000.0
Pune - Hinjewadi IT Park,Independent House,4,3,2539,0,2,0,1,Semi-Furnished,1,4,6,0.8,6,21520000.0
Mumbai - Worli Sea Face,Studio,1,1,650,5,8,11,0,Semi-Furnished,1,8,5,1.6,6,25180000.0
Hyderabad - Madhapur,Apartment,1,1,801,12,26,4,1,Unfurnished,1,7,7,2.4,9,11180000.0
Pune - Kalyani Nagar,Villa,3,3,2795,0,2,1,2,Semi-Furnished,3,9,8,8.9,5,73010000.0
Chennai - Adyar,Penthouse,4,4,3313,33,33,3,3,Unfurnished,3,6,7,1.4,5,100670000.0
Bangalore - Whitefield,Studio,1,1,619,2,14,3,0,Furnished,0,7,6,3.3,9,6710000.0
Chennai - Adyar,Studio,1,1,525,16,23,3,0,Unfurnished,1,7,8,1.8,4,8680000.0
Bangalore - HSR Layout,Apartment,2,1,1023,14,15,8,1,Furnished,1,7,7,3.0,3,17400000.0
Chennai - Adyar,Studio,1,1,404,2,13,1,0,Unfurnished,0,7,8,5.1,8,7290000.0
Mumbai - Andheri East,Villa,4,4,2777,0,3,0,1,Semi-Furnished,1,9,7,0.3,5,120600000.0
Pune - Wakad,Apartment,2,2,826,25,26,4,1,Semi-Furnished,2,7,5,4.4,5,7350000.0
Bangalore - Electronic City,Apartment,3,3,1608,4,15,2,1,Semi-Furnished,1,7,5,1.2,8,12200000.0
Bangalore - Koramangala,Independent House,3,2,2416,0,2,1,2,Unfurnished,3,8,9,2.6,5,61490000.0
Mumbai - Thane West,Apartment,2,2,922,16,16,11,1,Furnished,1,7,7,3.8,8,12900000.0
Chennai - Adyar,Independent House,3,2,2204,0,1,7,1,Semi-Furnished,1,6,5,1.5,7,47070000.0
Hyderabad - Gachibowli,Independent House,3,2,2170,0,2,0,1,Unfurnished,2,6,5,4.8,8,29650000.0
Pune - Hinjewadi IT Park,Apartment,2,2,967,21,22,3,1,Semi-Furnished,0,6,5,2.8,6,7730000.0
Delhi NCR - Gurgaon Cyber City,Apartment,4,4,2378,1,6,0,0,Furnished,1,6,4,1.5,6,44670000.0
Delhi NCR - South Extension,Villa,3,3,2071,0,2,5,2,Semi-Furnished,2,6,6,0.5,6,82220000.0
Chennai - Anna Nagar,Apartment,2,2,1422,24,27,12,1,Semi-Furnished,3,5,6,0.6,5,19500000.0
Mumbai - Thane West,Apartment,2,2,914,3,4,0,0,Unfurnished,3,7,4,0.5,6,12000000.0
Chennai - OMR IT Corridor,Apartment,2,2,1045,7,11,3,1,Semi-Furnished,0,6,8,1.4,5,7290000.0
Hyderabad - Gachibowli,Apartment,2,1,1024,21,23,7,2,Semi-Furnished,1,8,7,15.0,3,11910000.0
Chennai - OMR IT Corridor,Penthouse,4,4,4059,21,22,0,2,Unfurnished,3,6,7,2.1,3,47820000.0
Mumbai - Thane West,Apartment,4,3,2479,7,17,4,2,Semi-Furnished,1,8,10,0.6,5,40760000.0
Bangalore - HSR Layout,Independent House,5,4,3138,0,2,0,2,Furnished,3,8,6,3.7,4,66860000.0
Mumbai - Navi Mumbai Vashi,Apartment,3,3,1514,18,24,8,1,Furnished,1,5,8,1.8,9,26410000.0
Bangalore - Electronic City,Apartment,2,1,1162,11,19,0,1,Semi-Furnished,1,7,10,0.5,6,10530000.0
Chennai - Anna Nagar,Villa,3,3,1920,0,2,0,2,Furnished,2,7,8,5.8,10,59930000.0
Mumbai - Worli Sea Face,Independent House,5,5,3197,0,2,12,3,Unfurnished,1,7,5,0.5,7,160010000.0
Pune - Kalyani Nagar,Apartment,3,3,1559,9,21,10,1,Semi-Furnished,2,8,8,7.8,6,23960000.0
Mumbai - Worli Sea Face,Apartment,4,4,1973,4,4,0,1,Furnished,1,7,8,5.0,5,109170000.0
Pune - Koregaon Park,Apartment,3,2,1631,25,28,3,1,Semi-Furnished,2,7,7,4.0,4,31930000.0
Mumbai - Thane West,Apartment,2,2,1128,16,23,9,1,Semi-Furnished,1,6,7,7.6,6,13750000.0
Pune - Hinjewadi IT Park,Independent House,4,4,2654,0,1,3,2,Unfurnished,3,4,8,2.0,4,20810000.0
Pune - Kalyani Nagar,Apartment,1,1,722,4,5,0,1,Unfurnished,1,5,8,0.7,5,10350000.0
Bangalore - Koramangala,Apartment,4,3,1769,3,13,13,0,Semi-Furnished,1,7,6,0.8,8,34140000.0
Chennai - Anna Nagar,Apartment,3,3,1662,3,19,1,2,Semi-Furnished,2,9,7,2.1,6,32450000.0
Hyderabad - Madhapur,Penthouse,5,6,3955,31,31,8,3,Semi-Furnished,4,5,5,0.5,6,73140000.0
Mumbai - Navi Mumbai Vashi,Studio,1,1,402,10,11,0,0,Semi-Furnished,1,7,8,1.8,5,5980000.0
Delhi NCR - Gurgaon Golf Course Rd,Apartment,2,1,1193,11,28,1,1,Furnished,1,6,8,2.3,6,39960000.0
Pune - Kalyani Nagar,Villa,5,4,3226,0,2,2,1,Furnished,2,7,7,3.8,2,76540000.0
Hyderabad - Madhapur,Apartment,3,3,1635,1,14,12,0,Semi-Furnished,2,5,8,5.7,7,16820000.0
Delhi NCR - Gurgaon Cyber City,Apartment,2,2,1091,4,19,5,1,Furnished,1,4,6,2.8,8,18770000.0
Hyderabad - Madhapur,Villa,3,3,1976,0,2,9,3,Furnished,2,5,6,0.5,9,34440000.0
Chennai - OMR IT Corridor,Penthouse,4,4,3490,29,29,1,2,Semi-Furnished,3,7,8,0.9,6,51430000.0
Mumbai - Worli Sea Face,Studio,1,1,449,10,14,19,1,Furnished,0,5,6,1.2,4,14770000.0
Bangalore - Electronic City,Apartment,3,2,1704,1,7,1,1,Semi-Furnished,1,5,6,3.5,8,11450000.0
Pune - Kalyani Nagar,Apartment,3,2,1548,8,8,1,1,Semi-Furnished,1,3,5,3.8,9,18680000.0
Pune - Kalyani Nagar,Villa,5,4,3492,0,2,26,3,Unfurnished,2,4,6,0.6,10,51040000.0
Hyderabad - HITEC City,Apartment,3,3,1594,19,29,35,2,Semi-Furnished,2,7,5,3.2,7,17020000.0
Pune - Koregaon Park,Apartment,2,2,944,6,6,1,0,Furnished,1,9,6,1.8,3,19590000.0
Chennai - OMR IT Corridor,Apartment,2,2,1009,7,9,8,1,Semi-Furnished,1,9,5,0.7,7,8780000.0
Hyderabad - Jubilee Hills,Independent House,4,3,2182,0,1,3,3,Unfurnished,2,7,6,1.9,8,67810000.0
Delhi NCR - Gurgaon Cyber City,Apartment,2,1,1550,4,9,1,2,Unfurnished,2,8,6,0.5,7,33500000.0
Pune - Wakad,Apartment,4,4,2389,15,26,3,0,Semi-Furnished,2,8,7,1.6,6,23450000.0
Pune - Kalyani Nagar,Penthouse,3,4,2809,43,44,5,3,Semi-Furnished,4,9,5,1.3,3,79960000.0
Mumbai - Thane West,Apartment,2,1,804,4,5,2,1,Unfurnished,2,9,7,1.4,7,12860000.0
Delhi NCR - Gurgaon Golf Course Rd,Apartment,2,2,1085,28,29,3,2,Furnished,2,6,7,0.9,7,42540000.0
Bangalore - Electronic City,Apartment,2,2,1074,9,10,3,0,Semi-Furnished,1,5,6,0.3,6,6860000.0
Pune - Wakad,Apartment,2,2,1072,4,5,6,1,Semi-Furnished,1,7,5,0.3,7,10310000.0
Delhi NCR - Gurgaon Golf Course Rd,Apartment,2,2,1084,11,17,25,0,Furnished,1,7,7,1.0,8,29480000.0
Bangalore - Electronic City,Apartment,3,3,1770,3,5,6,1,Semi-Furnished,0,7,7,4.4,6,13620000.0
Bangalore - Koramangala,Penthouse,5,6,4423,42,42,3,2,Furnished,4,9,6,2.6,8,205440000.0
Delhi NCR - Noida Sector 62,Apartment,2,2,1012,6,14,2,2,Semi-Furnished,3,7,8,5.4,5,9590000.0
Hyderabad - HITEC City,Studio,1,1,502,1,7,1,0,Unfurnished,1,5,8,4.7,8,5680000.0
Pune - Wakad,Independent House,5,5,3349,0,3,0,2,Furnished,2,7,6,1.6,6,41020000.0
Chennai - Adyar,Apartment,2,1,1254,4,4,8,2,Unfurnished,1,7,8,11.4,5,22380000.0
Delhi NCR - Noida Expressway,Independent House,5,5,3444,0,2,2,2,Furnished,2,5,6,6.7,7,41830000.0
Pune - Koregaon Park,Apartment,3,3,1591,3,5,12,0,Semi-Furnished,1,4,6,4.9,8,21400000.0
Hyderabad - Gachibowli,Villa,4,3,2789,0,1,21,2,Furnished,2,7,3,5.0,7,35870000.0
Mumbai - Navi Mumbai Vashi,Apartment,2,1,1244,2,12,0,0,Unfurnished,1,8,6,0.6,5,19670000.0
Mumbai - Worli Sea Face,Apartment,3,3,1808,16,22,3,1,Semi-Furnished,2,6,7,1.8,7,97860000.0
Delhi NCR - Gurgaon Golf Course Rd,Penthouse,5,6,4789,17,17,6,3,Semi-Furnished,4,9,6,1.6,7,272600000.0
Chennai - OMR IT Corridor,Studio,1,1,575,1,18,24,0,Unfurnished,1,7,10,1.9,7,3030000.0
Hyderabad - HITEC City,Penthouse,3,4,2363,43,43,7,3,Semi-Furnished,4,7,6,6.5,10,57060000.0
Hyderabad - Gachibowli,Apartment,3,3,1254,4,21,0,1,Unfurnished,2,9,7,0.4,8,17360000.0
Mumbai - Thane West,Villa,3,3,1969,0,1,3,3,Semi-Furnished,3,9,8,4.6,8,49150000.0
Hyderabad - Gachibowli,Apartment,2,2,1014,1,7,11,0,Unfurnished,1,5,6,1.4,7,9700000.0
Hyderabad - Madhapur,Apartment,1,1,615,2,5,10,2,Semi-Furnished,2,5,3,3.9,5,5630000.0
Pune - Koregaon Park,Apartment,2,1,1123,4,11,16,1,Furnished,1,7,7,4.5,6,17010000.0
Chennai - OMR IT Corridor,Independent House,3,3,2271,0,3,0,2,Semi-Furnished,2,6,6,0.9,6,21280000.0
Bangalore - Koramangala,Apartment,3,3,1434,5,8,0,0,Furnished,1,7,4,5.0,8,34630000.0
Delhi NCR - Gurgaon Cyber City,Apartment,2,1,894,6,8,7,2,Semi-Furnished,2,6,6,1.4,3,15000000.0
Hyderabad - Gachibowli,Villa,4,3,2621,0,2,8,2,Semi-Furnished,3,5,5,4.0,5,35220000.0
Bangalore - HSR Layout,Apartment,3,3,1548,1,6,7,1,Semi-Furnished,2,7,6,4.2,6,24290000.0
Chennai - Adyar,Apartment,2,2,1227,9,16,8,0,Furnished,1,6,9,3.6,5,20980000.0
Bangalore - Koramangala,Apartment,3,3,1537,16,16,0,2,Furnished,1,4,7,3.8,5,34510000.0
Delhi NCR - Noida Sector 62,Studio,1,1,566,4,6,9,0,Semi-Furnished,0,9,8,1.0,5,4880000.0
Chennai - Adyar,Apartment,4,4,1633,7,8,7,0,Unfurnished,2,8,6,0.6,4,26720000.0
Mumbai - Navi Mumbai Vashi,Apartment,2,2,1364,1,6,4,1,Semi-Furnished,0,8,4,8.7,7,20340000.0
Mumbai - Worli Sea Face,Villa,5,5,3719,0,1,5,2,Semi-Furnished,4,6,5,1.7,8,237010000.0
Hyderabad - Madhapur,Villa,3,2,2644,0,1,7,2,Semi-Furnished,4,9,4,1.9,9,53360000.0
Delhi NCR - South Extension,Apartment,2,2,989,2,16,0,0,Semi-Furnished,1,7,9,0.5,8,33380000.0
Delhi NCR - South Extension,Independent House,3,3,2325,0,1,9,2,Furnished,2,5,7,2.7,8,73450000.0
Pune - Hinjewadi IT Park,Villa,3,3,1849,0,2,12,2,Semi-Furnished,3,6,9,1.2,10,24250000.0
Delhi NCR - Noida Expressway,Independent House,3,3,2816,0,2,3,2,Furnished,3,6,5,6.3,6,33950000.0
Delhi NCR - Gurgaon Golf Course Rd,Apartment,1,1,1057,2,17,18,2,Unfurnished,2,7,5,5.1,6,25300000.0
Bangalore - Electronic City,Penthouse,3,3,2947,39,39,4,2,Furnished,4,8,6,1.7,9,44140000.0
Bangalore - HSR Layout,Apartment,2,2,1018,12,28,12,2,Semi-Furnished,1,6,6,2.3,5,13840000.0
Chennai - Adyar,Apartment,2,2,1140,22,26,0,1,Furnished,1,6,7,9.5,8,25830000.0
Delhi NCR - Gurgaon Golf Course Rd,Apartment,2,2,839,5,11,0,1,Furnished,1,8,2,1.6,10,32000000.0
Pune - Kalyani Nagar,Apartment,4,4,2192,20,24,0,0,Unfurnished,2,7,7,2.3,8,40160000.0
Bangalore - Indiranagar,Apartment,1,1,506,3,12,3,1,Furnished,1,6,6,1.4,5,9900000.0
Bangalore - Koramangala,Villa,4,4,3002,0,2,7,2,Furnished,1,6,6,4.7,5,80190000.0
Delhi NCR - Noida Sector 62,Apartment,3,3,1413,16,18,5,1,Semi-Furnished,1,5,6,7.8,7,11940000.0
Delhi NCR - Gurgaon Cyber City,Apartment,2,2,1130,21,24,3,1,Furnished,1,6,7,3.0,7,23840000.0
Bangalore - Whitefield,Apartment,2,2,1224,7,9,10,1,Furnished,1,7,6,1.4,3,12310000.0
Bangalore - HSR Layout,Apartment,3,3,1429,9,13,0,1,Unfurnished,2,9,6,5.0,4,23180000.0
Bangalore - Electronic City,Studio,1,1,447,5,6,5,1,Semi-Furnished,1,7,7,2.9,7,3020000.0
Pune - Hinjewadi IT Park,Apartment,2,1,1228,3,20,8,1,Unfurnished,2,8,5,0.7,8,9640000.0
Chennai - Adyar,Apartment,3,3,1782,15,26,18,2,Unfurnished,1,6,7,0.4,7,29260000.0
Mumbai - Andheri East,Apartment,2,1,1220,1,20,3,1,Semi-Furnished,2,8,7,4.4,3,30360000.0
Mumbai - Navi Mumbai Vashi,Apartment,2,2,1091,21,26,2,1,Furnished,3,6,8,1.9,5,19580000.0
Mumbai - Navi Mumbai Vashi,Apartment,2,2,1264,1,8,1,0,Unfurnished,1,5,9,8.9,5,17520000.0
Bangalore - Indiranagar,Independent House,3,3,2618,0,2,2,3,Unfurnished,3,8,8,2.0,7,72390000.0
Pune - Wakad,Studio,1,1,636,19,21,5,0,Unfurnished,0,9,7,0.4,9,6290000.0
Bangalore - Whitefield,Apartment,2,1,1225,16,25,7,1,Semi-Furnished,1,5,4,4.1,8,11270000.0
Pune - Koregaon Park,Independent House,4,4,2700,0,1,7,1,Furnished,2,7,8,2.8,6,61240000.0
Delhi NCR - Gurgaon Cyber City,Villa,4,4,2960,0,3,3,3,Unfurnished,3,5,6,1.8,8,80710000.0
Mumbai - Bandra West,Villa,5,4,3378,0,2,17,3,Semi-Furnished,1,6,6,1.1,5,163510000.0
Hyderabad - Jubilee Hills,Apartment,1,1,601,4,22,6,1,Unfurnished,1,6,8,5.2,8,15180000.0
Hyderabad - HITEC City,Apartment,3,3,1735,6,15,13,2,Furnished,1,7,6,3.2,7,23390000.0
Pune - Kalyani Nagar,Apartment,3,3,1687,7,14,0,2,Furnished,2,8,4,4.6,5,27420000.0
Bangalore - Koramangala,Independent House,3,3,1711,0,2,1,1,Furnished,1,8,6,0.4,6,48250000.0
Chennai - OMR IT Corridor,Villa,3,3,2085,0,3,1,1,Unfurnished,4,7,9,1.4,4,25230000.0
Delhi NCR - Gurgaon Cyber City,Apartment,2,2,1262,10,13,3,0,Furnished,3,10,6,3.2,8,30840000.0
Mumbai - Thane West,Apartment,2,2,1109,1,4,0,2,Furnished,1,5,6,1.9,8,15260000.0
Mumbai - Thane West,Penthouse,5,6,4555,39,40,3,3,Unfurnished,3,7,7,0.4,7,109630000.0
Bangalore - Indiranagar,Villa,3,3,2639,0,2,14,2,Furnished,1,6,9,1.0,6,78940000.0
Pune - Wakad,Studio,1,1,555,3,5,6,0,Unfurnished,1,6,5,12.1,6,3370000.0
Delhi NCR - Gurgaon Golf Course Rd,Villa,3,3,2433,0,3,6,1,Semi-Furnished,4,9,7,1.9,6,120520000.0
Hyderabad - Jubilee Hills,Apartment,3,3,1796,6,11,1,1,Unfurnished,1,6,6,12.8,6,41530000.0
Bangalore - Koramangala,Independent House,4,3,2970,0,3,3,1,Semi-Furnished,2,6,5,2.4,8,66150000.0
Bangalore - HSR Layout,Independent House,3,3,1913,0,3,0,1,Unfurnished,3,5,6,5.9,7,32580000.0
Chennai - Adyar,Apartment,3,3,1755,1,16,10,1,Unfurnished,2,7,5,0.5,4,29520000.0
Pune - Wakad,Apartment,2,2,1354,2,14,0,1,Furnished,0,7,7,12.3,6,12590000.0
Bangalore - Koramangala,Independent House,3,2,3222,0,2,7,3,Furnished,3,9,6,0.4,10,102330000.0
Mumbai - Worli Sea Face,Apartment,2,2,1360,12,23,3,2,Furnished,2,6,6,1.4,3,62330000.0
Delhi NCR - Gurgaon Cyber City,Villa,3,3,2242,0,1,13,1,Semi-Furnished,3,8,8,6.7,7,61710000.0
Delhi NCR - Gurgaon Cyber City,Independent House,3,2,2228,0,1,1,2,Unfurnished,1,4,6,3.2,2,36070000.0
Pune - Hinjewadi IT Park,Studio,1,1,606,4,8,0,1,Semi-Furnished,0,7,7,4.2,7,4710000.0
Chennai - Adyar,Apartment,2,1,1033,16,18,2,1,Semi-Furnished,2,6,8,1.5,6,22560000.0
Hyderabad - HITEC City,Apartment,4,3,1774,8,14,9,1,Furnished,3,6,4,4.1,7,20740000.0
Bangalore - Whitefield,Independent House,3,2,2755,0,2,10,3,Unfurnished,3,7,7,2.0,6,30470000.0
Bangalore - Electronic City,Apartment,2,2,1198,11,15,5,1,Unfurnished,3,7,6,2.6,4,8500000.0
Bangalore - Koramangala,Independent House,3,2,2405,0,3,4,2,Furnished,4,9,8,2.4,8,76660000.0
Mumbai - Bandra West,Villa,4,4,2782,0,2,0,1,Semi-Furnished,1,7,5,1.3,7,173730000.0
Mumbai - Worli Sea Face,Apartment,3,3,1480,2,7,6,0,Furnished,3,8,5,3.6,6,82020000.0
Delhi NCR - Gurgaon Cyber City,Apartment,2,2,1044,21,23,7,1,Semi-Furnished,1,4,6,2.4,10,20340000.0
Chennai - OMR IT Corridor,Apartment,3,3,1659,3,14,17,1,Semi-Furnished,2,10,5,5.7,6,12310000.0
Pune - Kalyani Nagar,Apartment,3,3,1459,6,11,9,0,Furnished,2,7,4,1.4,7,21150000.0
Chennai - OMR IT Corridor,Penthouse,4,4,3927,39,39,0,4,Semi-Furnished,3,2,9,1.6,7,42920000.0
Chennai - Anna Nagar,Villa,3,3,2465,0,1,13,2,Semi-Furnished,2,4,7,0.3,7,50780000.0
Mumbai - Bandra West,Independent House,5,5,3739,0,3,5,1,Semi-Furnished,3,6,8,0.7,6,166580000.0
Bangalore - Indiranagar,Independent House,3,3,2165,0,2,5,1,Semi-Furnished,3,6,6,13.6,9,44710000.0
Hyderabad - Gachibowli,Apartment,4,4,1647,4,14,18,1,Furnished,0,9,8,3.1,8,22470000.0
Bangalore - Indiranagar,Penthouse,3,4,2931,29,29,7,4,Semi-Furnished,4,8,7,5.8,5,109590000.0
Chennai - Adyar,Independent House,3,3,1924,0,2,9,2,Semi-Furnished,2,9,6,5.2,6,45940000.0
Delhi NCR - Gurgaon Golf Course Rd,Independent House,3,2,1936,0,2,11,2,Semi-Furnished,1,7,6,0.5,2,62150000.0
Delhi NCR - Gurgaon Cyber City,Penthouse,5,5,3988,31,31,4,4,Furnished,3,8,6,4.6,8,166960000.0
Delhi NCR - Gurgaon Cyber City,Apartment,2,2,916,7,7,0,2,Semi-Furnished,2,7,8,5.5,6,20470000.0
Delhi NCR - Noida Expressway,Villa,3,2,2336,0,2,6,3,Unfurnished,1,5,5,0.4,5,28330000.0
Hyderabad - Gachibowli,Apartment,3,3,1798,5,8,1,1,Furnished,2,5,7,0.3,9,23670000.0
Pune - Koregaon Park,Apartment,3,3,1744,17,21,3,1,Semi-Furnished,1,7,7,15.0,7,30040000.0
Hyderabad - Jubilee Hills,Apartment,2,2,1241,26,29,4,1,Furnished,1,8,8,1.2,8,43620000.0
Hyderabad - Gachibowli,Studio,1,1,418,11,17,0,0,Semi-Furnished,0,10,5,4.6,7,5670000.0
Delhi NCR - South Extension,Villa,4,4,2819,0,2,0,3,Furnished,4,4,6,6.1,4,99350000.0
Mumbai - Navi Mumbai Vashi,Independent House,3,3,2075,0,2,1,2,Semi-Furnished,2,8,6,1.5,6,44410000.0
Mumbai - Thane West,Independent House,4,3,2822,0,3,11,2,Semi-Furnished,3,7,7,1.4,6,45990000.0
Mumbai - Worli Sea Face,Apartment,2,2,1396,13,22,2,2,Semi-Furnished,2,6,5,0.8,5,66940000.0
Pune - Wakad,Studio,1,1,449,3,23,1,0,Semi-Furnished,0,8,7,0.7,4,3900000.0
Hyderabad - HITEC City,Apartment,2,2,1221,5,5,12,1,Semi-Furnished,3,6,8,1.9,5,14350000.0
Chennai - OMR IT Corridor,Apartment,3,2,1298,10,10,6,2,Semi-Furnished,2,5,4,15.0,7,8310000.0
Pune - Hinjewadi IT Park,Apartment,3,3,1732,3,29,0,1,Furnished,0,8,5,4.3,7,18350000.0
Delhi NCR - Noida Expressway,Villa,4,3,3303,0,2,0,1,Furnished,1,8,9,0.3,3,57090000.0
Bangalore - Electronic City,Independent House,3,2,1988,0,2,0,2,Unfurnished,2,8,7,1.9,6,19710000.0
Pune - Kalyani Nagar,Apartment,3,3,1868,2,22,0,1,Furnished,2,5,9,10.1,6,28370000.0
Delhi NCR - Noida Sector 62,Apartment,3,2,1652,10,29,0,1,Semi-Furnished,2,7,6,3.8,4,14290000.0
Delhi NCR - Noida Expressway,Villa,3,2,2611,0,2,1,2,Unfurnished,3,6,7,0.8,8,38300000.0
Mumbai - Bandra West,Apartment,3,3,1320,1,24,12,1,Furnished,2,9,5,0.5,5,57290000.0
Hyderabad - Gachibowli,Independent House,3,2,2657,0,2,8,1,Semi-Furnished,3,6,7,1.2,9,36670000.0
Hyderabad - Jubilee Hills,Studio,1,1,519,7,19,5,0,Semi-Furnished,0,7,7,1.6,3,10660000.0
Hyderabad - Jubilee Hills,Apartment,2,1,912,11,20,0,1,Unfurnished,2,5,7,0.7,8,23790000.0
Mumbai - Worli Sea Face,Apartment,3,2,1240,3,27,10,1,Unfurnished,2,7,8,2.1,9,65010000.0
Pune - Koregaon Park,Independent House,3,3,2333,0,2,1,2,Semi-Furnished,3,6,9,2.5,5,49820000.0
Hyderabad - Madhapur,Villa,4,4,3106,0,2,2,2,Furnished,1,6,8,3.8,6,60760000.0
Chennai - OMR IT Corridor,Apartment,2,1,1364,22,22,2,1,Semi-Furnished,2,8,7,1.9,6,12650000.0
Delhi NCR - South Extension,Studio,1,1,320,12,14,3,0,Semi-Furnished,0,7,5,1.9,6,7610000.0
Delhi NCR - Gurgaon Golf Course Rd,Apartment,2,1,991,1,14,1,1,Semi-Furnished,2,7,7,1.3,4,30540000.0
Bangalore - HSR Layout,Apartment,2,1,637,8,24,0,1,Furnished,1,6,6,2.2,9,12280000.0
Pune - Koregaon Park,Independent House,3,3,1814,0,2,2,2,Furnished,2,5,4,0.5,6,34440000.0
Bangalore - Whitefield,Penthouse,4,5,3813,16,16,4,4,Unfurnished,2,8,5,1.2,7,68900000.0
Bangalore - Indiranagar,Apartment,1,1,1045,1,10,3,2,Semi-Furnished,0,9,6,2.9,6,25190000.0
Delhi NCR - Gurgaon Golf Course Rd,Villa,3,3,2475,0,1,3,3,Semi-Furnished,2,5,7,0.4,7,114890000.0
Chennai - Anna Nagar,Apartment,3,3,1326,24,29,2,1,Semi-Furnished,2,7,8,2.2,5,25390000.0
Hyderabad - Gachibowli,Apartment,2,2,1093,4,24,6,1,Unfurnished,2,6,8,1.4,7,12570000.0
Bangalore - Whitefield,Apartment,2,1,682,13,21,8,2,Semi-Furnished,2,7,7,0.4,8,7420000.0
Chennai - Adyar,Penthouse,3,4,2595,25,25,5,3,Furnished,3,5,7,6.8,4,81210000.0
Mumbai - Thane West,Apartment,3,2,1716,7,13,0,2,Furnished,0,8,5,1.1,3,25630000.0
Chennai - Adyar,Apartment,2,2,1081,2,6,7,2,Furnished,0,7,5,4.2,7,21260000.0
Bangalore - Whitefield,Apartment,2,1,1087,12,28,7,0,Unfurnished,2,7,8,7.3,4,9720000.0
Chennai - Adyar,Penthouse,3,3,2560,24,24,2,2,Semi-Furnished,2,6,6,0.6,6,80130000.0
Pune - Hinjewadi IT Park,Independent House,3,3,2255,0,2,2,1,Semi-Furnished,1,5,9,6.4,3,20250000.0
Mumbai - Navi Mumbai Vashi,Villa,5,4,3439,0,2,9,1,Semi-Furnished,3,7,7,2.7,6,70480000.0
Bangalore - Electronic City,Apartment,2,2,1070,12,24,0,1,Semi-Furnished,2,6,9,0.7,5,9320000.0
Mumbai - Thane West,Independent House,4,4,3027,0,1,6,3,Unfurnished,3,4,7,5.8,4,34890000.0
Hyderabad - Jubilee Hills,Apartment,3,3,1528,4,7,0,0,Semi-Furnished,3,5,9,1.3,7,42180000.0
Pune - Kalyani Nagar,Villa,4,4,3249,0,2,9,2,Furnished,2,7,6,15.0,5,64910000.0
Bangalore - Electronic City,Penthouse,5,5,4243,20,20,6,3,Furnished,3,7,6,0.4,4,54230000.0
Mumbai - Bandra West,Apartment,2,2,972,1,5,1,2,Semi-Furnished,2,5,5,2.4,8,36010000.0
Hyderabad - Gachibowli,Independent House,3,3,2158,0,2,0,2,Unfurnished,1,6,7,1.1,9,33710000.0
Hyderabad - HITEC City,Apartment,3,2,1443,8,25,1,2,Semi-Furnished,0,8,7,4.1,3,21690000.0
Delhi NCR - Gurgaon Cyber City,Apartment,4,4,1944,16,22,7,1,Unfurnished,2,6,4,3.2,5,34210000.0
Pune - Koregaon Park,Apartment,2,1,839,3,8,3,1,Semi-Furnished,1,6,5,3.6,6,14230000.0
Delhi NCR - Gurgaon Cyber City,Apartment,2,1,1252,10,19,3,1,Furnished,2,6,8,3.9,8,29660000.0
Delhi NCR - Noida Sector 62,Apartment,2,2,902,8,16,12,2,Furnished,2,7,6,0.7,8,7870000.0
Mumbai - Worli Sea Face,Independent House,5,5,3693,0,2,6,3,Furnished,4,8,9,1.4,9,280630000.0
Bangalore - Indiranagar,Apartment,2,2,1106,5,25,5,2,Semi-Furnished,3,8,5,3.4,6,22710000.0
Pune - Hinjewadi IT Park,Independent House,3,2,2128,0,2,2,1,Furnished,2,6,6,2.2,7,22740000.0
Pune - Wakad,Apartment,3,3,1818,5,5,0,1,Semi-Furnished,1,5,7,3.0,6,14090000.0
Mumbai - Navi Mumbai Vashi,Apartment,2,2,1277,1,4,1,1,Semi-Furnished,2,5,8,2.0,6,18620000.0
Delhi NCR - Noida Expressway,Villa,3,3,1935,0,1,14,2,Semi-Furnished,1,8,7,1.0,6,27880000.0
Chennai - OMR IT Corridor,Apartment,2,1,1250,5,18,2,1,Furnished,0,5,7,0.6,9,10500000.0
Mumbai - Andheri East,Apartment,2,1,1010,15,20,6,1,Semi-Furnished,2,5,7,5.3,5,20420000.0
Bangalore - HSR Layout,Independent House,3,3,2138,0,3,5,1,Semi-Furnished,4,9,7,1.8,8,48940000.0
Chennai - Anna Nagar,Apartment,3,3,1583,11,22,11,1,Semi-Furnished,2,8,7,0.9,4,25590000.0
Pune - Hinjewadi IT Park,Apartment,3,2,1377,8,24,13,0,Unfurnished,2,6,5,3.7,5,8360000.0
Delhi NCR - Gurgaon Cyber City,Apartment,2,2,1298,6,21,4,1,Furnished,2,7,5,1.4,5,23530000.0
Mumbai - Navi Mumbai Vashi,Studio,1,1,576,4,13,1,1,Unfurnished,0,6,5,5.5,4,6560000.0
Hyderabad - Madhapur,Independent House,3,2,2472,0,2,3,3,Semi-Furnished,3,7,7,7.1,6,40750000.0
Chennai - Anna Nagar,Independent House,3,3,2395,0,3,1,1,Semi-Furnished,3,6,6,2.9,6,43270000.0
Mumbai - Bandra West,Independent House,3,3,2672,0,2,1,2,Semi-Furnished,3,6,7,12.0,5,123230000.0
Hyderabad - Jubilee Hills,Apartment,3,3,1147,1,7,1,1,Semi-Furnished,1,7,6,6.4,3,29200000.0
Mumbai - Bandra West,Apartment,2,1,1337,7,15,4,2,Furnished,1,6,7,0.7,4,57270000.0
Pune - Hinjewadi IT Park,Villa,3,2,2301,0,1,5,3,Semi-Furnished,2,6,5,2.0,6,25500000.0
Delhi NCR - Noida Expressway,Apartment,2,1,1163,21,29,2,1,Semi-Furnished,1,10,4,2.1,6,14030000.0
Pune - Kalyani Nagar,Apartment,2,1,1092,7,10,4,1,Semi-Furnished,0,7,7,0.4,6,16740000.0
Delhi NCR - South Extension,Apartment,2,2,1090,10,13,15,1,Semi-Furnished,2,6,9,2.7,8,28440000.0
Hyderabad - Gachibowli,Apartment,3,3,1324,19,27,1,1,Unfurnished,2,6,6,1.8,8,16740000.0
Chennai - Adyar,Studio,1,1,581,8,9,3,1,Semi-Furnished,0,6,3,2.9,7,9040000.0
Chennai - OMR IT Corridor,Apartment,2,1,1059,11,19,8,1,Furnished,1,7,6,1.1,5,8830000.0
Hyderabad - Jubilee Hills,Apartment,1,1,730,9,22,5,1,Semi-Furnished,0,7,5,2.4,4,15840000.0
Pune - Kalyani Nagar,Apartment,1,1,559,5,19,0,1,Semi-Furnished,1,6,5,0.9,6,8250000.0
Delhi NCR - Gurgaon Cyber City,Studio,1,1,429,2,6,8,0,Unfurnished,1,8,6,1.6,4,6680000.0
Mumbai - Bandra West,Apartment,2,2,1188,14,27,7,2,Semi-Furnished,2,7,6,0.4,7,48870000.0
Mumbai - Andheri East,Apartment,2,2,1257,16,19,2,1,Unfurnished,0,8,7,1.3,2,34210000.0
Bangalore - Electronic City,Independent House,5,4,3731,0,2,1,3,Furnished,3,7,7,5.4,7,39660000.0
Mumbai - Worli Sea Face,Independent House,5,5,3276,0,2,2,1,Semi-Furnished,2,5,7,2.0,6,169730000.0
Mumbai - Bandra West,Apartment,3,2,1692,7,11,4,1,Unfurnished,2,7,5,3.3,9,67070000.0
Hyderabad - Gachibowli,Apartment,3,3,1475,10,18,1,1,Unfurnished,3,7,8,0.7,8,18340000.0
Pune - Koregaon Park,Apartment,2,2,1145,4,12,3,1,Semi-Furnished,2,6,4,11.2,2,15320000.0
Hyderabad - Madhapur,Apartment,2,2,976,17,28,0,0,Unfurnished,2,9,6,0.8,7,14320000.0
Bangalore - Indiranagar,Apartment,3,3,1931,17,17,2,1,Furnished,1,6,9,0.3,5,47400000.0
Pune - Kalyani Nagar,Apartment,3,3,1531,1,5,1,2,Unfurnished,2,4,7,5.1,7,18540000.0
Mumbai - Navi Mumbai Vashi,Apartment,1,1,503,7,7,13,0,Semi-Furnished,3,6,8,0.6,5,6650000.0
Mumbai - Navi Mumbai Vashi,Apartment,3,2,1047,4,16,0,1,Furnished,1,5,5,0.5,7,15560000.0
Bangalore - Indiranagar,Independent House,3,2,2706,0,3,0,2,Furnished,2,8,4,0.8,6,75650000.0
Mumbai - Worli Sea Face,Studio,1,1,616,5,6,20,0,Semi-Furnished,0,8,10,5.0,5,24080000.0
Hyderabad - Gachibowli,Independent House,4,4,3030,0,2,1,1,Furnished,1,5,7,2.1,4,41540000.0
Hyderabad - Madhapur,Apartment,3,3,1600,4,21,2,1,Semi-Furnished,2,8,8,1.2,8,24810000.0
Mumbai - Navi Mumbai Vashi,Apartment,2,1,1327,16,16,18,0,Furnished,2,6,9,1.3,3,18590000.0
Hyderabad - Gachibowli,Studio,1,1,484,7,22,8,0,Furnished,0,8,6,1.0,7,5580000.0
Mumbai - Navi Mumbai Vashi,Apartment,1,1,725,7,16,3,1,Semi-Furnished,3,7,3,1.4,4,8750000.0
Bangalore - HSR Layout,Apartment,1,1,965,13,25,7,2,Semi-Furnished,1,7,7,2.1,6,15280000.0
Bangalore - HSR Layout,Independent House,5,5,3022,0,2,13,1,Semi-Furnished,2,7,7,1.6,8,54460000.0
Pune - Wakad,Independent House,4,3,2640,0,3,5,3,Semi-Furnished,2,7,5,8.0,10,28020000.0
Pune - Kalyani Nagar,Independent House,5,4,3791,0,2,11,2,Unfurnished,2,8,4,3.9,8,66940000.0
Hyderabad - Gachibowli,Apartment,3,3,1395,6,21,4,0,Semi-Furnished,2,6,9,2.6,6,17830000.0
Delhi NCR - Noida Sector 62,Apartment,1,1,487,3,24,1,1,Semi-Furnished,1,6,7,3.0,8,4710000.0
Bangalore - Electronic City,Studio,1,1,351,8,22,25,1,Semi-Furnished,1,5,7,1.5,3,1800000.0
Delhi NCR - Noida Sector 62,Apartment,3,3,1491,4,16,13,2,Furnished,1,7,5,3.5,9,13760000.0
Mumbai - Bandra West,Independent House,4,4,2865,0,3,5,2,Furnished,2,6,7,1.1,8,154140000.0
Pune - Wakad,Independent House,4,3,2571,0,3,7,1,Semi-Furnished,2,8,5,3.6,5,23810000.0
Delhi NCR - Gurgaon Cyber City,Independent House,4,4,2777,0,3,0,2,Unfurnished,1,6,8,5.1,6,63570000.0
Delhi NCR - Gurgaon Cyber City,Apartment,3,2,1697,10,12,11,1,Furnished,1,7,5,3.4,9,33340000.0
Mumbai - Thane West,Apartment,2,1,883,1,11,6,1,Furnished,0,5,7,1.1,7,11890000.0
Mumbai - Bandra West,Independent House,3,2,2107,0,2,5,2,Furnished,2,7,6,0.8,5,110830000.0
Pune - Kalyani Nagar,Penthouse,5,6,4178,37,37,4,3,Unfurnished,4,7,7,5.0,9,114860000.0
Bangalore - Whitefield,Studio,1,1,381,2,4,2,0,Semi-Furnished,1,8,6,8.5,6,3680000.0
Mumbai - Andheri East,Apartment,2,2,1122,15,15,18,1,Furnished,1,5,8,1.6,6,24510000.0
Bangalore - Whitefield,Apartment,1,1,606,9,12,13,2,Semi-Furnished,3,7,9,2.2,7,6050000.0
Bangalore - Koramangala,Studio,1,1,467,7,8,3,0,Semi-Furnished,1,7,9,8.5,7,8500000.0
Chennai - Adyar,Independent House,3,3,1890,0,2,5,1,Semi-Furnished,1,9,6,8.4,7,49090000.0
Chennai - Adyar,Penthouse,4,4,3267,41,41,9,4,Furnished,4,6,6,1.5,7,110470000.0
Mumbai - Andheri East,Apartment,3,3,1982,12,22,2,2,Unfurnished,0,6,7,3.0,5,46970000.0
Hyderabad - Jubilee Hills,Independent House,4,4,3213,0,1,20,1,Semi-Furnished,2,6,9,0.3,8,92380000.0
Hyderabad - Jubilee Hills,Independent House,5,5,3669,0,3,1,1,Semi-Furnished,3,5,8,8.1,7,100150000.0
Mumbai - Worli Sea Face,Independent House,4,3,3090,0,2,0,3,Furnished,1,5,7,2.9,8,203910000.0
Pune - Hinjewadi IT Park,Apartment,2,2,1014,10,22,17,1,Semi-Furnished,2,9,9,2.8,3,8190000.0
Delhi NCR - Gurgaon Golf Course Rd,Apartment,3,2,1422,5,7,1,2,Semi-Furnished,0,8,5,1.3,7,51130000.0
Mumbai - Bandra West,Independent House,3,2,1713,0,2,18,1,Semi-Furnished,2,7,5,1.4,4,67950000.0
Hyderabad - Jubilee Hills,Apartment,2,2,1107,28,29,0,2,Furnished,1,6,6,3.8,1,29820000.0
Delhi NCR - Gurgaon Golf Course Rd,Apartment,1,1,450,1,15,9,0,Unfurnished,0,7,6,1.8,5,11100000.0
Mumbai - Navi Mumbai Vashi,Studio,1,1,513,2,24,3,0,Furnished,0,7,6,2.7,7,7530000.0
Chennai - OMR IT Corridor,Apartment,1,1,531,19,28,1,2,Semi-Furnished,1,9,7,1.9,8,5510000.0
Pune - Kalyani Nagar,Villa,5,5,3821,0,1,0,3,Unfurnished,3,6,7,0.7,4,84980000.0
Pune - Koregaon Park,Apartment,2,1,890,7,11,4,1,Semi-Furnished,1,7,6,7.9,4,13380000.0
Delhi NCR - Noida Expressway,Independent House,3,3,1825,0,2,1,2,Semi-Furnished,2,8,9,3.3,6,25620000.0
Hyderabad - Madhapur,Studio,1,1,390,10,15,9,1,Semi-Furnished,0,5,9,1.1,2,3590000.0
Delhi NCR - Noida Expressway,Apartment,3,3,1505,23,29,2,2,Semi-Furnished,1,6,5,2.8,8,14380000.0
Mumbai - Navi Mumbai Vashi,Apartment,2,2,1215,2,14,5,2,Unfurnished,1,6,7,0.7,10,19610000.0
Hyderabad - Gachibowli,Apartment,1,1,933,13,22,2,1,Furnished,2,7,6,0.3,8,13330000.0
Delhi NCR - Noida Sector 62,Apartment,1,1,892,19,19,0,1,Semi-Furnished,2,7,5,0.8,4,8840000.0
Mumbai - Andheri East,Villa,4,3,2370,0,2,2,2,Semi-Furnished,3,6,6,4.6,6,80180000.0
Delhi NCR - South Extension,Penthouse,6,7,5691,32,32,2,3,Semi-Furnished,4,7,6,1.5,5,290400000.0
Pune - Wakad,Apartment,3,3,1585,4,15,1,1,Semi-Furnished,3,7,9,0.4,9,18000000.0
Bangalore - Koramangala,Apartment,1,1,450,1,24,5,1,Semi-Furnished,2,7,7,0.9,8,10310000.0
Bangalore - Indiranagar,Apartment,2,1,1152,26,29,1,1,Unfurnished,1,7,10,3.4,8,28440000.0
Mumbai - Andheri East,Independent House,5,5,3422,0,3,3,1,Unfurnished,3,6,5,0.8,8,92270000.0
Bangalore - Indiranagar,Apartment,3,3,1838,5,6,3,1,Semi-Furnished,1,7,5,0.4,8,39040000.0
Pune - Hinjewadi IT Park,Independent House,4,4,2711,0,3,6,1,Semi-Furnished,4,4,7,9.4,7,19740000.0
Mumbai - Andheri East,Independent House,4,4,2661,0,2,0,2,Unfurnished,3,8,5,1.8,6,78060000.0
Pune - Hinjewadi IT Park,Independent House,3,3,2104,0,1,11,3,Furnished,1,6,8,6.0,7,21110000.0
Delhi NCR - Noida Expressway,Apartment,2,2,1151,16,29,1,2,Furnished,1,8,7,2.3,5,13480000.0
Pune - Wakad,Independent House,3,2,2494,0,2,2,1,Semi-Furnished,2,3,7,0.5,4,19490000.0
Mumbai - Andheri East,Apartment,3,3,1659,5,12,2,1,Unfurnished,2,6,9,2.5,7,41040000.0
Hyderabad - HITEC City,Apartment,2,1,916,4,4,0,1,Unfurnished,1,6,7,8.0,7,11120000.0
Chennai - OMR IT Corridor,Penthouse,5,5,4449,29,29,7,3,Semi-Furnished,3,6,5,0.9,3,48740000.0
Bangalore - Indiranagar,Independent House,4,4,2699,0,2,2,1,Furnished,2,7,6,1.4,7,70390000.0
Mumbai - Bandra West,Apartment,4,3,2089,10,25,1,0,Semi-Furnished,2,8,9,2.3,7,106430000.0
Chennai - Anna Nagar,Apartment,2,2,1377,1,18,4,1,Furnished,2,8,7,5.1,4,25000000.0
Delhi NCR - Noida Expressway,Apartment,3,3,1652,17,26,2,1,Furnished,2,7,7,0.6,7,19850000.0
Hyderabad - Madhapur,Apartment,3,3,1452,9,25,5,1,Semi-Furnished,1,5,6,5.9,4,14310000.0
Bangalore - HSR Layout,Apartment,4,4,2068,8,27,33,1,Furnished,1,8,6,0.9,8,28220000.0
Pune - Wakad,Apartment,3,3,1433,6,6,21,1,Unfurnished,2,7,6,0.4,7,9760000.0
Pune - Kalyani Nagar,Apartment,3,3,1805,9,10,0,1,Semi-Furnished,1,7,7,0.4,4,27160000.0
Mumbai - Navi Mumbai Vashi,Independent House,3,2,1975,0,2,1,2,Semi-Furnished,3,7,7,2.4,7,41580000.0
Mumbai - Thane West,Independent House,3,2,2522,0,1,11,1,Furnished,1,5,7,11.9,4,31430000.0
Bangalore - HSR Layout,Independent House,4,4,2773,0,2,0,1,Semi-Furnished,3,7,6,10.0,6,49870000.0
Chennai - Anna Nagar,Apartment,2,1,1206,1,4,15,0,Furnished,2,5,7,2.9,6,14420000.0
Pune - Kalyani Nagar,Studio,1,1,529,5,7,3,1,Unfurnished,0,9,8,3.3,7,7920000.0
Bangalore - HSR Layout,Villa,5,5,3338,0,2,1,3,Unfurnished,2,5,6,6.6,6,68240000.0
Pune - Kalyani Nagar,Villa,3,3,2625,0,2,11,2,Semi-Furnished,4,6,6,5.5,9,51670000.0
Hyderabad - HITEC City,Villa,4,4,2625,0,2,1,2,Furnished,2,6,8,7.0,10,59670000.0
Chennai - Anna Nagar,Penthouse,5,6,4394,43,43,3,3,Unfurnished,3,7,5,0.4,9,133200000.0
Mumbai - Navi Mumbai Vashi,Apartment,3,3,1556,3,5,1,1,Semi-Furnished,0,7,6,3.1,3,23810000.0
Mumbai - Andheri East,Apartment,2,2,979,1,4,6,1,Furnished,2,5,2,3.6,7,17990000.0
Bangalore - Indiranagar,Independent House,4,3,3324,0,2,7,1,Semi-Furnished,3,6,7,1.8,10,90510000.0
Hyderabad - Gachibowli,Villa,3,3,1940,0,2,9,3,Unfurnished,2,8,7,1.7,6,32650000.0
Mumbai - Andheri East,Independent House,3,3,2215,0,2,1,2,Furnished,2,7,7,5.2,8,70410000.0
Delhi NCR - Gurgaon Cyber City,Apartment,3,3,1816,11,23,3,1,Furnished,2,5,6,0.3,9,39000000.0
Delhi NCR - South Extension,Apartment,2,2,1210,20,20,1,2,Unfurnished,1,5,5,1.7,5,33510000.0
Delhi NCR - South Extension,Apartment,2,2,1337,4,16,6,1,Furnished,1,6,7,0.4,5,38030000.0
Pune - Koregaon Park,Penthouse,4,5,3477,34,34,1,2,Furnished,4,8,7,1.6,5,113400000.0
Delhi NCR - South Extension,Independent House,4,4,3162,0,2,5,2,Semi-Furnished,3,5,6,13.9,7,90570000.0
Pune - Wakad,Apartment,1,1,791,13,15,17,0,Unfurnished,2,5,6,2.3,5,4940000.0
Delhi NCR - Noida Expressway,Apartment,2,1,1347,9,26,10,2,Semi-Furnished,2,6,2,1.1,7,10960000.0
Chennai - OMR IT Corridor,Apartment,2,1,1106,5,20,1,1,Unfurnished,1,4,5,0.7,6,6680000.0
Hyderabad - Madhapur,Penthouse,5,6,4817,31,31,8,2,Semi-Furnished,4,7,6,7.1,4,93510000.0
Hyderabad - Madhapur,Independent House,3,2,2235,0,2,2,2,Furnished,2,6,5,0.5,4,34630000.0
Pune - Koregaon Park,Villa,3,2,2449,0,2,4,2,Unfurnished,1,6,8,3.1,4,55950000.0
Delhi NCR - South Extension,Apartment,2,2,1058,7,10,0,1,Semi-Furnished,3,7,8,0.4,5,33810000.0
Hyderabad - Jubilee Hills,Independent House,4,3,2550,0,3,3,3,Furnished,2,9,4,2.3,7,96040000.0
Pune - Koregaon Park,Apartment,2,2,1421,7,22,2,2,Semi-Furnished,3,6,4,4.5,8,24550000.0
Bangalore - Whitefield,Independent House,3,3,2684,0,3,4,2,Semi-Furnished,2,7,7,0.4,9,39510000.0
Mumbai - Thane West,Apartment,3,3,1221,7,18,7,1,Furnished,3,9,7,2.5,3,17940000.0
Bangalore - Whitefield,Apartment,2,2,1221,17,20,6,1,Furnished,2,6,5,1.7,6,13820000.0
Mumbai - Thane West,Independent House,4,4,3081,0,1,0,2,Semi-Furnished,2,6,4,1.0,7,50320000.0
Chennai - Anna Nagar,Penthouse,4,5,3552,21,21,1,3,Unfurnished,3,8,6,3.9,8,111710000.0
Chennai - OMR IT Corridor,Apartment,4,3,1921,2,14,0,2,Semi-Furnished,2,6,6,9.1,7,15420000.0
Mumbai - Worli Sea Face,Villa,3,2,1976,0,3,0,2,Unfurnished,1,6,8,15.0,6,125970000.0
Mumbai - Worli Sea Face,Apartment,3,3,1301,4,7,4,2,Furnished,2,6,4,5.8,5,56020000.0
Pune - Hinjewadi IT Park,Apartment,3,3,1573,2,15,13,2,Furnished,2,10,6,0.7,8,15990000.0
Chennai - Adyar,Apartment,3,3,1807,9,17,1,0,Furnished,1,7,7,0.6,8,40580000.0
Pune - Wakad,Apartment,2,2,850,10,26,13,0,Furnished,1,5,4,0.8,6,5400000.0
Pune - Wakad,Apartment,3,3,1408,21,26,2,1,Furnished,1,4,7,9.6,6,11260000.0
Hyderabad - Gachibowli,Apartment,3,2,1318,3,18,2,2,Unfurnished,1,5,4,0.5,6,13540000.0
Mumbai - Navi Mumbai Vashi,Apartment,2,1,1340,15,29,2,0,Unfurnished,2,7,8,7.8,6,21190000.0
Pune - Hinjewadi IT Park,Penthouse,3,3,2693,24,24,5,3,Unfurnished,2,9,6,3.0,5,38970000.0
Bangalore - HSR Layout,Apartment,1,1,630,7,22,16,1,Furnished,2,9,6,1.4,8,10440000.0
Hyderabad - Jubilee Hills,Villa,4,3,3138,0,2,1,2,Unfurnished,1,7,5,2.0,4,110570000.0
Hyderabad - Gachibowli,Apartment,2,2,1279,5,10,0,0,Semi-Furnished,2,8,7,1.2,7,17620000.0
Bangalore - Indiranagar,Independent House,5,4,3834,0,3,0,3,Furnished,2,8,9,0.6,8,126640000.0
Mumbai - Bandra West,Apartment,3,3,1534,14,14,6,0,Unfurnished,2,10,7,0.7,6,82510000.0
Mumbai - Navi Mumbai Vashi,Apartment,4,4,2435,1,17,32,1,Semi-Furnished,3,8,5,2.6,9,31600000.0
Bangalore - Electronic City,Apartment,2,2,1083,4,5,10,2,Furnished,2,5,6,0.7,6,7580000.0
Delhi NCR - Gurgaon Golf Course Rd,Apartment,1,1,747,14,27,8,2,Semi-Furnished,1,6,9,1.6,6,24830000.0
Chennai - Adyar,Apartment,1,1,580,4,8,0,1,Furnished,2,7,7,1.9,8,12950000.0
Delhi NCR - Noida Sector 62,Independent House,4,4,2856,0,2,4,2,Semi-Furnished,1,5,7,0.3,10,30560000.0
Mumbai - Andheri East,Penthouse,5,6,3975,31,31,0,4,Semi-Furnished,4,9,5,1.5,8,190850000.0
Pune - Kalyani Nagar,Villa,4,4,2799,0,3,1,1,Unfurnished,3,6,6,1.6,7,65310000.0
Delhi NCR - Noida Sector 62,Independent House,4,4,2574,0,1,6,1,Furnished,4,7,5,7.8,3,24250000.0
Chennai - Adyar,Apartment,2,1,944,6,7,9,1,Semi-Furnished,1,6,6,0.9,8,17970000.0
Delhi NCR - Gurgaon Cyber City,Apartment,1,1,776,14,22,1,1,Semi-Furnished,1,7,6,5.0,5,15300000.0
Bangalore - Electronic City,Apartment,3,2,1400,1,5,0,1,Semi-Furnished,2,6,7,6.8,9,10230000.0
Chennai - Adyar,Apartment,3,3,1962,2,22,3,0,Semi-Furnished,1,7,7,5.1,8,41610000.0
Chennai - OMR IT Corridor,Apartment,4,4,1982,8,15,6,1,Semi-Furnished,1,10,5,10.1,7,18230000.0
Delhi NCR - Noida Expressway,Apartment,3,3,1240,6,6,1,1,Unfurnished,1,6,8,5.7,3,10220000.0
Chennai - OMR IT Corridor,Apartment,3,3,1294,1,15,9,2,Unfurnished,2,8,6,9.6,8,9740000.0
Hyderabad - Jubilee Hills,Apartment,3,3,1621,7,12,9,2,Unfurnished,2,5,6,0.9,10,36430000.0
Delhi NCR - Noida Expressway,Villa,4,3,3285,0,3,6,2,Unfurnished,3,6,5,6.0,8,40300000.0
Chennai - Anna Nagar,Villa,4,4,3365,0,2,3,3,Semi-Furnished,4,6,6,3.0,6,81720000.0
Delhi NCR - South Extension,Apartment,3,3,1470,19,20,5,1,Unfurnished,1,7,5,4.3,5,40310000.0
Pune - Koregaon Park,Penthouse,3,4,2297,15,15,0,3,Semi-Furnished,3,8,8,0.8,8,90960000.0
Pune - Kalyani Nagar,Studio,1,1,531,8,15,30,0,Semi-Furnished,1,7,6,3.1,6,5550000.0
Chennai - Adyar,Apartment,4,4,2011,12,23,2,1,Semi-Furnished,2,5,4,5.0,6,35650000.0
Mumbai - Thane West,Apartment,3,3,1587,4,9,11,2,Semi-Furnished,1,6,7,4.2,9,20530000.0
Mumbai - Bandra West,Apartment,2,2,972,4,8,2,1,Furnished,2,8,5,2.8,10,43710000.0
Bangalore - Whitefield,Studio,1,1,460,8,17,2,0,Unfurnished,1,7,5,11.2,5,3580000.0
Pune - Kalyani Nagar,Penthouse,4,4,3599,24,24,19,2,Semi-Furnished,3,6,6,11.9,3,60190000.0
Mumbai - Worli Sea Face,Apartment,1,1,493,2,28,4,0,Furnished,0,5,7,2.6,8,25040000.0
Hyderabad - HITEC City,Apartment,2,1,1070,25,27,1,1,Semi-Furnished,2,10,7,0.5,8,19440000.0
Delhi NCR - Noida Expressway,Apartment,3,3,1547,10,16,0,0,Furnished,2,7,9,1.0,3,17650000.0
Delhi NCR - Noida Expressway,Apartment,2,1,914,4,11,7,1,Furnished,1,6,6,2.3,7,8870000.0
Chennai - Anna Nagar,Apartment,3,2,1735,5,6,2,2,Furnished,2,7,7,1.8,3,27460000.0
Hyderabad - Jubilee Hills,Villa,3,3,2203,0,1,9,3,Semi-Furnished,3,6,4,0.9,6,75810000.0
Delhi NCR - Noida Sector 62,Independent House,3,3,2726,0,2,12,3,Semi-Furnished,3,6,7,0.5,6,27640000.0
Chennai - Adyar,Villa,5,5,3821,0,2,1,2,Unfurnished,2,6,6,7.1,8,101860000.0
Hyderabad - Madhapur,Villa,3,2,2208,0,2,4,2,Semi-Furnished,1,6,4,3.7,7,35900000.0
Delhi NCR - Noida Sector 62,Villa,3,2,2559,0,1,3,2,Semi-Furnished,1,8,5,0.8,6,35190000.0
Chennai - Anna Nagar,Apartment,1,1,728,6,26,2,1,Semi-Furnished,2,8,6,1.7,7,14110000.0
Mumbai - Andheri East,Independent House,5,5,3336,0,2,7,3,Semi-Furnished,3,9,7,0.3,6,111950000.0
Delhi NCR - Gurgaon Cyber City,Apartment,2,2,827,6,9,2,1,Semi-Furnished,3,4,7,2.0,7,14520000.0
Chennai - Adyar,Independent House,4,4,2855,0,2,3,2,Furnished,2,8,5,3.6,5,68990000.0
Delhi NCR - Noida Sector 62,Apartment,3,3,1451,4,14,8,1,Furnished,2,6,9,7.2,7,13460000.0
Chennai - Anna Nagar,Independent House,3,2,3194,0,1,0,2,Unfurnished,3,3,4,0.7,6,49270000.0
Pune - Wakad,Apartment,2,2,1267,1,4,10,2,Semi-Furnished,1,9,8,4.6,5,11110000.0
Bangalore - Koramangala,Apartment,3,2,1321,4,24,6,0,Furnished,2,7,8,0.9,8,30900000.0
Mumbai - Worli Sea Face,Apartment,2,1,1433,1,8,8,1,Furnished,1,7,5,0.7,8,71030000.0
Delhi NCR - Noida Expressway,Apartment,2,2,1501,4,7,7,0,Unfurnished,1,8,7,2.9,6,13830000.0
Hyderabad - Madhapur,Independent House,4,4,3224,0,2,27,2,Unfurnished,1,8,8,2.3,8,41480000.0
Delhi NCR - Noida Sector 62,Independent House,3,3,2646,0,1,5,2,Semi-Furnished,3,8,5,1.3,8,29260000.0
Delhi NCR - South Extension,Apartment,1,1,507,6,20,2,2,Semi-Furnished,3,7,7,0.5,7,14920000.0
Delhi NCR - Noida Expressway,Apartment,3,3,1403,13,23,15,1,Semi-Furnished,2,9,6,1.4,6,13870000.0
Delhi NCR - Gurgaon Cyber City,Apartment,2,2,1117,8,25,11,1,Unfurnished,1,5,7,6.3,7,17340000.0
Pune - Hinjewadi IT Park,Apartment,1,1,594,9,11,2,1,Unfurnished,1,7,8,5.6,5,4570000.0
Chennai - Adyar,Apartment,2,2,1500,3,13,1,1,Furnished,1,7,6,1.4,6,32220000.0
Bangalore - Indiranagar,Penthouse,5,5,4569,26,27,1,4,Unfurnished,2,6,7,7.6,3,142600000.0
Mumbai - Worli Sea Face,Apartment,2,2,1321,5,29,3,1,Furnished,1,6,6,9.0,5,60600000.0
Pune - Wakad,Apartment,3,2,1451,5,22,7,2,Furnished,1,6,7,1.0,6,13160000.0
Delhi NCR - Noida Expressway,Apartment,3,3,1605,6,15,0,2,Semi-Furnished,1,3,7,1.0,9,14480000.0
Chennai - OMR IT Corridor,Apartment,3,3,1263,16,28,0,1,Semi-Furnished,2,6,6,1.6,4,9990000.0
Hyderabad - Madhapur,Apartment,2,2,1202,9,21,8,1,Unfurnished,2,6,6,1.3,7,12530000.0
Mumbai - Navi Mumbai Vashi,Independent House,3,3,1813,0,2,5,1,Furnished,3,6,8,6.6,7,34500000.0
Bangalore - HSR Layout,Apartment,1,1,554,12,14,1,1,Semi-Furnished,1,5,7,2.5,4,8790000.0
Bangalore - Koramangala,Apartment,1,1,450,11,11,0,0,Unfurnished,2,5,9,2.2,9,9930000.0
Chennai - OMR IT Corridor,Apartment,3,3,2046,12,14,16,1,Unfurnished,2,7,8,0.6,3,13210000.0
Pune - Kalyani Nagar,Apartment,3,3,1259,15,28,1,0,Furnished,2,6,6,1.5,6,23660000.0
Bangalore - Koramangala,Apartment,2,1,831,16,16,3,0,Semi-Furnished,2,7,6,0.4,9,21150000.0
Hyderabad - Jubilee Hills,Studio,1,1,590,6,12,3,0,Semi-Furnished,1,10,9,0.3,5,16780000.0
Chennai - Adyar,Independent House,3,2,2758,0,2,0,1,Furnished,4,7,8,7.7,8,70510000.0
Delhi NCR - Gurgaon Golf Course Rd,Apartment,3,3,1432,10,10,0,1,Unfurnished,3,5,6,0.4,8,43980000.0
Chennai - OMR IT Corridor,Apartment,2,1,861,10,28,10,1,Unfurnished,1,6,2,1.5,9,5560000.0
Pune - Kalyani Nagar,Apartment,3,3,1468,3,29,1,1,Furnished,3,9,7,4.5,8,28650000.0
Delhi NCR - Gurgaon Cyber City,Apartment,3,3,1782,12,15,2,1,Furnished,2,5,6,0.5,6,37980000.0
Hyderabad - HITEC City,Independent House,3,2,2356,0,1,1,2,Furnished,2,6,5,4.0,5,34140000.0
Chennai - OMR IT Corridor,Independent House,4,4,2966,0,2,7,1,Unfurnished,4,6,7,2.2,6,23520000.0
Mumbai - Thane West,Apartment,2,2,1198,4,17,0,1,Furnished,1,7,5,0.8,10,19320000.0
Bangalore - HSR Layout,Apartment,3,2,1843,3,7,4,2,Semi-Furnished,3,7,6,8.5,6,29530000.0
Mumbai - Worli Sea Face,Apartment,1,1,602,2,12,0,2,Semi-Furnished,3,7,5,6.3,3,27720000.0
Bangalore - Electronic City,Penthouse,6,6,4920,24,24,7,2,Semi-Furnished,3,6,6,0.9,5,58310000.0
Delhi NCR - Gurgaon Cyber City,Independent House,4,3,2944,0,1,0,2,Furnished,2,8,6,1.1,8,97320000.0
Pune - Hinjewadi IT Park,Apartment,2,1,1151,2,6,10,2,Furnished,1,8,7,5.5,3,9410000.0
Delhi NCR - Noida Expressway,Apartment,3,2,1729,11,17,1,1,Unfurnished,1,8,7,5.7,8,19720000.0
Mumbai - Thane West,Independent House,5,5,3168,0,2,4,1,Unfurnished,3,8,7,0.5,5,60080000.0
Delhi NCR - Noida Expressway,Apartment,2,2,992,8,10,2,1,Unfurnished,1,9,5,10.1,6,10560000.0
Hyderabad - Jubilee Hills,Apartment,4,4,2261,15,22,7,0,Furnished,2,6,7,0.9,8,62620000.0
Mumbai - Andheri East,Apartment,2,2,1090,3,28,0,0,Semi-Furnished,2,5,7,14.5,6,22140000.0
Delhi NCR - Noida Expressway,Independent House,3,3,2013,0,2,0,2,Semi-Furnished,1,7,7,7.4,8,26050000.0
Bangalore - Whitefield,Apartment,2,2,1176,2,13,8,1,Furnished,1,6,4,0.8,6,9740000.0
Bangalore - Whitefield,Apartment,2,2,1680,1,22,14,1,Unfurnished,2,8,9,10.4,5,15350000.0
Pune - Kalyani Nagar,Penthouse,3,4,2828,23,23,4,3,Semi-Furnished,3,6,6,4.9,9,73190000.0
Delhi NCR - Gurgaon Golf Course Rd,Apartment,3,2,1587,10,10,2,2,Furnished,1,6,8,5.1,3,52730000.0
Pune - Wakad,Apartment,1,1,628,3,6,0,1,Unfurnished,2,7,7,1.2,5,5650000.0
Bangalore - HSR Layout,Apartment,2,1,1037,2,11,1,1,Unfurnished,1,4,7,1.1,7,13600000.0
Bangalore - Electronic City,Apartment,3,2,1840,5,17,2,1,Furnished,1,6,8,4.6,6,14120000.0
Mumbai - Navi Mumbai Vashi,Villa,3,3,2768,0,2,2,1,Semi-Furnished,2,9,8,4.3,9,80740000.0
Bangalore - Indiranagar,Apartment,2,2,1112,9,15,8,2,Semi-Furnished,2,7,7,1.6,7,25070000.0
Hyderabad - HITEC City,Apartment,1,1,656,16,27,1,1,Semi-Furnished,1,3,8,2.1,7,8510000.0
Chennai - Adyar,Apartment,2,2,996,9,18,14,0,Furnished,2,6,6,2.5,7,18400000.0
Mumbai - Andheri East,Independent House,4,3,3084,0,2,1,2,Semi-Furnished,3,7,6,2.9,6,97300000.0
Chennai - Anna Nagar,Independent House,3,2,2452,0,1,2,1,Unfurnished,2,8,6,2.6,7,51800000.0
Delhi NCR - Gurgaon Cyber City,Apartment,2,2,812,10,15,5,1,Semi-Furnished,3,6,6,1.2,7,16030000.0
Bangalore - Indiranagar,Apartment,4,3,2094,15,17,5,1,Furnished,1,7,7,0.7,2,47740000.0
Mumbai - Navi Mumbai Vashi,Independent House,3,3,2474,0,2,1,2,Semi-Furnished,2,6,7,2.0,6,49130000.0
Chennai - OMR IT Corridor,Apartment,2,1,954,16,18,3,0,Semi-Furnished,1,5,8,6.5,5,6800000.0
Mumbai - Bandra West,Villa,3,3,2207,0,2,4,1,Unfurnished,2,8,5,0.4,10,149790000.0
Hyderabad - Gachibowli,Villa,5,5,3604,0,3,9,1,Semi-Furnished,1,7,7,2.8,7,62750000.0
Hyderabad - Jubilee Hills,Villa,4,4,2999,0,2,9,2,Furnished,1,5,7,3.8,7,105640000.0
Hyderabad - Gachibowli,Apartment,3,3,1575,15,26,7,0,Furnished,2,7,7,1.0,6,21900000.0
Bangalore - Indiranagar,Apartment,1,1,642,6,23,7,2,Semi-Furnished,2,10,5,3.1,7,16080000.0
Bangalore - Indiranagar,Villa,4,3,3509,0,2,3,2,Furnished,3,5,4,1.5,6,101240000.0
Hyderabad - Madhapur,Apartment,3,2,2091,2,9,14,1,Semi-Furnished,3,7,6,14.4,4,22490000.0
Pune - Koregaon Park,Apartment,3,3,1460,5,9,3,1,Furnished,2,6,6,1.9,5,25010000.0
Mumbai - Thane West,Villa,3,3,2319,0,1,7,2,Semi-Furnished,2,8,5,2.1,9,52410000.0
Delhi NCR - South Extension,Penthouse,4,5,3775,31,31,10,3,Semi-Furnished,3,6,7,0.4,6,163430000.0
Chennai - Anna Nagar,Apartment,2,2,982,19,28,1,1,Unfurnished,2,6,8,1.6,3,14790000.0
Hyderabad - Madhapur,Apartment,3,3,1714,5,19,1,1,Unfurnished,1,7,8,0.8,5,24370000.0
Bangalore - Electronic City,Apartment,2,2,1074,5,17,8,0,Furnished,2,5,8,0.7,2,6620000.0
Hyderabad - Madhapur,Villa,3,2,2352,0,2,2,2,Semi-Furnished,2,9,7,0.5,5,53990000.0
Mumbai - Worli Sea Face,Penthouse,3,3,2597,16,17,8,3,Furnished,2,9,8,11.2,8,253720000.0
Pune - Wakad,Apartment,2,1,1099,19,23,6,1,Semi-Furnished,1,6,8,1.4,7,10430000.0
Bangalore - Whitefield,Apartment,2,2,1289,15,28,3,1,Semi-Furnished,1,6,8,0.8,9,14840000.0
Mumbai - Navi Mumbai Vashi,Penthouse,3,3,3139,43,43,0,2,Unfurnished,2,5,5,2.9,4,64720000.0
Mumbai - Thane West,Apartment,2,2,1275,10,19,4,1,Unfurnished,1,5,6,13.0,7,13480000.0
Chennai - Anna Nagar,Apartment,3,3,1679,9,22,3,1,Semi-Furnished,3,6,5,0.3,5,25790000.0
Bangalore - Indiranagar,Studio,1,1,380,9,24,0,0,Semi-Furnished,1,7,10,0.5,5,7980000.0
Mumbai - Andheri East,Apartment,2,2,1028,2,4,9,1,Unfurnished,2,8,6,3.7,7,23010000.0
Hyderabad - HITEC City,Independent House,4,3,2652,0,2,12,1,Unfurnished,2,5,8,2.1,8,36250000.0
Delhi NCR - South Extension,Apartment,4,4,1902,15,24,5,1,Furnished,1,8,7,8.7,5,66270000.0
Mumbai - Thane West,Apartment,3,3,1303,18,27,4,1,Semi-Furnished,1,4,8,7.4,7,14510000.0
Delhi NCR - Noida Expressway,Villa,3,3,2036,0,1,0,2,Semi-Furnished,3,6,6,6.7,9,32410000.0
Bangalore - Indiranagar,Apartment,2,2,1295,18,28,7,0,Furnished,0,6,7,1.0,8,28500000.0
Hyderabad - Jubilee Hills,Studio,1,1,512,5,11,2,1,Furnished,1,7,5,1.0,8,13440000.0
Pune - Kalyani Nagar,Apartment,2,1,985,16,21,5,1,Furnished,1,8,8,8.9,2,16160000.0
Chennai - Anna Nagar,Apartment,4,4,1989,2,7,0,0,Semi-Furnished,1,6,7,9.2,6,29820000.0
Bangalore - Indiranagar,Apartment,2,2,713,2,17,1,1,Furnished,1,8,6,2.3,5,16650000.0
Pune - Wakad,Apartment,1,1,776,6,23,5,1,Furnished,0,6,7,1.5,5,6920000.0
Chennai - OMR IT Corridor,Apartment,4,3,2133,3,6,0,0,Furnished,1,7,6,4.2,5,18000000.0
Mumbai - Andheri East,Apartment,1,1,613,6,11,7,2,Unfurnished,1,8,5,1.2,6,13450000.0
Delhi NCR - Noida Expressway,Apartment,2,2,1254,8,10,2,1,Unfurnished,3,8,8,1.4,4,12050000.0
Delhi NCR - South Extension,Apartment,2,2,1202,20,26,1,2,Semi-Furnished,1,6,5,5.1,6,35370000.0
Bangalore - Whitefield,Independent House,3,2,2333,0,3,0,2,Semi-Furnished,1,10,6,2.4,7,37170000.0
Chennai - Adyar,Independent House,3,2,2038,0,2,0,2,Unfurnished,4,7,8,1.4,8,52320000.0
Pune - Wakad,Independent House,4,4,2994,0,2,3,1,Furnished,2,8,6,2.6,8,36210000.0
Delhi NCR - Gurgaon Cyber City,Apartment,3,3,1708,1,4,8,0,Furnished,0,8,5,4.9,8,35110000.0
Delhi NCR - Gurgaon Golf Course Rd,Apartment,4,3,1893,16,19,9,1,Furnished,1,6,7,0.8,5,59950000.0
Mumbai - Navi Mumbai Vashi,Independent House,3,2,2335,0,2,0,3,Furnished,3,9,8,5.5,4,54600000.0
Bangalore - Indiranagar,Apartment,3,3,1602,13,13,2,1,Semi-Furnished,2,7,6,0.5,5,35440000.0
Chennai - Adyar,Apartment,2,2,1266,6,18,12,2,Unfurnished,1,4,5,0.8,5,16470000.0
Hyderabad - Jubilee Hills,Villa,3,2,2424,0,1,4,3,Semi-Furnished,2,8,9,1.1,7,114570000.0
Mumbai - Thane West,Villa,3,2,2452,0,3,1,1,Semi-Furnished,2,6,8,2.3,5,47640000.0
Pune - Wakad,Apartment,3,3,1631,3,4,13,2,Unfurnished,0,8,7,2.8,6,13200000.0
Hyderabad - HITEC City,Apartment,3,2,1502,6,14,7,0,Furnished,1,5,6,0.5,5,16160000.0
Mumbai - Bandra West,Villa,4,4,2712,0,2,2,2,Furnished,2,7,8,0.8,6,197060000.0
Hyderabad - HITEC City,Independent House,3,3,2967,0,2,8,2,Semi-Furnished,2,7,7,0.6,4,44610000.0
Pune - Kalyani Nagar,Villa,4,4,2738,0,2,2,2,Semi-Furnished,2,9,8,0.6,4,74220000.0
Delhi NCR - Gurgaon Golf Course Rd,Villa,4,4,2696,0,2,12,2,Furnished,1,6,7,1.4,4,112260000.0
Delhi NCR - Noida Expressway,Villa,3,3,2444,0,2,5,1,Semi-Furnished,3,8,8,1.2,7,39630000.0
Mumbai - Bandra West,Apartment,3,3,1850,14,17,4,0,Semi-Furnished,3,6,7,2.8,5,78460000.0
Chennai - Adyar,Apartment,2,2,1206,6,6,0,1,Semi-Furnished,1,8,8,1.6,7,28460000.0
Delhi NCR - Noida Sector 62,Independent House,4,3,3004,0,2,10,2,Semi-Furnished,1,10,4,3.2,8,36050000.0
Bangalore - Indiranagar,Independent House,5,5,3715,0,1,0,1,Semi-Furnished,1,8,5,6.8,6,95900000.0
Mumbai - Navi Mumbai Vashi,Villa,4,4,2730,0,2,1,3,Furnished,4,6,8,4.7,7,74210000.0
Delhi NCR - South Extension,Apartment,2,2,1631,1,11,7,2,Semi-Furnished,1,7,7,1.1,9,51620000.0
Mumbai - Thane West,Apartment,3,2,1533,8,10,4,1,Furnished,2,6,6,0.4,10,22460000.0
Delhi NCR - Gurgaon Cyber City,Penthouse,4,4,3774,40,40,9,2,Unfurnished,2,6,6,4.0,9,116900000.0
Delhi NCR - South Extension,Villa,4,4,2931,0,3,6,1,Semi-Furnished,3,8,7,1.2,5,131150000.0
Mumbai - Worli Sea Face,Penthouse,4,4,4183,36,36,9,3,Semi-Furnished,4,6,3,7.2,7,272620000.0
Mumbai - Bandra West,Villa,3,3,1997,0,3,1,1,Semi-Furnished,4,7,7,4.4,6,124830000.0
Bangalore - Indiranagar,Independent House,3,3,2275,0,2,10,3,Semi-Furnished,2,7,7,1.6,8,53460000.0
Pune - Hinjewadi IT Park,Independent House,3,3,2561,0,3,10,2,Semi-Furnished,2,8,6,0.4,4,24750000.0
Chennai - Anna Nagar,Penthouse,3,4,2785,42,42,13,3,Unfurnished,3,7,4,0.8,8,72290000.0
Bangalore - HSR Layout,Apartment,3,3,1543,5,25,23,1,Unfurnished,2,7,7,0.8,4,18330000.0
Mumbai - Navi Mumbai Vashi,Independent House,4,4,2519,0,2,3,3,Semi-Furnished,4,6,7,8.4,6,44760000.0
Hyderabad - Madhapur,Apartment,1,1,742,5,19,4,2,Furnished,1,7,5,4.7,7,10450000.0
Bangalore - HSR Layout,Apartment,3,3,1498,10,15,2,0,Semi-Furnished,1,5,10,14.0,4,21070000.0
Delhi NCR - Gurgaon Golf Course Rd,Independent House,5,5,3715,0,2,4,3,Semi-Furnished,2,7,5,2.0,4,120730000.0
Mumbai - Andheri East,Apartment,2,1,1088,9,15,1,1,Furnished,1,5,7,5.7,9,28440000.0
Delhi NCR - Gurgaon Cyber City,Apartment,2,2,1125,12,28,10,2,Furnished,2,9,7,1.3,5,27670000.0
Bangalore - Whitefield,Apartment,2,1,1351,5,20,0,1,Unfurnished,2,7,7,1.5,6,14950000.0
Mumbai - Andheri East,Apartment,2,2,1180,14,20,4,0,Furnished,2,5,6,11.1,7,25070000.0
Hyderabad - HITEC City,Apartment,2,2,1105,14,25,4,1,Semi-Furnished,2,8,6,9.6,8,14950000.0
Mumbai - Bandra West,Apartment,2,2,1147,7,28,3,2,Semi-Furnished,1,10,8,7.9,5,58670000.0
Mumbai - Navi Mumbai Vashi,Penthouse,4,4,3665,16,16,8,4,Semi-Furnished,3,8,8,1.8,8,117110000.0
Bangalore - Electronic City,Apartment,3,3,1751,16,20,2,0,Furnished,1,7,6,0.3,7,16440000.0
Pune - Kalyani Nagar,Apartment,2,2,1084,4,13,1,0,Unfurnished,3,4,9,1.7,6,14350000.0
Bangalore - Electronic City,Apartment,3,3,1487,5,22,1,1,Semi-Furnished,0,5,7,2.0,8,10550000.0
Delhi NCR - South Extension,Independent House,5,4,3328,0,2,2,3,Semi-Furnished,2,4,6,0.9,6,96960000.0
Delhi NCR - Noida Expressway,Apartment,2,2,1159,14,14,4,2,Semi-Furnished,2,8,5,1.0,5,13620000.0
Chennai - Anna Nagar,Villa,4,4,3138,0,1,10,3,Semi-Furnished,2,7,7,3.2,9,82490000.0
Bangalore - Indiranagar,Independent House,4,3,2741,0,3,3,1,Unfurnished,3,4,6,5.6,7,48980000.0
Hyderabad - Madhapur,Villa,3,3,2521,0,2,6,2,Semi-Furnished,2,8,7,1.2,5,54840000.0
Mumbai - Worli Sea Face,Apartment,3,3,1329,4,9,2,0,Semi-Furnished,1,7,5,1.4,8,63620000.0
Pune - Kalyani Nagar,Independent House,4,4,2766,0,2,0,2,Unfurnished,3,7,8,2.7,8,55880000.0
Mumbai - Navi Mumbai Vashi,Apartment,2,2,1219,5,27,2,0,Semi-Furnished,2,7,8,5.2,6,19890000.0
Delhi NCR - Gurgaon Golf Course Rd,Penthouse,5,6,4048,21,21,1,4,Furnished,2,9,7,11.7,3,252200000.0
Pune - Hinjewadi IT Park,Independent House,3,2,2414,0,3,0,2,Furnished,1,7,7,0.7,5,28010000.0
Delhi NCR - Noida Sector 62,Apartment,2,1,1056,4,7,6,2,Unfurnished,0,7,5,2.8,7,8780000.0
Hyderabad - Gachibowli,Apartment,2,2,939,17,21,1,0,Semi-Furnished,1,3,5,3.5,10,9740000.0
Chennai - Anna Nagar,Apartment,2,2,1225,29,29,11,0,Semi-Furnished,1,7,6,11.9,9,18460000.0
Delhi NCR - South Extension,Independent House,5,4,3516,0,2,4,2,Semi-Furnished,2,7,4,1.7,5,115470000.0
Bangalore - Electronic City,Apartment,2,2,1222,4,28,0,0,Furnished,1,8,7,1.5,6,10990000.0
Mumbai - Andheri East,Independent House,3,3,1672,0,2,0,2,Semi-Furnished,4,6,9,3.5,6,53730000.0
Delhi NCR - Gurgaon Golf Course Rd,Apartment,2,2,990,5,14,0,0,Furnished,1,5,7,2.3,5,32950000.0
Mumbai - Worli Sea Face,Independent House,3,3,2153,0,3,7,2,Semi-Furnished,2,8,6,1.0,6,136910000.0
Mumbai - Worli Sea Face,Villa,5,5,3908,0,1,0,3,Semi-Furnished,3,5,7,2.3,6,265490000.0
Mumbai - Bandra West,Villa,3,3,1890,0,1,0,2,Semi-Furnished,2,8,7,5.0,8,138030000.0
Bangalore - Whitefield,Villa,3,3,2426,0,2,13,2,Semi-Furnished,2,5,6,2.5,5,29410000.0
Hyderabad - Jubilee Hills,Apartment,4,4,2299,7,17,3,1,Unfurnished,2,7,4,3.9,4,54150000.0
Bangalore - Whitefield,Apartment,2,1,1142,3,28,1,0,Semi-Furnished,3,5,7,1.9,9,12140000.0
Delhi NCR - South Extension,Independent House,3,3,2101,0,2,0,3,Furnished,2,6,6,5.7,5,69010000.0
Bangalore - Electronic City,Apartment,3,2,1583,4,19,16,0,Furnished,1,6,6,0.9,4,9870000.0
Mumbai - Navi Mumbai Vashi,Apartment,2,2,1161,13,26,24,2,Semi-Furnished,0,7,7,0.7,9,15810000.0
Delhi NCR - Noida Sector 62,Apartment,2,2,1130,17,27,12,1,Unfurnished,3,6,6,0.6,8,10100000.0
Mumbai - Worli Sea Face,Apartment,3,3,1316,4,12,2,1,Unfurnished,3,3,7,7.9,8,47890000.0
Hyderabad - Gachibowli,Apartment,3,3,1763,4,7,3,1,Unfurnished,1,7,7,3.4,7,22070000.0
Mumbai - Navi Mumbai Vashi,Penthouse,4,5,3582,22,22,2,3,Semi-Furnished,2,8,7,2.4,9,109050000.0
Mumbai - Navi Mumbai Vashi,Apartment,4,4,2032,3,29,3,1,Semi-Furnished,1,6,5,0.5,8,29970000.0
Pune - Wakad,Apartment,1,1,594,6,16,4,1,Semi-Furnished,2,6,6,1.6,6,4740000.0
Delhi NCR - Noida Sector 62,Apartment,3,3,1689,6,11,2,1,Furnished,3,6,7,0.7,4,14220000.0
Chennai - Adyar,Independent House,4,4,2882,0,2,1,3,Furnished,2,8,7,1.2,8,90660000.0
Mumbai - Thane West,Apartment,1,1,579,4,8,4,1,Unfurnished,3,5,6,2.2,5,6090000.0
Chennai - OMR IT Corridor,Penthouse,6,6,5553,19,20,2,3,Furnished,3,7,8,4.5,6,88370000.0
Delhi NCR - Gurgaon Cyber City,Penthouse,5,5,4907,14,15,5,3,Furnished,2,7,8,0.4,5,190560000.0
Bangalore - HSR Layout,Apartment,3,2,1697,2,4,0,1,Furnished,3,6,6,6.2,8,26310000.0
Chennai - OMR IT Corridor,Penthouse,4,4,3219,26,26,4,3,Unfurnished,4,7,5,2.7,5,37500000.0
Pune - Hinjewadi IT Park,Studio,1,1,500,2,18,1,0,Semi-Furnished,0,8,6,1.4,7,4190000.0
Bangalore - Whitefield,Villa,3,3,2137,0,2,1,2,Semi-Furnished,4,7,7,2.3,5,33340000.0
Bangalore - Whitefield,Villa,3,3,2042,0,3,6,2,Unfurnished,3,8,8,2.6,5,32800000.0
Bangalore - Koramangala,Apartment,3,2,1432,6,12,0,1,Semi-Furnished,2,5,7,2.7,7,28510000.0
Bangalore - Whitefield,Apartment,2,1,1083,1,6,2,0,Semi-Furnished,2,7,6,9.2,10,12080000.0
Delhi NCR - Noida Sector 62,Apartment,3,3,1700,3,6,4,1,Furnished,2,7,9,0.8,8,19780000.0
Pune - Wakad,Apartment,2,2,959,13,15,3,2,Furnished,2,6,6,4.3,7,8920000.0
Bangalore - Indiranagar,Studio,1,1,546,8,10,2,0,Unfurnished,0,5,7,4.8,5,7860000.0
Mumbai - Bandra West,Apartment,2,2,1341,17,17,23,1,Semi-Furnished,1,7,7,0.4,5,48040000.0
Hyderabad - Madhapur,Villa,5,5,3102,0,2,6,2,Semi-Furnished,2,6,6,1.4,7,55770000.0
Delhi NCR - Noida Expressway,Villa,3,2,2228,0,3,12,2,Semi-Furnished,3,10,7,3.7,7,35730000.0
Mumbai - Bandra West,Villa,3,2,2812,0,2,5,3,Semi-Furnished,2,5,6,7.7,4,144450000.0
Chennai - OMR IT Corridor,Studio,1,1,491,6,9,14,1,Furnished,1,6,6,0.4,4,3090000.0
Pune - Kalyani Nagar,Apartment,2,1,1401,5,7,0,1,Furnished,1,6,5,6.3,6,21100000.0
Mumbai - Bandra West,Apartment,2,2,1158,4,7,6,1,Furnished,2,7,7,0.4,6,51400000.0
Delhi NCR - Noida Expressway,Apartment,2,2,1153,21,21,7,1,Furnished,3,7,8,4.6,7,13510000.0
Hyderabad - Madhapur,Apartment,3,3,1368,4,12,10,2,Unfurnished,1,6,6,1.0,7,14620000.0
Mumbai - Andheri East,Apartment,4,4,1519,5,11,11,1,Furnished,2,8,6,2.4,6,35600000.0
Delhi NCR - Noida Sector 62,Apartment,3,3,1735,17,19,8,1,Furnished,2,9,5,1.0,5,18540000.0
Hyderabad - Gachibowli,Villa,4,4,2869,0,2,2,2,Semi-Furnished,2,8,8,1.4,8,61530000.0
Bangalore - Whitefield,Apartment,2,2,1218,4,23,1,2,Unfurnished,2,5,8,1.7,6,11630000.0
Bangalore - Whitefield,Apartment,2,1,1100,5,5,1,0,Furnished,2,5,6,1.4,9,12110000.0
Pune - Wakad,Independent House,4,3,3331,0,2,3,2,Furnished,2,6,4,2.9,9,34450000.0
Bangalore - Koramangala,Apartment,3,2,1463,5,26,5,1,Semi-Furnished,1,5,6,3.4,6,26960000.0
Pune - Wakad,Apartment,1,1,707,13,17,5,1,Semi-Furnished,0,7,6,0.4,5,6630000.0
Bangalore - Indiranagar,Villa,5,4,4115,0,2,1,1,Semi-Furnished,3,5,6,5.0,5,103270000.0
Bangalore - Indiranagar,Independent House,4,4,2875,0,1,4,2,Unfurnished,3,7,6,1.3,1,60010000.0
Mumbai - Worli Sea Face,Villa,3,3,1667,0,1,6,1,Unfurnished,2,7,6,2.5,6,116600000.0
Bangalore - Koramangala,Apartment,3,3,1439,7,7,2,1,Unfurnished,2,7,4,2.0,8,27080000.0
Pune - Wakad,Villa,4,3,2939,0,2,9,2,Semi-Furnished,2,7,8,0.9,5,36050000.0
Bangalore - Whitefield,Independent House,3,3,2494,0,1,3,3,Semi-Furnished,2,5,6,10.7,6,25310000.0
Bangalore - HSR Layout,Apartment,3,3,1582,11,16,7,2,Furnished,2,3,8,2.7,8,23010000.0
Hyderabad - HITEC City,Independent House,5,5,3563,0,2,3,3,Unfurnished,2,8,7,5.8,5,60080000.0
Delhi NCR - Noida Expressway,Penthouse,3,3,2828,29,29,5,2,Semi-Furnished,2,5,7,1.1,3,41500000.0
Delhi NCR - Noida Expressway,Independent House,3,3,1852,0,3,0,1,Furnished,3,8,4,4.8,5,23210000.0
Mumbai - Bandra West,Independent House,5,4,3763,0,3,6,1,Semi-Furnished,3,7,5,5.0,5,154580000.0
Hyderabad - HITEC City,Studio,1,1,577,8,9,0,1,Furnished,0,6,8,6.7,4,6660000.0
Bangalore - Koramangala,Villa,3,2,2509,0,2,2,2,Semi-Furnished,3,7,5,0.4,8,80290000.0
Mumbai - Thane West,Apartment,2,2,1189,3,26,11,2,Semi-Furnished,1,8,6,1.1,10,17920000.0
Bangalore - Indiranagar,Independent House,4,4,2547,0,2,8,1,Semi-Furnished,2,5,7,3.6,5,49720000.0
Chennai - OMR IT Corridor,Apartment,3,2,1939,5,6,0,1,Unfurnished,1,7,9,3.6,6,15240000.0
Mumbai - Bandra West,Apartment,1,1,776,19,20,3,1,Furnished,2,10,7,0.7,7,46320000.0
Mumbai - Navi Mumbai Vashi,Independent House,4,4,2852,0,3,4,2,Semi-Furnished,3,9,7,10.3,6,57490000.0
Hyderabad - Madhapur,Penthouse,4,5,3566,24,24,3,3,Semi-Furnished,4,4,4,7.3,6,57580000.0
Mumbai - Bandra West,Penthouse,5,5,4169,32,33,1,4,Semi-Furnished,3,7,6,0.9,7,341720000.0
Mumbai - Thane West,Apartment,3,3,1656,8,17,0,1,Unfurnished,2,4,9,1.3,5,19090000.0
Hyderabad - Jubilee Hills,Apartment,2,2,1052,7,15,0,1,Semi-Furnished,1,6,8,1.5,6,27960000.0
Mumbai - Andheri East,Apartment,3,3,1613,5,6,0,1,Semi-Furnished,1,6,7,13.6,4,34580000.0
Bangalore - HSR Layout,Studio,1,1,552,22,23,2,1,Furnished,0,6,7,0.6,7,8800000.0
Mumbai - Navi Mumbai Vashi,Studio,1,1,388,16,23,2,1,Unfurnished,0,4,7,1.3,6,4650000.0
Bangalore - HSR Layout,Independent House,5,5,3845,0,3,6,2,Semi-Furnished,3,5,6,2.7,10,64340000.0
Mumbai - Bandra West,Villa,4,4,3119,0,2,0,2,Semi-Furnished,2,5,6,3.9,6,165440000.0
Hyderabad - Jubilee Hills,Independent House,4,4,3337,0,3,13,2,Furnished,1,4,8,0.4,7,93210000.0
Bangalore - Indiranagar,Independent House,3,3,2113,0,2,10,3,Furnished,4,7,5,3.8,10,53650000.0
Delhi NCR - Gurgaon Cyber City,Apartment,3,3,1535,13,13,3,1,Semi-Furnished,2,7,7,1.7,6,34060000.0
Delhi NCR - Noida Expressway,Apartment,3,2,1879,1,13,1,1,Unfurnished,0,8,7,1.0,6,20550000.0
Mumbai - Thane West,Independent House,5,5,3646,0,2,2,2,Semi-Furnished,2,5,5,9.7,8,49860000.0
Delhi NCR - Gurgaon Cyber City,Independent House,5,5,3370,0,2,0,2,Unfurnished,3,9,7,11.2,3,74860000.0
Chennai - Anna Nagar,Apartment,3,2,1751,2,4,1,2,Semi-Furnished,3,8,6,2.0,7,34630000.0
Hyderabad - HITEC City,Studio,1,1,482,7,17,0,0,Semi-Furnished,0,7,4,0.7,7,5760000.0
Chennai - Anna Nagar,Apartment,2,1,786,1,9,0,2,Furnished,3,7,7,0.4,6,15400000.0
Delhi NCR - Noida Expressway,Apartment,3,2,1480,3,5,4,2,Unfurnished,2,7,6,3.2,4,12820000.0
Bangalore - Whitefield,Independent House,3,3,1882,0,2,2,1,Furnished,2,5,8,3.6,10,26860000.0
Mumbai - Navi Mumbai Vashi,Independent House,4,4,2964,0,2,15,1,Unfurnished,2,8,7,5.0,4,44380000.0
Delhi NCR - Noida Expressway,Independent House,3,2,2396,0,2,13,3,Unfurnished,2,7,8,0.5,6,25860000.0
Mumbai - Thane West,Apartment,2,1,1197,1,14,7,1,Unfurnished,2,3,7,1.1,7,11740000.0
Delhi NCR - Gurgaon Golf Course Rd,Apartment,2,2,1073,11,20,1,0,Semi-Furnished,1,8,6,1.5,10,43640000.0
Delhi NCR - Gurgaon Cyber City,Independent House,4,3,2290,0,2,2,1,Semi-Furnished,4,6,7,1.8,5,53350000.0
Mumbai - Andheri East,Independent House,3,3,2536,0,2,7,2,Semi-Furnished,3,7,6,1.1,7,67810000.0
Pune - Wakad,Apartment,3,3,1977,5,5,0,1,Furnished,2,6,8,3.2,6,18570000.0
Pune - Wakad,Independent House,3,3,2389,0,3,6,1,Semi-Furnished,1,5,5,4.1,5,19490000.0
Mumbai - Thane West,Apartment,2,2,1196,7,11,6,0,Furnished,2,7,5,1.5,7,17270000.0
Mumbai - Thane West,Independent House,4,4,2353,0,3,4,1,Semi-Furnished,3,7,6,4.3,4,35790000.0
Chennai - Adyar,Villa,5,4,3529,0,1,3,2,Furnished,4,4,6,3.1,8,87840000.0
Delhi NCR - South Extension,Apartment,2,2,1402,4,7,4,1,Furnished,1,7,8,3.4,7,44570000.0
Mumbai - Navi Mumbai Vashi,Apartment,3,3,1449,4,5,3,1,Semi-Furnished,2,7,9,4.3,4,23630000.0
Hyderabad - HITEC City,Villa,3,2,2716,0,2,2,1,Semi-Furnished,1,6,5,3.9,3,42390000.0
Delhi NCR - South Extension,Independent House,4,4,2594,0,2,6,1,Semi-Furnished,3,8,6,2.3,5,87350000.0
Bangalore - HSR Layout,Independent House,4,3,3077,0,2,7,2,Furnished,2,8,5,5.3,8,61720000.0
Bangalore - Whitefield,Villa,4,4,3106,0,2,2,2,Semi-Furnished,4,5,5,1.1,6,41380000.0
Bangalore - Indiranagar,Villa,3,3,2161,0,2,9,3,Furnished,2,5,7,3.1,9,66310000.0
Bangalore - Indiranagar,Studio,1,1,531,2,6,1,1,Semi-Furnished,0,8,5,1.9,4,10380000.0
Bangalore - Whitefield,Apartment,2,2,1123,16,18,9,2,Semi-Furnished,2,6,6,0.9,4,10680000.0
Hyderabad - Madhapur,Apartment,2,2,1236,3,15,4,1,Semi-Furnished,0,7,5,1.2,5,14030000.0
Delhi NCR - Noida Expressway,Apartment,4,3,1990,9,15,7,2,Semi-Furnished,3,5,7,3.1,7,15980000.0
Chennai - Adyar,Apartment,2,2,651,16,28,5,1,Semi-Furnished,1,5,7,2.7,6,11850000.0
Delhi NCR - Noida Sector 62,Apartment,3,3,1648,2,19,1,1,Semi-Furnished,1,5,5,2.0,8,13970000.0
Delhi NCR - South Extension,Apartment,2,1,657,11,11,5,0,Semi-Furnished,1,6,7,2.9,9,20700000.0
Delhi NCR - Gurgaon Golf Course Rd,Penthouse,3,3,2895,32,32,0,4,Semi-Furnished,4,6,7,1.6,10,181250000.0
Chennai - Adyar,Independent House,4,4,2874,0,1,4,2,Semi-Furnished,2,7,5,9.8,2,55650000.0
Delhi NCR - Gurgaon Cyber City,Independent House,3,2,2080,0,2,1,2,Furnished,2,6,7,4.2,4,47400000.0
Bangalore - Whitefield,Apartment,1,1,450,8,8,0,1,Semi-Furnished,2,6,6,2.1,8,4890000.0
Pune - Hinjewadi IT Park,Apartment,3,3,1736,2,10,6,1,Semi-Furnished,1,7,5,3.4,4,12100000.0
Chennai - OMR IT Corridor,Apartment,2,2,1171,2,7,10,1,Semi-Furnished,2,7,8,1.3,5,8340000.0
Mumbai - Bandra West,Apartment,2,2,1321,3,20,6,1,Furnished,0,8,7,0.4,4,57750000.0
Delhi NCR - Noida Expressway,Apartment,4,4,2742,2,12,7,1,Furnished,1,10,6,2.3,8,35840000.0
Bangalore - Whitefield,Independent House,4,4,2882,0,2,0,2,Unfurnished,1,7,6,4.0,8,36840000.0
Delhi NCR - South Extension,Penthouse,3,3,2457,24,24,11,4,Semi-Furnished,3,8,5,1.3,4,106440000.0
Delhi NCR - Gurgaon Golf Course Rd,Penthouse,3,4,2847,33,34,2,2,Furnished,4,6,9,1.2,5,167340000.0
Delhi NCR - Gurgaon Golf Course Rd,Independent House,3,3,2126,0,1,12,3,Semi-Furnished,3,8,7,4.0,5,66700000.0
Mumbai - Thane West,Apartment,3,3,1531,8,25,7,1,Semi-Furnished,3,5,7,3.9,8,17590000.0
Pune - Koregaon Park,Penthouse,3,3,3679,25,25,5,3,Unfurnished,3,8,7,0.6,7,114290000.0
Mumbai - Thane West,Penthouse,4,4,3903,38,38,1,2,Furnished,4,7,5,8.8,7,96050000.0
Mumbai - Navi Mumbai Vashi,Apartment,3,3,1537,11,11,9,2,Furnished,3,10,8,3.4,5,29650000.0
Chennai - Anna Nagar,Independent House,5,5,3512,0,2,11,2,Unfurnished,1,7,5,2.1,5,61830000.0
Mumbai - Navi Mumbai Vashi,Apartment,3,2,1571,3,25,7,0,Furnished,0,10,6,4.6,6,27320000.0
Bangalore - Whitefield,Villa,4,3,2829,0,2,26,2,Furnished,3,6,4,0.4,7,33110000.0
Bangalore - HSR Layout,Studio,1,1,473,9,15,1,0,Unfurnished,0,6,6,1.3,6,5900000.0
Pune - Kalyani Nagar,Apartment,3,3,1240,8,22,1,1,Semi-Furnished,3,6,7,3.3,1,16390000.0
Chennai - Adyar,Penthouse,6,7,5474,42,42,14,3,Furnished,3,6,7,1.6,5,162750000.0
Bangalore - Electronic City,Independent House,3,3,2269,0,2,2,2,Furnished,3,8,8,5.6,8,28690000.0
Hyderabad - Jubilee Hills,Studio,1,1,429,9,10,4,1,Furnished,0,7,8,6.2,6,10570000.0
Pune - Wakad,Apartment,2,2,1072,3,12,6,1,Furnished,2,7,7,2.5,7,9770000.0
Delhi NCR - Noida Sector 62,Villa,5,5,3263,0,1,4,2,Unfurnished,2,4,6,3.3,5,31730000.0
Bangalore - Whitefield,Apartment,3,3,1425,9,25,1,1,Semi-Furnished,0,5,6,14.9,7,12720000.0
Bangalore - Electronic City,Apartment,2,1,1105,4,5,0,1,Semi-Furnished,2,5,6,1.1,7,7480000.0
Hyderabad - Jubilee Hills,Apartment,2,2,1295,2,7,0,2,Unfurnished,0,8,7,1.9,4,35750000.0
Delhi NCR - South Extension,Studio,1,1,537,13,14,13,0,Semi-Furnished,0,8,8,1.5,4,14080000.0
Hyderabad - Madhapur,Villa,4,4,3070,0,2,6,1,Furnished,2,9,7,4.4,5,64410000.0
Mumbai - Bandra West,Villa,3,2,2616,0,2,0,2,Semi-Furnished,2,7,3,1.0,8,156620000.0
Delhi NCR - Noida Sector 62,Penthouse,4,4,3422,18,18,5,2,Unfurnished,4,4,7,1.9,8,43270000.0
Mumbai - Navi Mumbai Vashi,Apartment,3,3,1362,2,15,2,1,Unfurnished,1,6,4,1.7,8,19100000.0
Hyderabad - Gachibowli,Apartment,2,2,1153,1,12,0,1,Furnished,2,8,7,1.2,5,17160000.0
Chennai - Adyar,Apartment,2,2,919,16,20,10,1,Semi-Furnished,1,7,7,0.4,6,18340000.0
Delhi NCR - Noida Sector 62,Apartment,3,3,1490,4,4,6,2,Semi-Furnished,1,6,7,4.5,7,13470000.0
Mumbai - Thane West,Apartment,2,2,1013,4,19,7,1,Unfurnished,3,5,7,0.4,7,12110000.0
Hyderabad - Jubilee Hills,Apartment,2,2,1044,20,22,2,1,Furnished,1,10,7,1.0,8,43510000.0
Hyderabad - Madhapur,Apartment,2,2,1261,2,5,4,1,Semi-Furnished,3,9,7,3.3,8,19910000.0
Chennai - OMR IT Corridor,Apartment,3,2,1609,3,24,4,1,Unfurnished,1,7,4,1.4,7,12490000.0
Mumbai - Bandra West,Apartment,2,2,988,13,19,7,1,Semi-Furnished,0,6,4,1.3,3,35410000.0
Hyderabad - Jubilee Hills,Apartment,4,4,2068,1,4,3,2,Semi-Furnished,3,7,7,0.9,5,54290000.0
Hyderabad - Madhapur,Studio,1,1,471,7,14,22,0,Furnished,0,7,7,7.2,8,4380000.0
Pune - Wakad,Villa,3,2,2425,0,2,0,1,Furnished,1,8,6,3.6,5,37210000.0
Bangalore - Whitefield,Studio,1,1,449,3,8,7,0,Semi-Furnished,0,6,8,4.1,8,3900000.0
Delhi NCR - Noida Expressway,Apartment,2,2,1260,13,23,18,1,Unfurnished,1,6,7,1.1,5,9700000.0
Hyderabad - Gachibowli,Apartment,3,3,1515,7,14,7,1,Furnished,2,6,7,1.9,4,17970000.0
Delhi NCR - Noida Expressway,Villa,4,3,2748,0,3,5,1,Semi-Furnished,2,7,10,2.6,9,48180000.0
Bangalore - Electronic City,Apartment,4,4,2130,16,20,2,2,Semi-Furnished,2,7,6,4.4,5,16850000.0
Hyderabad - Gachibowli,Apartment,2,2,836,1,16,4,1,Furnished,3,6,7,2.1,8,11510000.0
Bangalore - Electronic City,Apartment,2,2,936,11,25,5,1,Semi-Furnished,1,7,7,3.1,8,7030000.0
Bangalore - HSR Layout,Apartment,3,3,1832,16,29,2,2,Semi-Furnished,2,5,8,11.3,8,27990000.0
Hyderabad - HITEC City,Apartment,3,3,1099,7,16,12,1,Unfurnished,1,8,8,8.7,8,13650000.0
Chennai - OMR IT Corridor,Apartment,3,3,1539,17,18,8,0,Semi-Furnished,2,6,6,1.4,6,11500000.0
Hyderabad - Gachibowli,Independent House,4,3,2953,0,2,1,2,Semi-Furnished,2,8,6,1.4,7,49110000.0
Chennai - Adyar,Apartment,2,1,1058,10,12,0,2,Furnished,1,6,7,2.8,9,21850000.0
Bangalore - Electronic City,Apartment,1,1,646,12,29,5,2,Unfurnished,2,8,6,0.7,6,4910000.0
Mumbai - Worli Sea Face,Villa,5,4,3066,0,1,12,1,Furnished,2,7,5,0.4,9,218270000.0
Hyderabad - HITEC City,Apartment,3,2,1561,7,25,3,0,Semi-Furnished,3,6,5,0.6,5,17450000.0
Chennai - OMR IT Corridor,Apartment,2,1,1095,2,10,14,2,Furnished,1,8,7,2.4,3,9220000.0
Chennai - Adyar,Penthouse,4,5,3857,14,15,3,4,Unfurnished,3,7,7,6.2,5,123290000.0
Delhi NCR - South Extension,Apartment,3,3,1434,12,29,6,1,Semi-Furnished,2,8,7,2.1,7,46540000.0
Bangalore - Indiranagar,Apartment,4,3,2140,1,9,0,0,Semi-Furnished,1,8,7,1.3,7,50420000.0
Mumbai - Andheri East,Apartment,1,1,922,4,6,3,1,Furnished,1,6,7,8.5,8,23230000.0
Bangalore - Koramangala,Apartment,2,1,1199,9,9,2,1,Semi-Furnished,1,6,5,2.9,4,21870000.0
Pune - Hinjewadi IT Park,Apartment,2,2,1065,16,23,7,1,Semi-Furnished,1,7,6,0.4,4,8460000.0
Mumbai - Andheri East,Villa,3,3,2459,0,2,0,1,Semi-Furnished,3,7,6,1.0,6,90500000.0
Pune - Kalyani Nagar,Apartment,3,3,1455,8,12,1,1,Furnished,2,8,8,1.9,4,26180000.0
Delhi NCR - South Extension,Independent House,5,4,3276,0,2,13,2,Unfurnished,4,5,10,0.8,8,102460000.0
Delhi NCR - Gurgaon Golf Course Rd,Apartment,2,1,1119,27,27,0,1,Unfurnished,0,7,10,1.6,7,45800000.0
Pune - Wakad,Apartment,4,4,2066,13,19,2,1,Furnished,2,5,8,1.5,7,20100000.0
Hyderabad - Jubilee Hills,Independent House,3,3,2197,0,3,2,2,Unfurnished,3,7,6,3.6,7,70610000.0
Chennai - Anna Nagar,Apartment,1,1,530,15,22,0,1,Semi-Furnished,3,8,8,3.3,5,10490000.0
Chennai - OMR IT Corridor,Apartment,3,3,1565,7,19,14,2,Semi-Furnished,1,7,6,1.0,8,11350000.0
Bangalore - Koramangala,Apartment,1,1,538,17,22,0,1,Semi-Furnished,2,7,7,3.5,4,11570000.0
Hyderabad - HITEC City,Apartment,3,3,1556,4,21,2,1,Semi-Furnished,1,7,6,3.1,7,21500000.0
Bangalore - Indiranagar,Apartment,3,3,1408,16,16,0,1,Semi-Furnished,2,6,4,6.6,6,27330000.0
Hyderabad - Gachibowli,Villa,4,4,2644,0,1,16,2,Semi-Furnished,2,9,8,1.0,3,43130000.0
Chennai - Anna Nagar,Apartment,3,3,1556,6,16,5,2,Semi-Furnished,1,7,6,2.5,7,27330000.0
Mumbai - Bandra West,Apartment,2,2,1114,14,16,0,2,Semi-Furnished,1,4,8,4.5,6,44050000.0
Pune - Kalyani Nagar,Apartment,2,2,1365,21,27,0,1,Semi-Furnished,1,9,6,8.2,4,24120000.0
Delhi NCR - South Extension,Independent House,3,3,1757,0,2,5,3,Furnished,4,6,7,2.3,5,57050000.0
Hyderabad - Jubilee Hills,Apartment,4,4,2218,6,12,4,1,Unfurnished,2,9,8,4.8,6,63610000.0
Chennai - Adyar,Independent House,5,5,3357,0,2,7,2,Semi-Furnished,2,4,6,3.6,7,62370000.0
Pune - Hinjewadi IT Park,Villa,4,4,2942,0,2,2,2,Furnished,2,7,9,1.9,6,42250000.0
Hyderabad - Gachibowli,Penthouse,5,5,4479,18,18,0,3,Furnished,4,7,4,5.8,7,96290000.0
Pune - Kalyani Nagar,Apartment,2,1,1362,23,25,3,1,Semi-Furnished,1,6,6,2.2,6,20840000.0
Bangalore - Koramangala,Apartment,2,2,1292,12,13,3,1,Unfurnished,2,8,7,2.7,4,28240000.0
Pune - Kalyani Nagar,Villa,4,3,3234,0,2,5,2,Semi-Furnished,3,5,5,1.3,4,61930000.0
Hyderabad - HITEC City,Studio,1,1,430,1,4,0,0,Semi-Furnished,0,7,6,0.4,8,5130000.0
Bangalore - Electronic City,Penthouse,4,4,3328,23,24,1,3,Furnished,3,5,6,0.9,10,47110000.0
Pune - Kalyani Nagar,Apartment,1,1,991,4,9,10,0,Semi-Furnished,2,7,5,1.3,4,13790000.0
Hyderabad - HITEC City,Apartment,3,2,1550,2,6,9,1,Unfurnished,0,6,7,3.4,5,17400000.0
Hyderabad - Jubilee Hills,Apartment,2,1,768,3,22,9,1,Semi-Furnished,3,7,6,0.6,6,20160000.0
Hyderabad - Jubilee Hills,Villa,3,3,2224,0,2,2,2,Furnished,2,7,7,3.6,5,88220000.0
Bangalore - Whitefield,Apartment,1,1,463,17,17,6,1,Semi-Furnished,2,8,7,3.5,7,5880000.0
Pune - Kalyani Nagar,Apartment,3,2,1157,6,7,7,2,Furnished,1,5,6,0.5,5,15730000.0
Bangalore - Koramangala,Villa,4,4,2892,0,3,8,2,Semi-Furnished,3,6,6,2.3,6,78140000.0
Mumbai - Bandra West,Apartment,4,3,2311,5,11,11,2,Unfurnished,1,7,7,4.4,6,90530000.0
Delhi NCR - Gurgaon Cyber City,Villa,3,2,2350,0,2,11,1,Semi-Furnished,1,7,7,2.4,7,65580000.0
Hyderabad - Madhapur,Apartment,3,2,1414,6,9,3,0,Furnished,2,7,5,1.8,6,17930000.0
Pune - Wakad,Apartment,4,3,1993,26,29,4,0,Unfurnished,2,8,7,1.9,5,18890000.0
Chennai - Anna Nagar,Apartment,2,2,662,4,8,16,1,Semi-Furnished,1,6,7,0.6,7,9100000.0
Pune - Wakad,Villa,4,3,2772,0,1,3,1,Semi-Furnished,3,7,7,6.8,9,37110000.0
Pune - Kalyani Nagar,Apartment,2,1,1050,9,13,1,1,Semi-Furnished,1,5,8,1.6,5,14800000.0
Delhi NCR - Gurgaon Cyber City,Apartment,3,3,1548,7,17,4,0,Semi-Furnished,0,8,4,4.0,8,31550000.0
Pune - Koregaon Park,Studio,1,1,628,3,16,8,0,Semi-Furnished,1,8,8,4.4,8,10540000.0
Bangalore - Whitefield,Apartment,2,2,1298,1,11,8,1,Semi-Furnished,2,8,5,3.7,6,13760000.0
Pune - Wakad,Apartment,1,1,740,7,12,0,1,Semi-Furnished,3,7,4,3.9,6,6390000.0
Pune - Hinjewadi IT Park,Apartment,2,2,1264,3,4,0,1,Furnished,2,5,6,3.3,3,10040000.0
Mumbai - Bandra West,Apartment,4,4,2305,2,6,2,1,Unfurnished,3,7,7,3.1,6,101460000.0
Delhi NCR - Noida Sector 62,Independent House,3,2,2095,0,3,3,2,Semi-Furnished,2,6,8,1.7,4,22150000.0
Pune - Wakad,Apartment,3,2,1690,7,17,2,0,Furnished,0,6,3,8.5,5,12010000.0
Delhi NCR - Noida Expressway,Apartment,2,2,1019,16,18,1,2,Semi-Furnished,2,7,6,2.4,7,11650000.0
Pune - Hinjewadi IT Park,Apartment,3,3,1784,14,15,0,1,Unfurnished,1,8,5,3.1,9,16990000.0
Mumbai - Andheri East,Independent House,5,4,4280,0,2,6,2,Unfurnished,3,6,6,2.1,5,109380000.0
Hyderabad - Jubilee Hills,Apartment,2,2,1414,6,20,2,2,Semi-Furnished,2,8,7,1.0,4,41020000.0
Pune - Kalyani Nagar,Apartment,2,2,951,5,7,3,2,Furnished,1,7,7,3.8,6,17010000.0
Pune - Hinjewadi IT Park,Apartment,3,3,1760,13,20,13,2,Semi-Furnished,2,10,6,0.6,4,17090000.0
Bangalore - Indiranagar,Apartment,1,1,564,27,29,26,1,Furnished,2,2,5,1.3,10,7420000.0
Pune - Wakad,Apartment,3,2,1841,7,12,15,2,Unfurnished,3,6,9,5.4,7,13680000.0
Mumbai - Thane West,Apartment,2,2,787,5,14,3,1,Furnished,1,5,5,1.8,7,10150000.0
Mumbai - Bandra West,Villa,3,2,1839,0,2,3,1,Furnished,1,8,7,0.7,5,130800000.0
Bangalore - Whitefield,Apartment,1,1,802,1,12,7,1,Semi-Furnished,1,5,6,1.1,7,7090000.0
Hyderabad - Madhapur,Penthouse,3,3,3295,15,15,0,4,Semi-Furnished,3,7,6,1.0,7,76140000.0
Bangalore - Koramangala,Studio,1,1,417,7,11,0,1,Unfurnished,1,6,7,6.1,9,8090000.0
Mumbai - Worli Sea Face,Apartment,4,4,2090,2,6,2,1,Semi-Furnished,2,6,6,8.5,4,101460000.0
Bangalore - HSR Layout,Apartment,3,3,1499,9,9,7,0,Furnished,2,8,8,11.6,7,26010000.0
Bangalore - HSR Layout,Apartment,3,3,1903,15,15,13,2,Furnished,1,5,6,0.8,6,26750000.0
Pune - Wakad,Villa,4,3,3083,0,2,5,3,Semi-Furnished,1,6,6,0.3,7,35180000.0
Delhi NCR - Noida Sector 62,Apartment,2,2,1081,8,28,17,2,Furnished,0,7,5,2.8,6,8760000.0
Mumbai - Andheri East,Apartment,1,1,450,21,29,7,1,Semi-Furnished,2,6,4,5.5,8,9460000.0
Mumbai - Bandra West,Apartment,2,1,1260,7,9,2,0,Semi-Furnished,2,5,6,2.6,9,47240000.0
Hyderabad - Madhapur,Villa,4,3,2798,0,3,4,3,Semi-Furnished,3,7,7,3.1,10,61370000.0
Hyderabad - Madhapur,Villa,4,4,3318,0,2,0,2,Unfurnished,3,8,6,1.7,8,70940000.0
Pune - Hinjewadi IT Park,Apartment,2,1,1329,4,26,6,0,Unfurnished,3,9,7,7.4,7,11570000.0
Bangalore - Koramangala,Independent House,4,4,2836,0,2,11,1,Unfurnished,2,5,9,3.0,5,58710000.0
Bangalore - Whitefield,Apartment,2,2,760,1,7,0,1,Furnished,2,6,8,4.1,6,8440000.0
Mumbai - Bandra West,Apartment,3,3,1727,3,7,8,1,Furnished,1,5,4,1.2,6,64110000.0
Chennai - OMR IT Corridor,Penthouse,4,4,3748,25,25,1,3,Semi-Furnished,3,5,5,11.4,7,44480000.0
Hyderabad - Madhapur,Apartment,4,4,1901,13,25,1,1,Unfurnished,2,4,5,1.1,5,18670000.0
Mumbai - Worli Sea Face,Apartment,1,1,614,19,27,3,0,Unfurnished,3,4,7,1.4,5,22910000.0
Chennai - Anna Nagar,Apartment,3,2,1661,12,15,0,1,Unfurnished,3,7,8,1.3,2,25360000.0
Hyderabad - Madhapur,Penthouse,5,5,4370,42,42,6,2,Furnished,2,6,6,2.7,8,95030000.0
Bangalore - Whitefield,Villa,5,5,3521,0,3,6,3,Unfurnished,3,5,7,1.7,7,51340000.0
Hyderabad - Jubilee Hills,Independent House,3,2,2230,0,2,11,1,Semi-Furnished,2,4,8,0.6,3,47470000.0
Chennai - OMR IT Corridor,Villa,3,3,2196,0,1,3,3,Furnished,4,7,8,4.3,8,29110000.0
Delhi NCR - Noida Expressway,Apartment,2,2,1089,9,13,18,0,Semi-Furnished,2,6,5,0.9,5,8270000.0
Mumbai - Navi Mumbai Vashi,Apartment,2,2,847,8,16,10,1,Furnished,1,10,6,3.5,9,15670000.0
Mumbai - Worli Sea Face,Apartment,1,1,818,13,25,10,1,Semi-Furnished,1,4,9,2.4,7,32660000.0
Pune - Wakad,Apartment,3,2,1541,18,22,6,1,Semi-Furnished,1,7,6,2.5,6,12740000.0
Mumbai - Bandra West,Apartment,3,3,1636,12,25,0,1,Semi-Furnished,3,6,6,2.3,6,66970000.0
Delhi NCR - Noida Expressway,Penthouse,3,3,2531,34,34,9,3,Semi-Furnished,3,9,7,0.8,9,51820000.0
Bangalore - Whitefield,Apartment,2,2,917,16,17,7,1,Unfurnished,1,7,5,5.4,7,9140000.0
Mumbai - Andheri East,Apartment,2,2,957,13,15,1,1,Semi-Furnished,2,7,6,1.0,6,25520000.0
Mumbai - Worli Sea Face,Apartment,3,2,1793,4,6,5,2,Semi-Furnished,2,6,5,2.4,7,83530000.0
Chennai - Anna Nagar,Apartment,3,2,1652,2,8,8,0,Unfurnished,2,5,7,4.3,4,20290000.0
Delhi NCR - Noida Sector 62,Penthouse,4,4,3591,27,27,4,3,Unfurnished,3,6,8,0.5,6,54800000.0
Chennai - Anna Nagar,Apartment,2,2,1068,3,9,8,1,Furnished,2,8,7,3.7,5,18640000.0
Delhi NCR - Noida Sector 62,Apartment,3,3,1631,1,4,9,0,Semi-Furnished,1,6,8,5.4,8,13910000.0
Delhi NCR - South Extension,Villa,3,3,2110,0,1,4,2,Furnished,2,9,9,3.6,8,124220000.0
Pune - Koregaon Park,Apartment,1,1,568,17,18,8,0,Furnished,2,4,7,0.9,7,9180000.0
Mumbai - Thane West,Apartment,2,2,980,12,27,1,1,Semi-Furnished,2,8,4,1.8,8,16110000.0
Hyderabad - HITEC City,Apartment,2,2,1338,9,28,2,1,Unfurnished,2,6,6,0.5,8,15430000.0
Mumbai - Navi Mumbai Vashi,Independent House,4,3,2739,0,2,4,1,Furnished,3,8,7,4.5,6,58790000.0
Hyderabad - Jubilee Hills,Studio,1,1,525,2,7,1,1,Unfurnished,0,8,9,4.8,8,15030000.0
Hyderabad - Gachibowli,Villa,3,2,2192,0,2,20,3,Unfurnished,1,8,6,2.8,7,32910000.0
Delhi NCR - Noida Sector 62,Apartment,2,2,1060,7,7,1,1,Unfurnished,2,7,6,0.6,4,8930000.0
Hyderabad - Madhapur,Villa,4,4,2496,0,2,3,2,Furnished,2,6,6,6.9,7,45210000.0
Pune - Koregaon Park,Apartment,2,1,1317,3,20,13,1,Unfurnished,1,6,6,5.4,6,17450000.0
Pune - Hinjewadi IT Park,Apartment,3,3,1662,19,24,1,2,Semi-Furnished,2,6,5,1.1,10,14870000.0
Bangalore - Koramangala,Apartment,3,3,1690,13,29,1,2,Semi-Furnished,1,7,6,4.6,3,33530000.0
Bangalore - HSR Layout,Apartment,3,3,1542,2,4,6,2,Furnished,2,8,7,4.1,7,29880000.0
Bangalore - Koramangala,Apartment,2,2,874,12,24,4,2,Furnished,1,9,5,0.6,8,24020000.0
Mumbai - Bandra West,Independent House,3,2,2058,0,1,1,2,Semi-Furnished,2,9,7,0.4,9,140590000.0
Hyderabad - Madhapur,Penthouse,3,4,2320,42,42,1,3,Semi-Furnished,3,10,8,0.5,8,71650000.0
Hyderabad - Gachibowli,Apartment,3,3,1552,4,7,4,0,Furnished,3,7,8,1.8,7,22070000.0
Pune - Wakad,Apartment,2,2,754,24,29,3,1,Furnished,1,6,9,3.8,2,7130000.0
Pune - Koregaon Park,Apartment,3,2,1659,4,14,1,1,Semi-Furnished,3,7,9,3.2,6,35300000.0
Pune - Wakad,Apartment,2,1,972,6,10,0,1,Furnished,2,4,8,3.2,7,7640000.0
Mumbai - Thane West,Apartment,4,4,2134,8,10,0,0,Unfurnished,1,8,6,1.2,5,29450000.0
Pune - Hinjewadi IT Park,Apartment,2,2,1201,2,16,2,1,Furnished,1,6,7,3.4,5,10350000.0
Mumbai - Andheri East,Villa,4,3,3193,0,2,4,1,Furnished,1,9,7,5.1,8,142090000.0
Mumbai - Bandra West,Apartment,2,1,1097,7,20,3,1,Semi-Furnished,2,7,6,3.0,8,52740000.0
Delhi NCR - Noida Expressway,Apartment,4,4,2267,19,19,9,1,Semi-Furnished,2,9,7,2.9,5,25420000.0
Mumbai - Navi Mumbai Vashi,Apartment,1,1,822,14,19,34,1,Semi-Furnished,0,6,6,9.5,7,8320000.0
Hyderabad - HITEC City,Apartment,1,1,726,3,21,1,2,Semi-Furnished,1,6,6,0.9,5,10160000.0
Delhi NCR - South Extension,Apartment,2,2,1170,19,20,9,0,Unfurnished,1,7,5,2.7,4,29520000.0
Bangalore - HSR Layout,Independent House,4,4,2769,0,2,7,1,Semi-Furnished,2,6,7,3.6,6,45880000.0
Mumbai - Andheri East,Apartment,3,2,1242,24,29,5,1,Furnished,1,5,7,4.5,8,27830000.0
Mumbai - Worli Sea Face,Independent House,4,3,3019,0,2,5,2,Semi-Furnished,2,7,8,6.1,4,169110000.0
Hyderabad - Madhapur,Apartment,2,1,1211,6,8,0,2,Unfurnished,1,5,6,1.5,6,12180000.0
Hyderabad - Madhapur,Apartment,4,4,2252,6,6,5,1,Semi-Furnished,2,7,5,1.9,6,28180000.0
Delhi NCR - Gurgaon Golf Course Rd,Apartment,3,3,1187,12,15,0,1,Furnished,1,6,4,0.8,8,40340000.0
Hyderabad - HITEC City,Villa,3,2,2254,0,3,10,2,Semi-Furnished,2,8,8,2.3,7,49780000.0
Mumbai - Navi Mumbai Vashi,Apartment,2,1,1224,8,9,2,1,Semi-Furnished,1,7,8,1.4,4,18540000.0
Mumbai - Navi Mumbai Vashi,Villa,4,4,2600,0,2,12,3,Semi-Furnished,1,8,8,0.8,10,67990000.0
Bangalore - Indiranagar,Apartment,2,1,985,17,22,2,1,Furnished,2,8,7,2.1,8,27240000.0
Bangalore - Electronic City,Villa,4,4,2912,0,2,4,2,Furnished,3,8,6,1.3,6,37750000.0
Mumbai - Andheri East,Apartment,3,3,1569,18,23,0,1,Semi-Furnished,2,6,8,2.0,4,42530000.0
Hyderabad - Gachibowli,Independent House,4,3,2724,0,2,1,1,Furnished,1,8,5,0.5,6,44690000.0
Delhi NCR - Gurgaon Golf Course Rd,Apartment,3,3,1393,13,26,8,1,Semi-Furnished,1,5,6,1.3,6,37840000.0
Mumbai - Worli Sea Face,Penthouse,5,5,4753,42,42,1,2,Semi-Furnished,3,8,4,2.0,6,407030000.0
Hyderabad - HITEC City,Apartment,2,2,1389,4,13,0,1,Furnished,2,6,6,0.6,4,18390000.0
Chennai - Adyar,Apartment,2,2,1215,11,20,3,1,Unfurnished,1,4,7,2.7,6,19610000.0
Hyderabad - Jubilee Hills,Apartment,2,2,898,4,7,7,1,Unfurnished,1,6,7,1.4,7,22410000.0
Delhi NCR - Gurgaon Golf Course Rd,Villa,3,3,1834,0,3,18,1,Semi-Furnished,1,9,7,6.0,5,73130000.0
Chennai - Anna Nagar,Apartment,1,1,594,1,4,10,2,Furnished,0,6,3,2.9,9,7930000.0
Pune - Kalyani Nagar,Villa,4,3,3490,0,2,0,1,Furnished,4,7,4,8.0,6,78050000.0
Bangalore - HSR Layout,Apartment,3,2,1563,6,9,1,2,Semi-Furnished,2,6,6,1.4,6,26100000.0
Chennai - Anna Nagar,Apartment,2,2,766,1,24,17,2,Furnished,1,7,8,4.0,6,11810000.0
Delhi NCR - Noida Sector 62,Apartment,2,2,1136,19,26,5,1,Unfurnished,2,7,7,1.9,6,11270000.0
Hyderabad - Madhapur,Studio,1,1,483,4,24,7,0,Furnished,0,5,7,0.5,6,5160000.0
Pune - Kalyani Nagar,Independent House,4,4,3400,0,2,4,1,Semi-Furnished,3,7,6,2.7,5,62540000.0
Pune - Hinjewadi IT Park,Penthouse,3,4,2491,39,39,0,2,Semi-Furnished,4,6,9,2.1,9,42180000.0
Pune - Wakad,Apartment,3,3,1792,9,11,0,1,Semi-Furnished,1,8,7,2.1,8,19040000.0
Pune - Kalyani Nagar,Independent House,3,3,2472,0,2,4,1,Furnished,2,6,9,5.4,8,47730000.0
Delhi NCR - Noida Sector 62,Independent House,3,3,2516,0,2,8,1,Semi-Furnished,3,7,5,3.6,4,23350000.0
Bangalore - Electronic City,Apartment,1,1,450,3,26,1,0,Furnished,2,6,7,0.6,7,3360000.0
Bangalore - Whitefield,Villa,3,3,2486,0,2,2,2,Unfurnished,2,9,5,3.5,5,37870000.0
Mumbai - Andheri East,Studio,1,1,387,9,10,6,0,Furnished,1,7,5,2.3,6,7780000.0
Delhi NCR - Gurgaon Cyber City,Penthouse,3,4,3207,36,36,0,3,Unfurnished,3,7,4,3.9,7,106390000.0
Chennai - OMR IT Corridor,Independent House,3,2,1964,0,1,0,2,Unfurnished,2,8,7,2.9,7,21930000.0
Bangalore - Koramangala,Apartment,3,3,1537,15,27,1,0,Furnished,1,7,4,0.7,7,34600000.0
Bangalore - Electronic City,Apartment,2,2,1101,4,28,5,2,Unfurnished,1,9,8,2.3,7,9960000.0
Hyderabad - Jubilee Hills,Studio,1,1,443,19,20,2,0,Furnished,0,7,9,0.8,6,14340000.0
Hyderabad - Jubilee Hills,Apartment,3,3,1736,2,26,5,2,Unfurnished,1,3,6,5.1,7,34580000.0
Delhi NCR - South Extension,Independent House,4,4,2761,0,2,8,2,Semi-Furnished,3,7,3,0.7,5,75220000.0
Delhi NCR - Noida Sector 62,Independent House,3,2,2012,0,3,3,1,Semi-Furnished,2,5,6,4.0,5,19050000.0
Mumbai - Thane West,Independent House,5,5,2730,0,3,9,3,Semi-Furnished,4,5,5,1.6,7,37460000.0
Chennai - Adyar,Studio,1,1,498,6,23,18,0,Furnished,0,6,8,13.7,6,6300000.0
Chennai - Adyar,Apartment,1,1,595,3,29,2,1,Unfurnished,1,6,8,4.2,9,12380000.0
Delhi NCR - Gurgaon Cyber City,Apartment,2,2,1534,2,7,4,1,Furnished,1,7,7,1.8,2,32600000.0
Mumbai - Andheri East,Apartment,2,2,1430,11,27,12,1,Semi-Furnished,2,8,7,9.8,7,37440000.0
Hyderabad - Madhapur,Apartment,2,2,1033,11,13,2,2,Semi-Furnished,1,6,6,5.0,7,15250000.0
Mumbai - Navi Mumbai Vashi,Apartment,1,1,480,11,29,0,0,Unfurnished,2,6,6,0.7,6,7520000.0
Delhi NCR - South Extension,Apartment,3,2,1599,11,11,14,1,Furnished,0,8,6,1.7,6,46490000.0
Bangalore - Indiranagar,Villa,5,5,4019,0,1,5,1,Semi-Furnished,2,8,5,3.2,5,121590000.0
Pune - Hinjewadi IT Park,Penthouse,4,4,3990,25,25,10,3,Semi-Furnished,3,8,7,3.0,6,62360000.0
Hyderabad - Gachibowli,Apartment,2,2,908,15,22,12,2,Semi-Furnished,1,5,5,3.8,8,9300000.0
Bangalore - HSR Layout,Apartment,3,3,1739,5,28,10,0,Furnished,1,8,7,0.4,9,32890000.0
Mumbai - Thane West,Penthouse,3,4,2585,42,42,2,3,Furnished,2,7,5,2.1,5,64650000.0
Bangalore - Electronic City,Apartment,3,3,1949,1,25,12,1,Furnished,2,7,5,5.1,6,14060000.0
Bangalore - Indiranagar,Apartment,2,2,1202,7,8,15,1,Semi-Furnished,1,9,6,3.4,8,25000000.0
Mumbai - Andheri East,Apartment,2,1,1299,10,11,3,0,Furnished,1,8,7,1.4,7,37810000.0
Pune - Kalyani Nagar,Independent House,3,3,2727,0,2,0,1,Semi-Furnished,4,8,5,2.0,7,56710000.0
Mumbai - Navi Mumbai Vashi,Apartment,3,3,1768,10,13,1,1,Furnished,2,6,8,4.1,8,30470000.0
Chennai - OMR IT Corridor,Studio,1,1,480,1,6,11,0,Unfurnished,0,6,6,0.5,5,2540000.0
Bangalore - Indiranagar,Apartment,2,1,1105,2,4,1,2,Unfurnished,2,7,6,0.6,4,22750000.0
Chennai - Adyar,Apartment,3,3,1674,4,12,6,1,Semi-Furnished,1,7,6,0.7,7,29790000.0
Delhi NCR - Gurgaon Golf Course Rd,Apartment,2,2,1374,8,10,8,0,Semi-Furnished,1,6,6,7.2,9,35840000.0
Hyderabad - Madhapur,Apartment,1,1,450,6,16,2,0,Furnished,1,7,7,1.1,8,6930000.0
Hyderabad - Gachibowli,Independent House,3,2,2105,0,2,20,2,Furnished,2,8,7,3.5,6,28230000.0
Bangalore - HSR Layout,Villa,3,3,2633,0,2,26,3,Furnished,2,6,5,3.9,9,49360000.0
Hyderabad - Jubilee Hills,Villa,4,3,2897,0,2,18,1,Semi-Furnished,3,6,7,0.6,5,88200000.0
Hyderabad - Gachibowli,Apartment,2,2,921,15,28,5,2,Semi-Furnished,2,2,5,0.6,7,8660000.0
Chennai - OMR IT Corridor,Penthouse,3,3,2596,32,33,3,2,Unfurnished,3,6,6,8.8,7,30980000.0
Bangalore - Indiranagar,Villa,3,3,2422,0,1,2,3,Semi-Furnished,4,7,8,7.0,7,80610000.0
Bangalore - Whitefield,Villa,3,2,2237,0,3,7,2,Semi-Furnished,2,8,6,3.1,6,35060000.0
Mumbai - Andheri East,Apartment,3,2,1543,6,17,1,2,Semi-Furnished,1,8,6,0.7,4,37460000.0
Delhi NCR - Gurgaon Golf Course Rd,Apartment,3,2,1700,5,9,3,2,Semi-Furnished,1,5,8,1.9,7,51510000.0
Delhi NCR - Gurgaon Cyber City,Apartment,2,1,1232,13,24,11,1,Furnished,1,9,8,1.4,7,28660000.0
Chennai - OMR IT Corridor,Independent House,3,3,2697,0,2,2,1,Semi-Furnished,1,8,7,1.1,7,29370000.0
Hyderabad - Gachibowli,Apartment,3,3,1514,15,19,8,1,Semi-Furnished,1,5,6,10.2,5,14920000.0
Bangalore - Koramangala,Apartment,3,3,1428,4,6,0,1,Semi-Furnished,1,7,7,7.2,9,33850000.0
Bangalore - HSR Layout,Penthouse,3,4,2822,36,37,5,2,Unfurnished,4,6,6,1.3,5,69150000.0
Delhi NCR - Gurgaon Cyber City,Penthouse,5,6,4163,23,23,2,3,Semi-Furnished,2,7,4,1.7,7,148370000.0
Pune - Kalyani Nagar,Penthouse,6,7,4996,42,42,5,3,Furnished,3,8,6,3.8,7,158800000.0
Chennai - Adyar,Apartment,4,4,2250,13,27,0,0,Semi-Furnished,2,7,4,3.0,2,39740000.0
Hyderabad - Gachibowli,Independent House,3,3,2244,0,2,8,2,Semi-Furnished,1,5,7,1.8,4,25640000.0
Chennai - Adyar,Apartment,2,2,1308,3,11,2,0,Furnished,1,7,6,0.7,7,28570000.0
Delhi NCR - Noida Sector 62,Apartment,2,2,1076,22,24,1,2,Semi-Furnished,3,4,5,5.6,7,8810000.0
Mumbai - Andheri East,Apartment,3,3,1601,18,25,3,1,Unfurnished,2,8,6,2.1,5,40940000.0
Hyderabad - Jubilee Hills,Apartment,4,3,1994,3,9,10,2,Unfurnished,2,6,8,1.8,2,42300000.0
Delhi NCR - South Extension,Apartment,2,2,1214,1,8,1,0,Furnished,1,5,7,1.7,5,32900000.0
Mumbai - Bandra West,Villa,4,4,2742,0,2,12,1,Unfurnished,2,8,7,6.6,10,166180000.0
Pune - Wakad,Apartment,3,3,1554,1,10,0,2,Semi-Furnished,2,8,5,3.1,6,14110000.0
Hyderabad - Gachibowli,Independent House,4,3,2837,0,3,0,1,Semi-Furnished,3,9,5,1.0,10,53080000.0
Mumbai - Thane West,Apartment,2,1,824,18,23,3,0,Semi-Furnished,1,7,6,2.4,6,12110000.0
Pune - Wakad,Apartment,4,4,2055,3,9,3,0,Unfurnished,2,7,6,2.9,8,17940000.0
Chennai - Adyar,Apartment,2,2,851,2,4,3,1,Semi-Furnished,1,3,5,1.0,4,11970000.0
Hyderabad - Gachibowli,Apartment,2,1,1055,13,22,5,0,Semi-Furnished,1,7,6,1.4,3,11900000.0
Delhi NCR - South Extension,Independent House,4,4,2636,0,2,1,1,Semi-Furnished,1,7,8,0.9,5,99920000.0
Bangalore - Whitefield,Apartment,2,1,1131,6,14,10,0,Semi-Furnished,2,6,6,2.0,8,11840000.0
Delhi NCR - South Extension,Apartment,4,3,1864,6,17,3,1,Furnished,2,5,7,8.0,7,51620000.0
Mumbai - Thane West,Apartment,3,3,1534,24,28,1,1,Unfurnished,1,10,5,3.8,5,24420000.0
Pune - Kalyani Nagar,Apartment,2,2,809,6,22,2,2,Semi-Furnished,2,10,9,0.9,1,15770000.0
Bangalore - Koramangala,Penthouse,3,4,3178,24,24,0,2,Semi-Furnished,3,6,7,0.3,5,116440000.0
Bangalore - Whitefield,Apartment,2,1,968,13,23,10,1,Furnished,2,6,8,2.4,6,11160000.0
Mumbai - Worli Sea Face,Independent House,3,3,2177,0,1,0,1,Semi-Furnished,2,5,5,1.0,7,114050000.0
Hyderabad - Jubilee Hills,Independent House,5,5,3763,0,3,9,2,Furnished,3,7,9,7.4,8,132110000.0
Mumbai - Andheri East,Penthouse,3,3,2988,35,35,5,2,Furnished,4,9,6,2.6,5,140230000.0
Hyderabad - Madhapur,Villa,5,5,4123,0,2,16,1,Semi-Furnished,3,7,8,2.2,7,73200000.0
Delhi NCR - Noida Expressway,Apartment,2,2,906,1,4,2,2,Semi-Furnished,3,6,7,2.0,7,8890000.0
Chennai - Anna Nagar,Independent House,5,4,3787,0,2,2,2,Semi-Furnished,3,7,6,3.8,9,77100000.0
Hyderabad - Jubilee Hills,Penthouse,3,3,2863,21,21,4,3,Furnished,4,6,6,4.2,9,138620000.0
Hyderabad - Jubilee Hills,Apartment,2,2,1077,6,18,0,1,Semi-Furnished,2,6,8,0.3,8,30880000.0
Mumbai - Navi Mumbai Vashi,Apartment,4,4,1994,9,19,1,1,Furnished,1,9,6,13.6,3,31240000.0
Chennai - Anna Nagar,Apartment,4,4,1980,13,16,8,2,Unfurnished,2,5,5,1.5,5,25340000.0
Mumbai - Bandra West,Villa,4,3,2651,0,1,0,3,Semi-Furnished,3,5,6,3.1,9,168980000.0
Chennai - Adyar,Villa,3,2,2926,0,2,8,3,Semi-Furnished,2,7,8,5.1,6,84720000.0
Mumbai - Thane West,Apartment,2,1,1081,6,17,5,1,Semi-Furnished,0,8,7,1.6,8,16510000.0
Delhi NCR - Noida Expressway,Apartment,2,2,1108,2,21,3,1,Furnished,2,8,8,0.8,8,13040000.0
Hyderabad - HITEC City,Apartment,1,1,450,10,17,17,1,Unfurnished,2,7,6,3.8,8,5060000.0
Pune - Wakad,Apartment,3,3,1589,15,25,6,0,Furnished,0,6,7,4.4,6,15180000.0
Mumbai - Worli Sea Face,Studio,1,1,470,12,13,11,1,Semi-Furnished,1,7,6,5.9,6,19680000.0
Hyderabad - HITEC City,Apartment,2,2,1297,6,6,0,0,Semi-Furnished,1,7,8,3.4,7,18080000.0
Delhi NCR - South Extension,Apartment,3,2,1543,11,14,5,2,Furnished,1,5,8,6.3,4,43440000.0
Pune - Kalyani Nagar,Independent House,3,3,2745,0,2,6,3,Unfurnished,2,10,5,3.0,7,58690000.0
Delhi NCR - Gurgaon Cyber City,Independent House,5,4,3585,0,3,0,1,Semi-Furnished,1,8,9,1.0,4,100490000.0
Delhi NCR - South Extension,Apartment,2,2,1146,12,13,2,1,Furnished,1,6,7,0.7,5,37570000.0
Mumbai - Andheri East,Independent House,3,2,2328,0,2,4,1,Furnished,2,7,6,12.1,7,62610000.0
Bangalore - Electronic City,Apartment,2,2,777,11,28,6,2,Furnished,0,5,9,4.4,6,6070000.0
Chennai - Adyar,Apartment,3,3,1656,19,20,0,1,Unfurnished,2,8,7,1.9,10,44890000.0
Mumbai - Andheri East,Apartment,4,3,2069,11,21,2,1,Semi-Furnished,2,6,5,1.9,7,51170000.0
Hyderabad - Gachibowli,Apartment,2,2,1216,2,18,1,0,Furnished,0,7,6,3.4,9,16930000.0
Bangalore - Electronic City,Apartment,3,3,1383,2,5,35,2,Furnished,1,5,5,3.5,8,7090000.0
Bangalore - Electronic City,Penthouse,4,5,3508,22,22,13,3,Semi-Furnished,2,6,6,1.0,4,35340000.0
Bangalore - Whitefield,Villa,4,3,3051,0,2,0,2,Semi-Furnished,2,5,7,1.2,7,47070000.0
Pune - Kalyani Nagar,Studio,1,1,425,3,4,1,0,Semi-Furnished,0,7,6,2.3,7,5860000.0
Mumbai - Bandra West,Apartment,1,1,753,1,8,6,1,Semi-Furnished,2,7,7,1.5,6,32800000.0
Chennai - OMR IT Corridor,Studio,1,1,604,4,22,14,1,Furnished,1,7,8,0.8,8,4320000.0
Delhi NCR - South Extension,Apartment,2,2,1208,5,21,0,0,Semi-Furnished,3,5,5,10.8,5,28290000.0
Bangalore - Whitefield,Apartment,2,1,1013,1,5,0,1,Unfurnished,2,6,9,0.6,7,10890000.0
Bangalore - HSR Layout,Apartment,2,1,1240,4,25,3,1,Furnished,2,7,6,3.6,3,19030000.0
Chennai - OMR IT Corridor,Apartment,2,2,1110,1,10,0,0,Semi-Furnished,1,5,7,1.3,5,8380000.0
Bangalore - Koramangala,Independent House,3,2,1987,0,2,9,2,Semi-Furnished,1,6,5,0.5,5,42050000.0
Mumbai - Worli Sea Face,Apartment,1,1,968,5,6,4,2,Semi-Furnished,3,6,6,1.8,8,50060000.0
Mumbai - Worli Sea Face,Apartment,3,2,1447,2,4,0,0,Furnished,1,7,7,15.0,6,79880000.0
Pune - Hinjewadi IT Park,Independent House,4,4,3169,0,2,2,2,Unfurnished,1,7,6,1.2,5,29040000.0
Mumbai - Navi Mumbai Vashi,Apartment,2,2,1180,9,27,3,1,Semi-Furnished,1,8,6,0.3,3,18100000.0
Delhi NCR - Gurgaon Golf Course Rd,Apartment,2,2,1219,6,14,8,1,Semi-Furnished,1,7,7,0.4,6,36310000.0
Delhi NCR - Gurgaon Golf Course Rd,Apartment,2,1,1325,6,20,5,1,Semi-Furnished,1,4,8,6.1,7,35970000.0
Pune - Wakad,Villa,3,2,2589,0,2,0,1,Furnished,3,8,6,0.8,6,36710000.0
Bangalore - Indiranagar,Villa,4,4,2653,0,2,19,2,Furnished,2,9,6,1.2,6,74930000.0
Mumbai - Andheri East,Apartment,3,2,1262,22,25,14,2,Semi-Furnished,3,8,7,7.8,7,27210000.0
Delhi NCR - Gurgaon Golf Course Rd,Apartment,2,1,1351,13,18,2,1,Furnished,2,7,6,3.2,6,44380000.0
Pune - Wakad,Apartment,2,1,1251,6,28,23,1,Semi-Furnished,2,9,7,1.2,6,9480000.0
Mumbai - Navi Mumbai Vashi,Villa,4,4,3247,0,1,3,2,Semi-Furnished,1,5,8,1.3,8,71680000.0
Delhi NCR - Gurgaon Golf Course Rd,Apartment,2,2,817,5,6,0,2,Semi-Furnished,1,10,8,8.5,5,29920000.0
Pune - Kalyani Nagar,Apartment,2,1,1311,7,8,3,1,Semi-Furnished,2,5,7,13.0,7,18310000.0
Pune - Kalyani Nagar,Apartment,2,2,813,5,15,1,1,Semi-Furnished,1,7,7,7.2,6,13900000.0
Bangalore - HSR Layout,Apartment,2,1,1145,11,12,3,2,Furnished,2,5,4,4.7,5,16440000.0
Chennai - OMR IT Corridor,Apartment,3,2,1609,9,12,0,1,Semi-Furnished,3,8,6,2.7,8,14790000.0
Hyderabad - Madhapur,Villa,5,5,3539,0,3,4,1,Semi-Furnished,3,7,6,4.4,7,68070000.0
Pune - Kalyani Nagar,Apartment,2,1,1010,14,24,2,1,Semi-Furnished,3,8,9,1.3,6,19490000.0
Delhi NCR - Noida Expressway,Apartment,3,2,1672,11,15,2,1,Furnished,3,7,7,3.5,8,20680000.0
Delhi NCR - Gurgaon Golf Course Rd,Villa,5,4,3321,0,3,22,1,Semi-Furnished,3,6,6,2.1,6,107530000.0
Pune - Koregaon Park,Villa,3,2,2136,0,2,1,2,Furnished,1,7,8,1.2,7,68680000.0
Chennai - Anna Nagar,Apartment,1,1,837,10,18,22,1,Furnished,2,5,8,4.4,4,8300000.0
Pune - Wakad,Apartment,3,2,1654,14,29,9,1,Furnished,1,5,7,0.7,7,14820000.0
Bangalore - Whitefield,Apartment,3,3,1648,25,25,11,2,Unfurnished,2,5,8,1.1,8,16300000.0
Hyderabad - Gachibowli,Penthouse,4,4,3630,43,44,2,3,Furnished,3,5,8,4.3,2,64210000.0
Pune - Kalyani Nagar,Apartment,2,2,1324,21,28,10,0,Furnished,2,5,6,1.2,6,17130000.0
Hyderabad - Madhapur,Penthouse,5,6,4857,38,38,5,2,Furnished,2,7,7,3.8,4,104460000.0
Mumbai - Navi Mumbai Vashi,Independent House,3,3,2061,0,1,10,2,Furnished,2,6,5,3.5,9,38000000.0
Hyderabad - Jubilee Hills,Apartment,2,2,1121,7,10,4,0,Semi-Furnished,1,8,7,15.0,6,29720000.0
Pune - Koregaon Park,Apartment,3,3,1495,23,29,5,1,Furnished,1,8,8,1.8,7,33460000.0
Bangalore - Indiranagar,Apartment,2,2,1319,1,9,0,0,Furnished,2,7,4,0.6,4,26930000.0
Bangalore - Whitefield,Apartment,3,3,1743,10,12,5,1,Semi-Furnished,1,8,6,1.1,6,20040000.0
Chennai - OMR IT Corridor,Apartment,4,4,2183,10,14,0,0,Semi-Furnished,0,9,5,5.7,6,17270000.0
Pune - Hinjewadi IT Park,Independent House,3,3,2582,0,3,4,2,Semi-Furnished,1,7,6,2.1,4,23560000.0
Chennai - OMR IT Corridor,Studio,1,1,462,2,4,6,0,Semi-Furnished,1,7,6,0.7,5,2860000.0
Delhi NCR - Gurgaon Golf Course Rd,Apartment,3,3,1411,1,19,8,1,Furnished,3,6,6,5.6,8,42020000.0
Delhi NCR - Noida Expressway,Independent House,3,2,1963,0,3,5,2,Semi-Furnished,3,6,7,0.5,3,19160000.0
Chennai - Adyar,Apartment,1,1,902,19,22,2,1,Furnished,2,7,7,0.6,5,21590000.0
Bangalore - Electronic City,Apartment,3,2,1700,1,7,8,1,Semi-Furnished,2,7,5,0.8,6,11800000.0
Delhi NCR - Gurgaon Cyber City,Apartment,1,1,727,4,5,7,2,Semi-Furnished,1,5,8,1.5,8,13860000.0
Chennai - Adyar,Independent House,3,3,2326,0,2,6,1,Furnished,1,9,8,0.5,3,58210000.0
Delhi NCR - Noida Expressway,Penthouse,6,6,5503,23,23,0,3,Semi-Furnished,3,6,4,2.7,4,81710000.0
Bangalore - HSR Layout,Independent House,4,3,2606,0,2,1,3,Unfurnished,2,9,5,1.3,8,62650000.0
Pune - Koregaon Park,Apartment,2,1,1173,8,23,0,2,Unfurnished,1,6,6,3.2,7,20910000.0
Bangalore - Koramangala,Apartment,2,2,1252,5,10,18,1,Semi-Furnished,1,5,7,3.9,7,20140000.0
Pune - Kalyani Nagar,Apartment,1,1,943,24,28,8,2,Semi-Furnished,1,8,7,9.5,7,15870000.0
Hyderabad - Madhapur,Apartment,2,2,1372,20,29,2,1,Furnished,3,6,8,11.3,6,18550000.0
Chennai - Adyar,Villa,4,3,2719,0,2,3,2,Furnished,3,5,4,3.1,9,76240000.0
Hyderabad - Gachibowli,Villa,4,3,2479,0,2,4,3,Semi-Furnished,2,6,7,10.3,10,45880000.0
Hyderabad - Jubilee Hills,Independent House,4,3,3083,0,1,21,1,Semi-Furnished,1,3,4,3.3,6,53570000.0
Chennai - Adyar,Apartment,2,1,1393,5,23,15,2,Unfurnished,0,8,5,0.8,9,25080000.0
Bangalore - Koramangala,Apartment,2,2,1180,14,15,1,2,Semi-Furnished,0,9,7,1.6,8,35730000.0
Delhi NCR - Noida Sector 62,Apartment,2,1,1087,14,20,12,1,Semi-Furnished,2,8,8,0.9,6,11580000.0
Delhi NCR - Noida Expressway,Apartment,2,1,1252,14,26,1,2,Semi-Furnished,2,6,6,7.1,7,12780000.0
Hyderabad - Gachibowli,Apartment,2,2,891,4,11,3,1,Unfurnished,2,4,5,2.0,6,8430000.0
Bangalore - Koramangala,Independent House,5,5,3091,0,2,1,3,Semi-Furnished,3,6,4,0.9,7,72130000.0
Bangalore - Electronic City,Independent House,5,5,3209,0,2,6,1,Semi-Furnished,1,5,8,6.2,8,26030000.0
Pune - Wakad,Apartment,3,3,1391,6,10,0,0,Semi-Furnished,1,6,6,4.5,4,10870000.0
Pune - Koregaon Park,Apartment,3,3,1625,20,22,3,2,Unfurnished,2,3,6,8.9,7,22280000.0
Bangalore - Whitefield,Apartment,2,1,969,21,24,0,1,Furnished,2,7,6,1.4,7,12260000.0
Pune - Hinjewadi IT Park,Apartment,3,3,1714,22,24,4,1,Unfurnished,2,9,5,0.4,4,15480000.0
Hyderabad - Madhapur,Villa,3,2,2430,0,2,7,2,Semi-Furnished,2,7,7,3.9,9,50620000.0
Pune - Hinjewadi IT Park,Apartment,3,2,1642,12,18,8,1,Semi-Furnished,3,7,8,9.0,5,13630000.0
Hyderabad - HITEC City,Apartment,3,3,1502,3,9,20,0,Semi-Furnished,1,5,6,0.9,5,14140000.0
Bangalore - Koramangala,Apartment,2,1,1072,12,14,1,2,Semi-Furnished,2,8,8,0.3,6,29870000.0
Mumbai - Worli Sea Face,Penthouse,4,4,3257,38,38,1,4,Furnished,4,6,5,3.0,7,279120000.0
Pune - Hinjewadi IT Park,Apartment,3,3,1448,5,10,4,2,Unfurnished,2,6,7,0.3,8,11340000.0
Bangalore - HSR Layout,Apartment,1,1,801,6,16,3,1,Semi-Furnished,2,7,7,7.7,10,14060000.0
Bangalore - Koramangala,Apartment,2,2,1065,6,29,0,1,Semi-Furnished,1,6,5,1.6,8,24390000.0
Pune - Kalyani Nagar,Independent House,4,4,2876,0,1,12,3,Furnished,3,6,7,0.7,7,48060000.0
Delhi NCR - Noida Sector 62,Studio,1,1,531,12,16,1,0,Semi-Furnished,0,8,6,10.0,5,4400000.0
Chennai - Anna Nagar,Apartment,2,2,1382,9,23,2,1,Semi-Furnished,0,9,5,1.2,4,24450000.0
Mumbai - Worli Sea Face,Penthouse,4,5,3679,39,39,13,2,Semi-Furnished,4,6,6,0.3,6,258810000.0
Delhi NCR - Gurgaon Golf Course Rd,Penthouse,3,4,2200,26,26,3,3,Semi-Furnished,3,5,6,5.1,6,108210000.0
Delhi NCR - Gurgaon Cyber City,Penthouse,5,5,4461,35,35,4,2,Semi-Furnished,4,7,5,2.0,6,133220000.0
Mumbai - Andheri East,Independent House,3,2,2124,0,2,1,1,Unfurnished,1,7,5,5.3,8,59510000.0
Mumbai - Worli Sea Face,Independent House,4,4,3009,0,2,5,1,Semi-Furnished,3,6,9,0.6,4,179740000.0
Mumbai - Navi Mumbai Vashi,Apartment,2,2,1413,4,5,5,1,Unfurnished,2,3,6,2.8,6,15190000.0
Delhi NCR - South Extension,Villa,4,4,2761,0,1,11,2,Furnished,2,7,8,1.5,6,122790000.0
Bangalore - Whitefield,Apartment,4,4,2062,4,26,4,1,Semi-Furnished,0,6,6,2.8,3,19330000.0
Chennai - Adyar,Independent House,4,4,2586,0,2,3,2,Semi-Furnished,3,7,7,0.6,8,66650000.0
Hyderabad - Madhapur,Apartment,3,3,1610,8,16,11,1,Semi-Furnished,2,7,8,3.3,7,19120000.0
Hyderabad - Madhapur,Independent House,3,3,1977,0,2,27,2,Unfurnished,3,7,8,3.4,7,20320000.0
Delhi NCR - Gurgaon Golf Course Rd,Villa,4,4,2999,0,2,4,2,Furnished,3,7,7,0.4,6,148470000.0
Bangalore - Koramangala,Apartment,1,1,780,3,22,16,1,Furnished,1,6,8,1.3,8,15350000.0
Delhi NCR - Noida Expressway,Villa,5,4,3895,0,1,8,2,Unfurnished,1,7,6,4.8,4,51860000.0
Chennai - Anna Nagar,Apartment,2,2,1271,4,16,6,0,Furnished,1,5,8,1.8,6,20300000.0
Pune - Kalyani Nagar,Villa,4,4,2979,0,2,1,2,Semi-Furnished,3,5,6,5.9,6,58310000.0
Mumbai - Thane West,Apartment,1,1,627,12,18,4,0,Semi-Furnished,1,5,8,1.2,6,8310000.0
Hyderabad - Jubilee Hills,Apartment,2,2,1075,11,19,3,1,Unfurnished,2,5,7,7.8,5,25230000.0
Chennai - OMR IT Corridor,Penthouse,4,5,3723,37,38,6,4,Furnished,3,8,7,0.9,10,65580000.0
Delhi NCR - Gurgaon Cyber City,Apartment,2,2,928,17,28,0,1,Furnished,2,6,6,0.8,9,23130000.0
Pune - Hinjewadi IT Park,Villa,5,5,3364,0,3,0,2,Semi-Furnished,2,8,4,2.1,3,39160000.0
Mumbai - Bandra West,Apartment,1,1,743,14,15,1,0,Unfurnished,1,5,6,0.4,7,28140000.0
Pune - Koregaon Park,Apartment,4,4,2271,4,18,3,1,Semi-Furnished,1,5,6,1.8,7,35350000.0
Delhi NCR - Gurgaon Cyber City,Apartment,1,1,468,4,20,3,2,Semi-Furnished,1,6,8,4.7,6,9260000.0
Bangalore - HSR Layout,Apartment,3,3,1628,7,24,3,1,Semi-Furnished,0,6,9,2.6,7,25280000.0
Delhi NCR - Gurgaon Golf Course Rd,Apartment,1,1,831,7,7,2,1,Unfurnished,0,8,5,2.0,7,24430000.0
Mumbai - Andheri East,Apartment,3,2,1773,11,13,1,0,Unfurnished,2,6,5,5.5,4,37790000.0
Hyderabad - Madhapur,Apartment,4,3,1912,4,18,17,0,Unfurnished,3,7,7,1.7,3,17510000.0
Mumbai - Worli Sea Face,Apartment,3,3,1742,26,29,2,0,Furnished,2,7,6,3.2,5,94340000.0
Bangalore - HSR Layout,Studio,1,1,358,6,7,1,0,Furnished,0,6,6,4.0,7,4850000.0
Mumbai - Andheri East,Studio,1,1,454,13,20,1,1,Semi-Furnished,0,10,8,3.9,9,13660000.0
Hyderabad - Madhapur,Apartment,2,2,1196,1,7,33,0,Unfurnished,1,8,5,1.5,7,10660000.0
Delhi NCR - Gurgaon Cyber City,Independent House,4,3,2103,0,2,3,1,Furnished,1,6,7,0.5,5,51750000.0
Delhi NCR - Gurgaon Cyber City,Apartment,2,2,1122,20,24,8,1,Furnished,2,5,8,2.0,10,25910000.0
Pune - Hinjewadi IT Park,Independent House,3,2,2030,0,2,4,2,Unfurnished,4,5,8,1.5,5,16830000.0
Mumbai - Worli Sea Face,Villa,4,4,2777,0,2,10,2,Furnished,2,6,5,0.5,9,211770000.0
Bangalore - Koramangala,Studio,1,1,505,2,23,10,1,Semi-Furnished,1,8,6,1.0,9,9970000.0
Delhi NCR - Noida Sector 62,Apartment,2,2,1202,4,9,7,1,Semi-Furnished,2,7,4,0.8,8,10740000.0
Hyderabad - HITEC City,Villa,3,2,2706,0,3,3,3,Semi-Furnished,2,8,6,1.0,6,58230000.0
Pune - Kalyani Nagar,Apartment,2,1,829,22,23,0,1,Semi-Furnished,2,3,7,3.0,10,11660000.0
Hyderabad - Gachibowli,Studio,1,1,560,1,22,3,1,Semi-Furnished,1,6,6,5.1,10,6220000.0
Delhi NCR - Gurgaon Golf Course Rd,Apartment,1,1,766,17,24,9,0,Semi-Furnished,1,8,7,0.4,4,22850000.0
Chennai - OMR IT Corridor,Independent House,4,4,2535,0,2,19,3,Semi-Furnished,2,5,6,1.6,5,16400000.0
Pune - Koregaon Park,Independent House,3,3,2457,0,2,0,2,Semi-Furnished,1,8,9,5.3,5,57170000.0
Chennai - Anna Nagar,Independent House,3,2,2852,0,2,6,1,Semi-Furnished,4,7,7,7.2,5,50490000.0
Delhi NCR - Gurgaon Golf Course Rd,Apartment,2,2,884,14,15,8,1,Furnished,1,8,7,1.0,4,31830000.0
Delhi NCR - Noida Expressway,Penthouse,3,4,2982,24,24,2,3,Furnished,2,7,7,0.9,8,59850000.0
Chennai - OMR IT Corridor,Apartment,2,2,1131,4,11,9,0,Furnished,1,4,6,2.3,9,7380000.0
Bangalore - HSR Layout,Independent House,3,3,2309,0,2,12,1,Furnished,1,9,4,0.5,7,43260000.0
Chennai - OMR IT Corridor,Apartment,1,1,830,2,7,6,0,Semi-Furnished,1,6,6,1.3,7,6500000.0
Bangalore - Koramangala,Apartment,2,2,1371,8,14,11,1,Unfurnished,2,5,9,0.4,5,22810000.0
Hyderabad - HITEC City,Apartment,2,1,1245,18,22,0,2,Semi-Furnished,1,7,6,2.4,7,20650000.0
Mumbai - Navi Mumbai Vashi,Apartment,1,1,543,6,11,6,1,Unfurnished,1,7,6,4.1,6,7790000.0
Mumbai - Bandra West,Apartment,2,2,1039,4,15,3,2,Semi-Furnished,0,7,6,0.5,5,42510000.0
Pune - Kalyani Nagar,Apartment,4,3,1930,1,13,3,1,Semi-Furnished,0,9,8,1.6,7,37600000.0
Mumbai - Worli Sea Face,Apartment,2,1,1035,13,15,0,2,Semi-Furnished,2,5,7,9.9,7,50440000.0
Delhi NCR - Gurgaon Cyber City,Villa,4,4,2888,0,1,10,1,Furnished,2,5,9,1.6,7,81580000.0
Delhi NCR - Noida Sector 62,Penthouse,4,5,3610,36,36,0,2,Furnished,2,8,6,2.2,6,63390000.0
Chennai - Anna Nagar,Apartment,1,1,773,7,9,5,2,Semi-Furnished,2,5,6,0.5,7,11440000.0
Pune - Hinjewadi IT Park,Apartment,2,2,1201,1,6,1,1,Unfurnished,1,7,8,1.6,4,10100000.0
Mumbai - Thane West,Apartment,3,3,2008,12,22,6,1,Furnished,1,5,5,0.5,6,24270000.0
Pune - Hinjewadi IT Park,Apartment,2,2,1324,13,26,1,1,Furnished,2,5,5,0.4,6,10940000.0
Mumbai - Navi Mumbai Vashi,Independent House,5,4,3703,0,2,6,2,Semi-Furnished,1,7,7,0.8,8,67360000.0
Chennai - OMR IT Corridor,Independent House,4,4,3294,0,2,1,1,Furnished,2,7,6,1.8,6,37680000.0
Pune - Koregaon Park,Apartment,2,2,1073,10,13,4,2,Unfurnished,2,6,6,3.0,6,18280000.0
Mumbai - Bandra West,Apartment,2,2,1106,5,8,3,1,Semi-Furnished,1,6,6,1.8,5,46560000.0
Hyderabad - Gachibowli,Apartment,2,1,1090,5,29,7,1,Unfurnished,1,7,7,1.6,7,13370000.0
Delhi NCR - Noida Sector 62,Villa,3,3,2107,0,2,1,3,Semi-Furnished,1,5,8,3.4,6,27890000.0
Delhi NCR - Noida Expressway,Studio,1,1,567,2,23,0,1,Semi-Furnished,1,6,7,6.0,8,4860000.0
Bangalore - Electronic City,Apartment,3,2,1692,1,4,0,1,Semi-Furnished,2,6,4,0.4,8,12420000.0
Delhi NCR - Noida Expressway,Apartment,2,1,1226,22,25,2,0,Semi-Furnished,1,7,5,0.7,8,13950000.0
Pune - Kalyani Nagar,Penthouse,4,5,3506,16,16,14,2,Semi-Furnished,3,7,7,4.7,4,85450000.0
Chennai - OMR IT Corridor,Penthouse,3,3,2573,33,33,4,2,Furnished,3,4,5,1.9,9,28950000.0
Chennai - Anna Nagar,Apartment,2,1,1437,1,14,19,1,Semi-Furnished,1,6,7,1.0,6,17740000.0
Mumbai - Thane West,Apartment,3,3,1926,2,7,2,1,Semi-Furnished,1,8,8,0.8,6,28020000.0
Delhi NCR - Gurgaon Golf Course Rd,Apartment,3,2,1690,3,7,7,0,Unfurnished,2,8,7,3.7,10,59860000.0
Chennai - Adyar,Apartment,2,2,987,5,8,3,2,Semi-Furnished,2,5,7,6.3,4,16600000.0
Mumbai - Navi Mumbai Vashi,Apartment,1,1,450,1,9,0,1,Semi-Furnished,1,7,7,3.3,5,7430000.0
Mumbai - Navi Mumbai Vashi,Apartment,3,2,1425,11,11,10,1,Furnished,2,6,5,2.7,7,20030000.0
Delhi NCR - South Extension,Independent House,3,3,1917,0,2,2,1,Semi-Furnished,3,5,5,1.0,5,61350000.0
Bangalore - Indiranagar,Apartment,3,3,1797,10,17,3,1,Semi-Furnished,2,5,6,1.1,6,32780000.0
Bangalore - Koramangala,Villa,3,2,2156,0,2,1,2,Unfurnished,3,7,5,2.7,6,63860000.0
Chennai - Anna Nagar,Apartment,4,4,1881,6,20,3,1,Unfurnished,2,10,10,2.9,6,40660000.0
Delhi NCR - Noida Sector 62,Apartment,1,1,752,10,16,6,1,Furnished,2,7,7,9.5,7,6980000.0
Chennai - Anna Nagar,Independent House,3,3,1876,0,2,7,3,Unfurnished,3,5,6,3.0,7,33160000.0
Delhi NCR - South Extension,Apartment,3,3,1638,10,26,3,1,Furnished,1,5,7,2.4,6,47010000.0
Delhi NCR - Gurgaon Cyber City,Studio,1,1,426,7,12,5,0,Semi-Furnished,1,7,7,0.9,10,8260000.0
Mumbai - Andheri East,Apartment,3,3,1256,2,4,3,0,Semi-Furnished,1,7,5,1.3,6,27450000.0
Chennai - OMR IT Corridor,Apartment,4,4,1963,2,10,5,1,Furnished,1,5,6,3.1,8,13940000.0
Bangalore - Koramangala,Independent House,4,3,3436,0,3,2,2,Semi-Furnished,2,5,7,4.3,8,77410000.0
Hyderabad - HITEC City,Apartment,2,1,1237,4,12,7,1,Furnished,2,6,5,1.0,7,16710000.0
Mumbai - Thane West,Penthouse,3,3,2254,21,21,2,2,Furnished,4,7,4,1.0,8,59450000.0
Bangalore - Whitefield,Apartment,1,1,631,9,21,16,1,Semi-Furnished,1,4,7,2.9,4,4290000.0
Hyderabad - HITEC City,Apartment,2,1,830,2,28,3,1,Semi-Furnished,1,5,6,3.7,7,9400000.0
Hyderabad - Jubilee Hills,Apartment,4,4,2048,1,6,3,1,Unfurnished,1,6,7,0.3,6,54570000.0
Hyderabad - Gachibowli,Apartment,1,1,628,16,21,4,2,Semi-Furnished,2,6,6,0.6,8,8130000.0
Pune - Wakad,Villa,5,4,3468,0,2,0,1,Semi-Furnished,4,8,7,1.4,7,51350000.0
Delhi NCR - Gurgaon Cyber City,Villa,3,3,1738,0,2,3,2,Semi-Furnished,2,8,6,0.5,5,55000000.0
Delhi NCR - Noida Sector 62,Apartment,3,3,1601,7,20,3,1,Furnished,1,5,8,0.5,6,13550000.0
Bangalore - HSR Layout,Apartment,3,2,1505,16,24,4,1,Furnished,2,9,7,0.4,8,33510000.0
Delhi NCR - South Extension,Villa,4,4,3014,0,1,1,3,Semi-Furnished,3,7,8,0.5,5,146770000.0
Mumbai - Andheri East,Penthouse,4,4,3083,32,32,1,2,Semi-Furnished,3,6,6,14.3,3,103020000.0
Chennai - OMR IT Corridor,Apartment,2,2,859,6,25,6,1,Semi-Furnished,1,7,5,1.5,8,7270000.0
Chennai - Adyar,Apartment,2,1,1221,2,23,5,2,Semi-Furnished,1,7,7,0.9,5,23660000.0
Bangalore - Electronic City,Apartment,2,1,1008,1,6,4,0,Semi-Furnished,1,7,8,3.4,5,7680000.0
Pune - Kalyani Nagar,Penthouse,5,5,4503,39,39,0,3,Furnished,3,9,9,1.3,5,167000000.0
Chennai - Adyar,Apartment,1,1,550,1,5,2,1,Furnished,2,4,8,2.4,5,10380000.0
Mumbai - Worli Sea Face,Apartment,2,2,1479,3,4,11,1,Unfurnished,0,8,6,8.1,7,63730000.0
Chennai - Anna Nagar,Villa,4,3,3189,0,1,0,2,Semi-Furnished,1,5,9,0.4,8,83470000.0
Bangalore - Indiranagar,Apartment,4,4,1868,3,15,13,1,Unfurnished,1,8,7,2.0,8,36690000.0
Mumbai - Navi Mumbai Vashi,Apartment,2,1,949,13,14,5,2,Furnished,1,6,7,5.4,8,16760000.0
Mumbai - Navi Mumbai Vashi,Apartment,3,2,1511,1,12,8,1,Unfurnished,1,6,7,1.4,10,23610000.0
Hyderabad - Jubilee Hills,Apartment,2,2,776,2,7,3,1,Furnished,1,7,6,0.5,8,23900000.0
Delhi NCR - Noida Expressway,Apartment,1,1,450,17,17,6,2,Furnished,1,9,4,3.4,7,5150000.0
Hyderabad - Madhapur,Apartment,1,1,705,11,19,2,1,Unfurnished,2,7,7,7.9,7,9250000.0
Pune - Kalyani Nagar,Apartment,2,1,1051,21,27,1,2,Furnished,2,6,7,0.9,6,19180000.0
Bangalore - Electronic City,Apartment,2,2,838,24,25,6,0,Semi-Furnished,2,7,5,1.4,7,6330000.0
Mumbai - Worli Sea Face,Villa,3,2,2547,0,2,0,2,Furnished,2,5,7,14.3,6,154420000.0
Hyderabad - HITEC City,Villa,4,3,3474,0,2,15,2,Semi-Furnished,4,7,6,2.7,10,61820000.0
Chennai - Adyar,Apartment,3,3,1664,18,28,2,1,Unfurnished,2,8,8,0.3,5,37010000.0
Pune - Kalyani Nagar,Apartment,1,1,938,1,6,0,1,Semi-Furnished,0,8,4,2.1,7,14770000.0
Bangalore - HSR Layout,Apartment,3,3,1654,2,21,6,1,Semi-Furnished,0,6,7,1.2,5,24640000.0
Mumbai - Worli Sea Face,Apartment,1,1,525,11,12,5,1,Furnished,1,4,7,0.5,6,26230000.0
Pune - Hinjewadi IT Park,Apartment,2,2,1004,23,24,0,0,Semi-Furnished,3,8,8,7.0,6,10790000.0
Pune - Hinjewadi IT Park,Independent House,4,4,3479,0,1,3,2,Semi-Furnished,1,7,5,3.1,7,33930000.0
Pune - Kalyani Nagar,Apartment,2,2,1254,12,20,6,0,Furnished,2,9,8,1.4,9,26910000.0
Chennai - Anna Nagar,Apartment,3,2,1459,1,8,10,0,Semi-Furnished,3,8,7,4.0,7,24540000.0
Mumbai - Worli Sea Face,Apartment,2,2,1511,11,11,3,1,Furnished,1,6,6,0.8,4,78470000.0
Mumbai - Worli Sea Face,Independent House,3,3,2526,0,2,4,1,Unfurnished,3,6,8,1.0,9,155990000.0
Bangalore - Indiranagar,Apartment,1,1,511,8,20,0,2,Semi-Furnished,3,6,7,1.1,4,9890000.0
Delhi NCR - Gurgaon Cyber City,Independent House,4,4,2920,0,2,0,2,Furnished,2,7,7,0.4,5,78410000.0
Chennai - Anna Nagar,Apartment,3,3,1376,2,20,1,1,Semi-Furnished,2,4,5,5.8,5,18190000.0
Delhi NCR - Noida Expressway,Penthouse,3,3,2528,28,29,3,3,Semi-Furnished,4,4,5,2.3,7,34060000.0
Chennai - OMR IT Corridor,Penthouse,4,4,3373,20,20,0,3,Semi-Furnished,3,7,7,2.3,9,50880000.0
Bangalore - Electronic City,Apartment,3,2,1511,9,9,5,1,Unfurnished,2,5,6,1.9,8,9640000.0
Mumbai - Thane West,Apartment,3,3,1373,4,13,2,1,Semi-Furnished,2,6,7,6.9,9,19800000.0
Delhi NCR - Noida Sector 62,Apartment,2,2,945,12,13,4,2,Unfurnished,2,4,8,6.8,6,7210000.0
Mumbai - Navi Mumbai Vashi,Apartment,1,1,662,20,21,7,0,Semi-Furnished,1,7,6,13.1,8,10190000.0
Mumbai - Andheri East,Independent House,5,5,2963,0,2,0,2,Furnished,3,7,8,0.6,6,97810000.0
Delhi NCR - South Extension,Villa,5,5,3569,0,2,1,3,Semi-Furnished,4,7,4,1.0,9,165140000.0
Bangalore - Electronic City,Independent House,3,3,1881,0,1,18,2,Semi-Furnished,2,7,6,0.5,6,14180000.0
Chennai - Anna Nagar,Villa,5,5,3323,0,1,0,2,Semi-Furnished,3,7,7,1.5,9,91080000.0
Mumbai - Worli Sea Face,Apartment,2,1,1215,8,12,3,2,Unfurnished,1,6,8,1.3,6,57920000.0
Bangalore - Electronic City,Apartment,3,2,1314,1,11,5,1,Semi-Furnished,1,8,4,1.2,4,9270000.0
Mumbai - Worli Sea Face,Independent House,3,3,2295,0,3,0,2,Unfurnished,1,6,9,0.4,6,135000000.0
Chennai - OMR IT Corridor,Apartment,2,1,1057,1,11,3,0,Semi-Furnished,2,5,6,4.0,4,6650000.0
Mumbai - Andheri East,Independent House,3,3,1807,0,2,2,2,Semi-Furnished,2,8,7,2.5,8,59560000.0
Delhi NCR - Gurgaon Golf Course Rd,Apartment,2,2,1130,5,14,6,1,Semi-Furnished,2,6,7,1.8,7,31820000.0
Bangalore - HSR Layout,Apartment,3,3,1540,8,10,0,1,Semi-Furnished,2,6,7,5.9,5,24350000.0
Bangalore - Electronic City,Studio,1,1,515,1,9,0,0,Unfurnished,0,7,7,0.9,8,3600000.0
Delhi NCR - Noida Expressway,Apartment,1,1,494,12,16,1,1,Semi-Furnished,2,9,6,2.4,8,5990000.0
Bangalore - Whitefield,Studio,1,1,517,15,19,4,0,Furnished,0,8,5,2.8,9,5400000.0
Chennai - OMR IT Corridor,Studio,1,1,488,9,18,2,0,Semi-Furnished,1,6,7,3.3,6,3390000.0
Mumbai - Navi Mumbai Vashi,Villa,3,2,1984,0,2,22,2,Semi-Furnished,4,9,5,2.4,5,39760000.0
Delhi NCR - South Extension,Independent House,3,3,1672,0,2,0,2,Furnished,3,6,6,2.7,7,67200000.0
Mumbai - Andheri East,Apartment,3,3,1873,7,18,3,1,Furnished,2,4,7,1.7,4,37290000.0
Chennai - Anna Nagar,Penthouse,6,6,5444,37,37,0,3,Semi-Furnished,4,6,7,1.2,6,153200000.0
Delhi NCR - Noida Expressway,Apartment,2,1,1406,5,7,1,1,Semi-Furnished,3,8,4,4.6,5,13260000.0
Bangalore - Indiranagar,Apartment,2,1,997,5,7,0,1,Semi-Furnished,2,7,6,0.6,6,20670000.0
Bangalore - Whitefield,Independent House,3,3,1928,0,3,0,2,Furnished,3,6,8,7.7,9,26600000.0
Mumbai - Navi Mumbai Vashi,Apartment,3,3,1711,4,5,4,1,Furnished,2,8,7,1.5,7,32390000.0
Pune - Koregaon Park,Apartment,2,2,1212,15,17,13,0,Semi-Furnished,1,8,7,0.8,7,22920000.0
Chennai - Adyar,Apartment,2,1,1265,5,24,0,2,Semi-Furnished,1,6,9,1.2,5,27470000.0
Pune - Hinjewadi IT Park,Apartment,2,2,897,16,20,2,1,Furnished,1,6,6,0.4,3,7450000.0
Bangalore - Indiranagar,Villa,4,4,2712,0,3,5,2,Semi-Furnished,2,7,6,11.0,7,79220000.0
Mumbai - Navi Mumbai Vashi,Apartment,1,1,633,7,22,2,0,Semi-Furnished,2,7,4,3.5,8,9580000.0
Pune - Koregaon Park,Penthouse,4,5,4040,16,16,6,3,Furnished,4,8,6,0.8,8,130040000.0
Delhi NCR - Gurgaon Cyber City,Independent House,3,3,2263,0,1,15,3,Furnished,2,8,7,2.8,6,48890000.0
Mumbai - Navi Mumbai Vashi,Villa,4,4,2524,0,3,0,3,Furnished,2,7,6,8.5,10,65410000.0
Delhi NCR - Gurgaon Cyber City,Apartment,3,2,1461,2,10,5,1,Unfurnished,2,7,6,1.9,6,25990000.0
Pune - Kalyani Nagar,Villa,4,4,2645,0,2,1,2,Semi-Furnished,2,6,6,1.8,5,60930000.0
Pune - Hinjewadi IT Park,Apartment,1,1,913,3,5,6,2,Semi-Furnished,2,7,6,2.2,5,6980000.0
Bangalore - Whitefield,Villa,4,4,2623,0,2,4,3,Semi-Furnished,4,7,6,1.1,6,44830000.0
Delhi NCR - Gurgaon Cyber City,Apartment,2,1,1103,10,20,1,0,Semi-Furnished,1,9,6,2.8,5,24330000.0
Pune - Wakad,Penthouse,5,6,4350,15,16,6,4,Semi-Furnished,3,4,5,6.3,6,49520000.0
Chennai - Adyar,Studio,1,1,424,5,16,3,1,Semi-Furnished,0,6,6,1.4,5,6790000.0
Mumbai - Worli Sea Face,Apartment,2,1,1363,6,6,4,1,Furnished,1,7,7,5.0,5,72960000.0
Chennai - Anna Nagar,Apartment,3,2,1527,15,15,9,0,Semi-Furnished,1,7,7,1.0,6,26940000.0
Bangalore - Whitefield,Villa,3,2,2262,0,3,0,1,Semi-Furnished,2,7,4,0.3,3,32370000.0
Mumbai - Andheri East,Apartment,2,2,1482,11,13,2,2,Semi-Furnished,1,5,8,2.0,6,36440000.0
Bangalore - Whitefield,Penthouse,3,3,2810,34,35,1,2,Semi-Furnished,4,5,6,5.3,5,44090000.0
Delhi NCR - Gurgaon Cyber City,Apartment,3,3,1472,2,14,2,1,Furnished,1,8,7,1.6,5,36310000.0
Delhi NCR - Gurgaon Cyber City,Apartment,3,3,1470,4,25,0,1,Semi-Furnished,2,8,7,2.4,6,33330000.0
Mumbai - Bandra West,Studio,1,1,417,10,15,6,0,Semi-Furnished,1,6,5,2.8,6,12520000.0
Bangalore - Indiranagar,Independent House,3,2,1866,0,2,14,1,Unfurnished,3,7,6,2.8,8,40060000.0
Chennai - Anna Nagar,Villa,4,4,2986,0,2,2,1,Semi-Furnished,3,6,5,2.1,5,63970000.0
Pune - Wakad,Apartment,2,1,1453,6,11,0,2,Semi-Furnished,2,8,8,1.1,5,15480000.0
Pune - Koregaon Park,Independent House,4,3,3038,0,1,16,3,Semi-Furnished,2,5,9,1.8,2,48210000.0
Bangalore - Whitefield,Independent House,4,3,2757,0,1,0,1,Unfurnished,3,5,7,15.0,8,30160000.0
Mumbai - Bandra West,Independent House,3,2,2666,0,2,0,2,Semi-Furnished,3,9,6,0.7,9,167270000.0
Pune - Koregaon Park,Independent House,3,2,2969,0,3,0,2,Semi-Furnished,3,5,8,0.4,8,65680000.0
Bangalore - Electronic City,Apartment,2,2,1148,11,21,3,1,Semi-Furnished,1,8,5,2.2,6,9730000.0
Delhi NCR - Gurgaon Cyber City,Apartment,3,3,1649,4,18,10,0,Semi-Furnished,2,5,7,6.4,7,25110000.0
Delhi NCR - South Extension,Apartment,3,3,1532,9,27,0,1,Unfurnished,0,8,8,0.5,8,53080000.0
Delhi NCR - Gurgaon Cyber City,Villa,3,2,2253,0,2,8,3,Furnished,3,8,5,5.9,4,60720000.0
Chennai - OMR IT Corridor,Apartment,2,2,1225,2,5,1,1,Furnished,1,5,7,3.4,7,9660000.0
Hyderabad - Gachibowli,Independent House,4,4,2713,0,2,3,2,Unfurnished,1,5,8,3.3,6,34380000.0
Bangalore - HSR Layout,Apartment,2,2,1000,10,16,12,2,Semi-Furnished,2,6,8,3.6,7,13760000.0
Mumbai - Thane West,Independent House,3,3,1821,0,3,7,1,Semi-Furnished,1,10,8,1.5,6,38220000.0
Bangalore - Indiranagar,Villa,3,2,2666,0,1,3,1,Semi-Furnished,4,7,5,2.8,8,78360000.0
Bangalore - Koramangala,Apartment,2,2,1153,10,27,0,0,Furnished,2,7,5,0.7,5,24000000.0
Mumbai - Navi Mumbai Vashi,Apartment,3,3,1316,9,9,7,1,Semi-Furnished,2,4,6,9.3,8,14820000.0
Delhi NCR - South Extension,Apartment,2,2,1199,3,19,4,1,Semi-Furnished,3,7,8,0.6,7,37130000.0
Delhi NCR - Gurgaon Cyber City,Independent House,3,2,1991,0,2,6,1,Semi-Furnished,1,7,9,6.2,6,48860000.0
Chennai - Adyar,Villa,4,4,2675,0,2,6,1,Semi-Furnished,1,6,7,3.4,8,76490000.0
Chennai - OMR IT Corridor,Apartment,2,2,916,4,15,16,1,Unfurnished,1,8,4,0.3,10,6780000.0
Pune - Wakad,Independent House,4,4,2837,0,1,2,2,Furnished,4,4,7,9.5,7,27320000.0
Hyderabad - Madhapur,Apartment,2,2,964,9,18,1,1,Unfurnished,2,3,4,8.9,4,7310000.0
Bangalore - HSR Layout,Apartment,3,2,1483,7,9,2,0,Furnished,2,8,6,0.5,10,28150000.0
Bangalore - HSR Layout,Penthouse,5,6,4570,43,43,0,3,Semi-Furnished,4,7,5,1.2,7,129870000.0
Delhi NCR - South Extension,Apartment,1,1,538,7,29,8,1,Unfurnished,1,5,6,0.7,7,13230000.0
Hyderabad - Gachibowli,Apartment,4,3,2132,1,23,0,1,Semi-Furnished,1,5,8,0.8,6,24420000.0
Bangalore - Koramangala,Apartment,3,3,1704,5,12,6,1,Semi-Furnished,0,7,7,2.4,2,32730000.0
Pune - Hinjewadi IT Park,Apartment,2,2,923,7,10,7,0,Semi-Furnished,2,6,6,0.4,4,6580000.0
Mumbai - Thane West,Apartment,4,4,2056,7,23,4,2,Semi-Furnished,3,6,6,3.8,7,24940000.0
Mumbai - Andheri East,Apartment,2,2,1264,6,15,2,1,Furnished,1,5,5,4.7,5,27210000.0
Delhi NCR - Noida Sector 62,Independent House,4,4,2754,0,2,7,1,Unfurnished,2,7,7,4.3,6,25870000.0
Delhi NCR - Gurgaon Cyber City,Apartment,2,1,979,19,19,12,1,Semi-Furnished,1,10,9,4.6,6,23420000.0
Delhi NCR - Gurgaon Golf Course Rd,Apartment,1,1,1223,3,15,1,1,Semi-Furnished,0,5,8,0.7,6,37400000.0
Bangalore - Koramangala,Apartment,2,2,945,7,26,3,2,Semi-Furnished,3,4,5,5.2,5,16250000.0
Mumbai - Andheri East,Apartment,2,1,1051,15,21,28,1,Furnished,1,8,7,6.5,8,23560000.0
Delhi NCR - Gurgaon Cyber City,Independent House,4,4,3039,0,2,3,1,Furnished,2,7,7,1.3,7,83170000.0
Delhi NCR - Noida Sector 62,Studio,1,1,410,3,16,9,1,Semi-Furnished,0,8,8,0.9,5,3040000.0
Pune - Kalyani Nagar,Apartment,2,1,1394,9,28,4,1,Semi-Furnished,1,8,7,1.5,6,24190000.0
Bangalore - Electronic City,Penthouse,4,4,3500,37,37,3,3,Semi-Furnished,3,6,8,0.5,6,44410000.0
Pune - Kalyani Nagar,Apartment,1,1,450,6,13,3,1,Unfurnished,1,9,7,1.5,6,8480000.0
Bangalore - Whitefield,Apartment,2,2,1228,1,4,1,1,Furnished,2,9,7,0.3,8,16570000.0
Mumbai - Andheri East,Apartment,3,3,1350,2,5,0,2,Semi-Furnished,1,6,9,3.0,9,39890000.0
Chennai - Anna Nagar,Apartment,2,2,1153,4,4,6,1,Furnished,3,8,7,14.2,5,19420000.0
Delhi NCR - Gurgaon Cyber City,Apartment,3,3,1747,16,24,0,1,Semi-Furnished,1,5,5,2.3,10,33540000.0
Mumbai - Worli Sea Face,Independent House,3,3,2781,0,1,1,2,Furnished,3,5,6,1.6,5,148390000.0
Pune - Koregaon Park,Apartment,3,2,1792,7,13,3,0,Unfurnished,1,6,6,1.6,8,30800000.0
Bangalore - Indiranagar,Penthouse,4,5,3376,35,36,3,3,Furnished,4,6,6,3.8,5,114050000.0
Pune - Wakad,Apartment,2,1,903,5,16,1,1,Unfurnished,2,6,8,1.9,4,7160000.0
Bangalore - Koramangala,Apartment,2,2,1211,11,11,0,0,Semi-Furnished,2,7,5,5.4,9,28340000.0
Bangalore - HSR Layout,Independent House,4,4,3090,0,2,1,3,Unfurnished,1,6,7,3.4,7,55450000.0
Bangalore - Electronic City,Apartment,2,2,976,8,10,1,2,Semi-Furnished,1,7,6,3.0,7,7880000.0
Mumbai - Andheri East,Apartment,4,4,2441,22,25,0,0,Unfurnished,2,9,8,6.0,9,75690000.0
Delhi NCR - Noida Expressway,Independent House,4,3,2666,0,2,30,2,Furnished,2,5,7,7.4,7,21000000.0
Mumbai - Navi Mumbai Vashi,Penthouse,5,5,4579,43,43,3,2,Semi-Furnished,2,5,8,3.1,4,114570000.0
Hyderabad - Jubilee Hills,Villa,4,4,3418,0,2,3,1,Unfurnished,1,7,8,0.9,4,134030000.0
Mumbai - Thane West,Independent House,3,3,2472,0,3,5,1,Furnished,4,6,7,3.9,6,43160000.0
Hyderabad - HITEC City,Independent House,4,3,2384,0,1,2,3,Furnished,1,7,8,2.1,6,43510000.0
Mumbai - Thane West,Studio,1,1,448,1,18,5,1,Semi-Furnished,0,7,4,2.5,7,5050000.0
Pune - Hinjewadi IT Park,Apartment,3,3,1408,5,6,0,1,Unfurnished,2,5,7,2.8,7,10680000.0
Mumbai - Thane West,Apartment,2,1,1125,8,15,0,0,Semi-Furnished,2,5,8,4.1,7,14810000.0
Pune - Kalyani Nagar,Apartment,2,2,1297,17,20,1,1,Semi-Furnished,2,5,8,1.0,7,20800000.0
Delhi NCR - Gurgaon Golf Course Rd,Apartment,2,2,1151,3,8,3,2,Furnished,2,4,5,10.5,8,29980000.0
Hyderabad - Jubilee Hills,Independent House,3,3,2457,0,3,13,3,Furnished,1,9,4,3.2,7,77880000.0
Pune - Kalyani Nagar,Independent House,4,3,2394,0,2,3,1,Unfurnished,2,7,6,0.7,9,45810000.0
Bangalore - HSR Layout,Independent House,4,3,2864,0,1,14,2,Furnished,3,7,9,1.5,6,54780000.0
Hyderabad - Jubilee Hills,Apartment,2,2,1062,18,19,0,2,Semi-Furnished,2,9,8,2.3,9,40720000.0
Mumbai - Bandra West,Independent House,4,3,2234,0,3,5,1,Unfurnished,3,7,7,5.0,7,106750000.0
Hyderabad - Jubilee Hills,Apartment,2,2,880,6,20,0,2,Furnished,1,7,6,1.7,3,25760000.0
Chennai - Adyar,Independent House,4,4,2887,0,1,1,2,Semi-Furnished,3,6,6,1.1,6,60830000.0
Chennai - Anna Nagar,Apartment,3,3,1818,15,15,0,1,Furnished,1,7,5,8.9,8,35330000.0
Pune - Hinjewadi IT Park,Apartment,3,2,1393,23,29,7,1,Semi-Furnished,0,8,6,6.9,7,12820000.0
Pune - Hinjewadi IT Park,Apartment,3,2,1588,8,9,8,0,Furnished,1,6,7,1.0,4,13490000.0
Delhi NCR - Noida Sector 62,Apartment,1,1,457,18,24,1,1,Semi-Furnished,2,5,7,6.6,4,3950000.0
Delhi NCR - Noida Expressway,Villa,4,4,3257,0,1,11,3,Semi-Furnished,3,6,4,0.4,5,40970000.0
Delhi NCR - Gurgaon Golf Course Rd,Penthouse,6,6,5300,39,39,2,3,Semi-Furnished,4,6,6,2.1,8,269680000.0
Mumbai - Thane West,Independent House,4,4,3031,0,2,16,1,Semi-Furnished,3,6,7,1.9,8,42270000.0
Mumbai - Worli Sea Face,Apartment,3,2,1403,6,7,3,0,Furnished,0,7,7,2.7,4,65150000.0
Hyderabad - HITEC City,Apartment,2,2,1539,1,14,4,1,Semi-Furnished,2,6,4,4.4,8,18540000.0
Delhi NCR - Gurgaon Golf Course Rd,Independent House,3,3,2349,0,2,4,1,Semi-Furnished,2,9,6,1.6,10,108450000.0
Bangalore - Koramangala,Villa,4,3,3062,0,2,5,1,Semi-Furnished,2,9,7,2.3,10,126040000.0
Delhi NCR - South Extension,Apartment,2,2,943,4,17,3,1,Furnished,2,7,6,13.2,4,25440000.0
Mumbai - Bandra West,Apartment,3,3,1372,17,19,2,2,Semi-Furnished,2,7,5,1.5,9,66450000.0
Bangalore - Indiranagar,Independent House,4,4,2464,0,2,6,3,Furnished,4,6,9,2.2,7,69890000.0
Delhi NCR - Noida Expressway,Apartment,3,3,1565,5,8,7,1,Semi-Furnished,2,5,8,7.8,7,13750000.0
Delhi NCR - Noida Expressway,Apartment,2,2,1279,3,10,3,2,Furnished,2,7,6,4.0,6,13830000.0
Pune - Wakad,Apartment,3,3,1359,7,25,1,2,Semi-Furnished,1,9,8,1.8,9,16270000.0
Delhi NCR - South Extension,Apartment,1,1,535,5,13,4,2,Furnished,1,8,8,0.3,5,19310000.0
Chennai - Adyar,Villa,4,4,2550,0,1,5,2,Unfurnished,1,5,4,2.1,10,61250000.0
Hyderabad - Madhapur,Studio,1,1,469,1,4,8,0,Unfurnished,0,6,8,1.4,4,4250000.0
Chennai - Adyar,Apartment,2,2,1020,3,26,3,1,Furnished,1,6,7,2.5,3,17580000.0
Mumbai - Andheri East,Apartment,2,2,1258,12,28,1,1,Semi-Furnished,0,6,6,8.2,7,30900000.0
Delhi NCR - Noida Sector 62,Apartment,3,2,1634,7,10,0,1,Furnished,0,6,9,0.8,7,19220000.0
Mumbai - Andheri East,Apartment,2,2,1327,7,8,2,0,Semi-Furnished,3,3,9,1.9,8,27720000.0
Mumbai - Thane West,Apartment,4,4,1827,5,13,2,2,Semi-Furnished,1,5,6,5.4,6,20580000.0
Pune - Kalyani Nagar,Independent House,3,2,2102,0,2,1,3,Semi-Furnished,4,6,7,2.3,7,43010000.0
Mumbai - Worli Sea Face,Apartment,3,3,1494,8,20,7,1,Semi-Furnished,1,8,6,4.1,6,68250000.0
Delhi NCR - Gurgaon Cyber City,Apartment,2,1,1261,8,10,3,1,Furnished,0,7,6,0.8,2,24780000.0
Bangalore - Electronic City,Apartment,2,2,1057,7,29,0,0,Semi-Furnished,2,6,8,2.1,6,8280000.0
Bangalore - Koramangala,Apartment,3,3,1305,8,14,1,2,Furnished,2,8,6,3.9,7,30660000.0
Delhi NCR - Noida Expressway,Apartment,3,2,1651,5,5,4,1,Semi-Furnished,1,5,4,2.7,10,13910000.0
Hyderabad - Madhapur,Apartment,2,2,1125,12,15,1,2,Semi-Furnished,2,7,4,0.4,7,14480000.0
Delhi NCR - South Extension,Studio,1,1,421,7,22,5,1,Semi-Furnished,0,7,6,12.9,8,9380000.0
Hyderabad - HITEC City,Apartment,2,2,1151,3,14,2,0,Furnished,3,5,6,3.8,6,15230000.0
Mumbai - Andheri East,Apartment,2,2,1094,16,21,4,1,Semi-Furnished,2,5,8,0.7,4,25130000.0
Delhi NCR - Noida Expressway,Penthouse,3,4,2704,36,37,2,2,Semi-Furnished,3,6,8,3.8,7,42170000.0
Delhi NCR - Noida Sector 62,Studio,1,1,541,3,6,0,0,Furnished,0,6,5,2.5,7,4290000.0
Hyderabad - HITEC City,Independent House,4,4,3541,0,2,3,2,Semi-Furnished,3,7,5,1.7,5,53940000.0
Hyderabad - Jubilee Hills,Villa,5,5,3326,0,2,1,2,Unfurnished,2,6,9,3.5,6,132540000.0
Delhi NCR - South Extension,Apartment,3,2,1617,15,20,4,1,Unfurnished,1,6,8,5.0,10,46840000.0
Mumbai - Worli Sea Face,Apartment,2,2,1020,17,17,5,1,Semi-Furnished,3,3,9,3.2,4,43270000.0
Pune - Kalyani Nagar,Apartment,3,3,1672,9,17,4,0,Semi-Furnished,1,8,7,1.7,5,26930000.0
Delhi NCR - Gurgaon Golf Course Rd,Independent House,3,2,2101,0,2,2,1,Furnished,2,6,6,1.3,8,76580000.0
Chennai - Anna Nagar,Independent House,5,4,3824,0,1,0,2,Unfurnished,2,4,8,0.6,7,64780000.0
Hyderabad - Gachibowli,Apartment,2,2,1299,1,4,3,1,Furnished,0,7,6,5.6,5,15970000.0
Delhi NCR - Noida Expressway,Apartment,1,1,595,6,11,2,1,Unfurnished,1,6,5,0.6,5,5340000.0
Pune - Koregaon Park,Independent House,3,2,1889,0,3,13,3,Semi-Furnished,2,7,8,1.5,7,41340000.0
Mumbai - Navi Mumbai Vashi,Apartment,2,1,1358,7,12,9,1,Semi-Furnished,0,7,6,6.2,4,17570000.0
Hyderabad - HITEC City,Apartment,2,2,891,2,22,4,2,Unfurnished,2,3,9,2.4,8,9290000.0
Bangalore - Indiranagar,Independent House,3,2,2189,0,3,0,2,Furnished,1,6,6,3.2,3,52830000.0
Pune - Wakad,Independent House,4,4,3639,0,3,7,2,Semi-Furnished,4,8,8,8.2,6,37390000.0
Chennai - OMR IT Corridor,Villa,3,3,2146,0,2,12,1,Semi-Furnished,3,6,6,5.4,6,20790000.0
Mumbai - Navi Mumbai Vashi,Penthouse,3,4,3355,23,23,12,3,Furnished,3,4,7,2.9,5,72170000.0
Mumbai - Worli Sea Face,Apartment,3,3,1742,2,29,2,2,Semi-Furnished,2,6,9,1.6,5,91140000.0
Mumbai - Bandra West,Independent House,3,3,2301,0,1,1,3,Semi-Furnished,3,5,5,1.8,7,105590000.0
Chennai - Adyar,Independent House,5,5,3230,0,1,14,2,Semi-Furnished,4,7,7,2.3,4,60450000.0
Bangalore - Indiranagar,Apartment,4,4,1867,7,13,0,1,Furnished,2,4,7,4.1,6,34070000.0
Delhi NCR - Noida Expressway,Apartment,3,3,1868,18,24,6,1,Unfurnished,1,8,8,3.1,4,20490000.0
Mumbai - Andheri East,Apartment,3,2,1323,2,8,0,0,Furnished,1,9,8,1.1,3,36920000.0
Mumbai - Worli Sea Face,Apartment,2,2,822,3,14,0,1,Furnished,2,7,5,0.3,7,46570000.0
Pune - Kalyani Nagar,Independent House,4,4,2867,0,1,17,1,Furnished,1,6,4,1.3,9,42720000.0
Chennai - OMR IT Corridor,Villa,4,4,2896,0,2,1,3,Furnished,2,7,6,7.2,9,40920000.0
Chennai - Anna Nagar,Apartment,1,1,1012,20,26,16,1,Furnished,2,5,6,0.6,8,14770000.0
Delhi NCR - Gurgaon Golf Course Rd,Apartment,1,1,488,20,25,0,1,Unfurnished,2,7,7,5.7,6,15210000.0
Pune - Hinjewadi IT Park,Studio,1,1,440,2,19,0,0,Semi-Furnished,0,8,6,9.0,4,3110000.0
Delhi NCR - Noida Expressway,Apartment,2,2,1018,8,23,1,1,Furnished,1,7,3,1.0,10,11370000.0
Delhi NCR - Gurgaon Golf Course Rd,Apartment,2,2,1246,1,10,2,0,Furnished,2,6,5,1.1,8,36640000.0
Pune - Koregaon Park,Independent House,4,4,2940,0,2,9,2,Semi-Furnished,2,8,7,5.5,7,62120000.0
Bangalore - Whitefield,Apartment,2,2,816,3,20,0,0,Unfurnished,2,6,5,9.0,7,7880000.0
Delhi NCR - Noida Sector 62,Apartment,2,1,1049,1,4,2,0,Furnished,1,8,7,1.7,6,11140000.0
Chennai - OMR IT Corridor,Apartment,3,3,1327,20,26,3,1,Furnished,2,7,7,0.4,7,13340000.0
Pune - Kalyani Nagar,Apartment,4,4,2058,15,18,2,0,Furnished,1,5,8,2.6,7,35920000.0
Hyderabad - Gachibowli,Independent House,4,3,3283,0,3,9,2,Furnished,2,8,7,2.9,8,52160000.0
Bangalore - Whitefield,Apartment,3,3,1740,1,4,1,1,Furnished,2,5,7,2.6,9,19880000.0
Delhi NCR - Noida Expressway,Apartment,2,2,1197,4,18,0,2,Semi-Furnished,2,3,5,2.7,8,10340000.0
Delhi NCR - Noida Sector 62,Independent House,3,2,2579,0,1,3,1,Furnished,3,6,6,3.3,7,26750000.0
Pune - Hinjewadi IT Park,Villa,3,3,2333,0,3,0,2,Semi-Furnished,1,5,6,3.2,6,25530000.0
Hyderabad - HITEC City,Apartment,3,2,1675,9,21,0,1,Furnished,1,7,8,9.0,6,25030000.0
Bangalore - Koramangala,Apartment,3,3,1545,7,8,22,2,Unfurnished,1,3,6,1.1,2,16640000.0
Mumbai - Worli Sea Face,Independent House,4,3,2533,0,2,6,1,Unfurnished,2,4,5,2.7,5,101420000.0
Delhi NCR - Gurgaon Golf Course Rd,Apartment,3,3,1423,4,10,8,1,Semi-Furnished,2,6,6,3.8,5,40410000.0
Hyderabad - Gachibowli,Apartment,2,2,1244,5,20,3,0,Semi-Furnished,2,6,6,0.6,5,14740000.0
Chennai - Anna Nagar,Independent House,3,2,2429,0,2,7,2,Semi-Furnished,3,7,6,0.3,5,48770000.0
Chennai - Adyar,Penthouse,4,4,2965,24,24,1,2,Semi-Furnished,3,7,9,2.0,7,108380000.0
Mumbai - Worli Sea Face,Villa,5,4,3417,0,3,3,2,Semi-Furnished,2,6,5,1.5,3,203230000.0
Hyderabad - HITEC City,Independent House,3,3,2357,0,3,0,1,Semi-Furnished,2,7,7,0.4,7,39130000.0
Delhi NCR - Noida Sector 62,Independent House,5,5,4091,0,1,1,2,Unfurnished,3,7,6,4.2,7,43600000.0
Delhi NCR - Noida Expressway,Apartment,2,2,815,8,11,7,1,Unfurnished,2,7,5,2.5,7,6170000.0
Chennai - OMR IT Corridor,Independent House,4,3,3015,0,2,1,1,Semi-Furnished,1,6,6,1.4,8,29590000.0
Delhi NCR - Noida Sector 62,Apartment,2,1,1188,3,4,27,1,Semi-Furnished,2,8,7,1.4,6,7850000.0
Bangalore - Koramangala,Apartment,3,2,1956,7,10,0,1,Furnished,2,8,5,2.6,6,48870000.0
Pune - Kalyani Nagar,Independent House,3,3,1723,0,1,4,3,Furnished,4,5,6,3.5,5,30230000.0
Delhi NCR - Gurgaon Golf Course Rd,Apartment,2,2,1119,8,24,2,1,Semi-Furnished,1,6,7,5.7,6,32760000.0
Hyderabad - HITEC City,Apartment,1,1,644,8,11,8,0,Furnished,2,7,8,5.8,6,8960000.0
Mumbai - Thane West,Penthouse,3,3,2825,31,31,0,2,Unfurnished,2,8,8,4.2,8,78550000.0
Bangalore - Electronic City,Apartment,2,1,1388,1,9,19,1,Furnished,2,7,6,0.7,8,9110000.0
Bangalore - Indiranagar,Apartment,2,2,1275,4,5,23,0,Semi-Furnished,2,9,8,0.9,4,23100000.0
Pune - Koregaon Park,Apartment,2,2,1053,2,11,0,1,Semi-Furnished,1,7,7,0.9,8,21170000.0
Chennai - OMR IT Corridor,Villa,4,4,3422,0,3,11,3,Semi-Furnished,4,7,6,2.0,7,38820000.0
Hyderabad - Jubilee Hills,Independent House,4,4,3034,0,3,1,2,Semi-Furnished,2,5,7,3.6,9,98140000.0
Hyderabad - Jubilee Hills,Apartment,2,1,1101,5,15,1,0,Unfurnished,2,4,7,2.1,7,23530000.0
Hyderabad - Gachibowli,Independent House,4,4,2930,0,2,1,2,Semi-Furnished,2,8,7,1.9,10,50840000.0
Hyderabad - Gachibowli,Apartment,3,3,1787,14,24,2,1,Semi-Furnished,1,6,8,2.8,6,24000000.0
Mumbai - Andheri East,Villa,4,4,2859,0,2,2,1,Furnished,2,6,7,0.9,4,107500000.0
Chennai - Anna Nagar,Apartment,3,3,1449,8,14,1,1,Semi-Furnished,2,5,7,3.2,6,23460000.0
Bangalore - Whitefield,Apartment,2,2,1195,15,19,7,0,Unfurnished,1,5,8,0.9,5,11470000.0
Delhi NCR - South Extension,Penthouse,4,4,3318,38,38,7,2,Semi-Furnished,2,9,6,0.5,6,168150000.0
Delhi NCR - Gurgaon Cyber City,Apartment,2,1,1399,18,29,1,2,Unfurnished,1,7,7,2.3,5,29890000.0
Pune - Kalyani Nagar,Apartment,2,2,933,4,16,10,0,Semi-Furnished,3,8,6,2.8,8,14610000.0
Bangalore - Whitefield,Independent House,3,2,1873,0,2,8,3,Furnished,3,7,7,4.0,4,23110000.0
Hyderabad - Gachibowli,Studio,1,1,596,4,9,7,1,Furnished,0,6,7,1.2,8,6970000.0
Pune - Hinjewadi IT Park,Apartment,3,3,1682,5,7,12,0,Semi-Furnished,2,5,6,1.3,8,11860000.0
Pune - Hinjewadi IT Park,Apartment,3,3,1766,5,7,3,1,Semi-Furnished,1,5,7,2.4,8,13760000.0
Delhi NCR - Noida Sector 62,Apartment,3,3,1440,7,7,0,1,Unfurnished,2,5,6,0.9,10,13180000.0
Delhi NCR - Noida Expressway,Apartment,1,1,1067,7,13,1,1,Furnished,2,7,7,1.7,3,11000000.0
Bangalore - Indiranagar,Apartment,2,1,1285,13,18,2,2,Semi-Furnished,2,8,8,1.0,8,35140000.0
Delhi NCR - South Extension,Independent House,5,5,3387,0,3,6,2,Semi-Furnished,4,6,7,1.4,6,107770000.0
Delhi NCR - Gurgaon Cyber City,Studio,1,1,535,7,20,2,0,Semi-Furnished,1,7,7,0.8,3,8810000.0
Chennai - OMR IT Corridor,Apartment,3,3,1672,11,21,4,1,Furnished,2,10,7,4.1,10,21080000.0
Mumbai - Bandra West,Apartment,3,3,1714,25,27,12,1,Furnished,1,4,5,4.6,8,59630000.0
Bangalore - Indiranagar,Apartment,1,1,644,4,10,1,1,Furnished,2,8,6,1.3,6,14720000.0
Bangalore - Electronic City,Apartment,1,1,682,2,10,8,1,Furnished,2,6,9,1.0,5,5250000.0
Bangalore - Whitefield,Penthouse,3,4,3226,39,39,4,2,Furnished,3,7,6,0.3,10,67930000.0
Delhi NCR - South Extension,Apartment,2,2,1172,4,4,12,1,Furnished,3,7,7,0.6,4,33340000.0
Hyderabad - Jubilee Hills,Apartment,2,1,942,12,24,20,1,Semi-Furnished,0,5,7,3.2,6,18290000.0
Pune - Wakad,Independent House,3,3,2503,0,2,8,1,Semi-Furnished,2,6,7,2.7,7,24070000.0
Chennai - Anna Nagar,Apartment,2,2,1488,2,19,2,1,Unfurnished,2,7,4,4.8,10,25910000.0
Bangalore - Electronic City,Independent House,4,3,2982,0,1,0,3,Furnished,3,8,6,1.8,6,33520000.0
Pune - Kalyani Nagar,Apartment,1,1,470,10,23,5,1,Semi-Furnished,1,8,8,1.6,7,9130000.0
Delhi NCR - Gurgaon Golf Course Rd,Villa,4,3,2543,0,2,11,1,Semi-Furnished,2,6,5,4.8,10,97670000.0
Chennai - OMR IT Corridor,Studio,1,1,586,7,14,11,1,Furnished,1,7,5,1.6,10,4360000.0
Delhi NCR - Noida Sector 62,Independent House,3,3,2006,0,2,4,2,Unfurnished,4,7,7,0.4,4,20400000.0
Delhi NCR - Noida Expressway,Studio,1,1,458,19,24,24,1,Furnished,1,8,9,5.9,8,4080000.0
Pune - Koregaon Park,Apartment,2,2,1048,1,12,4,1,Unfurnished,1,6,7,4.3,6,15830000.0
Hyderabad - Jubilee Hills,Apartment,2,2,901,9,18,10,1,Unfurnished,2,7,7,1.7,5,21100000.0
Hyderabad - Jubilee Hills,Independent House,3,3,2273,0,1,10,2,Semi-Furnished,1,7,6,0.5,4,63280000.0
Hyderabad - HITEC City,Independent House,4,3,3579,0,3,0,2,Semi-Furnished,2,7,8,2.3,7,61460000.0
Mumbai - Bandra West,Apartment,2,2,1033,16,22,2,1,Semi-Furnished,2,10,8,3.9,6,58890000.0
Bangalore - HSR Layout,Apartment,3,2,1241,13,26,4,2,Semi-Furnished,0,9,7,2.1,7,23750000.0
Bangalore - Whitefield,Apartment,3,3,1704,2,6,2,2,Semi-Furnished,3,7,8,2.7,5,20600000.0
Pune - Hinjewadi IT Park,Apartment,3,2,1359,4,7,8,0,Furnished,0,7,6,0.6,7,11460000.0
Mumbai - Bandra West,Apartment,2,2,1121,13,13,5,1,Furnished,2,9,6,0.4,8,65190000.0
Mumbai - Andheri East,Independent House,3,2,2275,0,2,1,2,Semi-Furnished,2,6,7,1.5,6,63020000.0
Mumbai - Bandra West,Apartment,2,2,1068,25,29,0,1,Semi-Furnished,1,6,6,1.5,8,50230000.0
Mumbai - Bandra West,Apartment,3,3,1701,18,29,1,2,Unfurnished,1,6,8,2.5,5,74230000.0
Bangalore - Electronic City,Apartment,1,1,450,5,24,12,2,Furnished,2,7,8,2.3,6,3540000.0
Delhi NCR - Gurgaon Cyber City,Independent House,4,3,3162,0,2,1,3,Unfurnished,4,7,6,1.3,5,78560000.0
Mumbai - Bandra West,Penthouse,4,5,3866,37,37,0,4,Furnished,3,7,7,0.4,4,296360000.0
Delhi NCR - Gurgaon Cyber City,Apartment,2,2,830,17,23,17,0,Semi-Furnished,1,6,6,2.2,6,13820000.0
Hyderabad - HITEC City,Apartment,4,4,2397,5,5,1,2,Semi-Furnished,2,6,6,5.9,6,32110000.0
Chennai - Adyar,Villa,4,3,2910,0,1,5,2,Semi-Furnished,1,5,6,10.6,9,72000000.0
Hyderabad - Jubilee Hills,Apartment,2,2,1162,13,17,0,1,Furnished,3,6,6,4.0,6,32180000.0
Bangalore - Koramangala,Apartment,3,3,1609,2,10,8,0,Semi-Furnished,1,8,6,3.8,8,35190000.0
Mumbai - Andheri East,Apartment,2,2,1178,7,12,4,1,Unfurnished,1,6,5,1.0,6,23980000.0
Bangalore - Indiranagar,Penthouse,3,4,3114,18,18,8,3,Semi-Furnished,3,4,8,5.7,9,93560000.0
Bangalore - Koramangala,Apartment,3,3,1474,7,10,0,1,Semi-Furnished,0,10,8,1.4,9,44570000.0
Chennai - Adyar,Apartment,2,2,1053,10,20,9,0,Unfurnished,0,6,4,0.3,6,14560000.0
Delhi NCR - Noida Sector 62,Apartment,2,2,1492,15,26,1,1,Semi-Furnished,2,6,4,5.1,6,12810000.0
Chennai - Adyar,Apartment,2,2,995,4,13,1,1,Semi-Furnished,0,6,8,4.7,5,18920000.0
Pune - Hinjewadi IT Park,Apartment,2,1,1310,5,10,8,1,Furnished,1,8,4,2.0,7,11180000.0
Delhi NCR - Noida Expressway,Independent House,3,2,2499,0,2,1,1,Unfurnished,2,7,5,2.0,3,28450000.0
Mumbai - Andheri East,Apartment,2,1,921,9,10,2,1,Semi-Furnished,1,7,6,4.1,7,24000000.0
Bangalore - HSR Layout,Penthouse,5,6,4617,41,41,4,3,Furnished,4,7,6,1.8,8,140370000.0
Hyderabad - Madhapur,Villa,4,4,2878,0,2,0,1,Furnished,2,8,5,0.8,4,55850000.0
Delhi NCR - Gurgaon Golf Course Rd,Independent House,4,3,3053,0,1,3,2,Unfurnished,2,7,5,3.3,4,93930000.0
Pune - Kalyani Nagar,Villa,4,4,2506,0,1,3,2,Furnished,3,6,4,2.2,5,51620000.0
Bangalore - Whitefield,Apartment,3,2,1462,2,10,2,1,Unfurnished,3,8,6,0.5,10,18120000.0
Delhi NCR - South Extension,Apartment,3,3,1573,19,26,4,2,Furnished,1,9,6,1.5,5,55740000.0
Mumbai - Worli Sea Face,Independent House,3,3,2433,0,2,8,1,Unfurnished,3,7,4,3.7,7,130610000.0
Bangalore - Indiranagar,Villa,4,3,2403,0,1,2,2,Semi-Furnished,2,6,8,6.0,10,84020000.0
Bangalore - Electronic City,Villa,5,5,3788,0,2,11,2,Semi-Furnished,3,7,7,1.8,6,37930000.0
Bangalore - Indiranagar,Apartment,3,3,1522,7,19,7,1,Unfurnished,0,8,6,2.4,8,29600000.0
Bangalore - Electronic City,Studio,1,1,573,4,7,0,1,Semi-Furnished,1,6,7,1.4,7,4060000.0
Bangalore - Koramangala,Apartment,2,2,1169,4,4,0,1,Semi-Furnished,3,7,8,5.6,10,28080000.0
Bangalore - Electronic City,Penthouse,4,4,3186,24,24,9,3,Furnished,2,7,6,0.9,6,41270000.0
Pune - Hinjewadi IT Park,Studio,1,1,354,10,23,11,1,Furnished,1,7,8,0.6,9,2660000.0
Delhi NCR - Gurgaon Golf Course Rd,Apartment,2,1,1218,3,25,1,1,Furnished,2,7,7,0.5,5,40710000.0
Bangalore - Whitefield,Independent House,3,3,1625,0,2,1,2,Semi-Furnished,1,7,8,13.6,8,20610000.0
Bangalore - Whitefield,Apartment,1,1,696,2,19,15,1,Furnished,2,10,7,8.3,10,9250000.0
Pune - Hinjewadi IT Park,Apartment,4,4,1951,3,16,10,1,Furnished,2,5,7,5.0,7,14710000.0
Hyderabad - HITEC City,Apartment,4,3,1929,8,8,8,0,Semi-Furnished,3,8,8,3.7,10,29470000.0
Delhi NCR - Noida Expressway,Independent House,4,3,3232,0,2,1,1,Semi-Furnished,2,7,5,0.4,6,33810000.0
Bangalore - Koramangala,Penthouse,4,4,3391,35,35,11,2,Semi-Furnished,4,9,4,2.1,7,117450000.0
Delhi NCR - South Extension,Independent House,4,3,2993,0,2,2,1,Furnished,1,7,6,0.6,5,112140000.0
Hyderabad - HITEC City,Apartment,2,2,1001,1,13,4,2,Furnished,1,7,8,1.4,7,15010000.0
Pune - Koregaon Park,Villa,4,3,2272,0,3,4,2,Unfurnished,1,7,6,9.0,5,48030000.0
Mumbai - Thane West,Studio,1,1,507,5,23,8,0,Furnished,1,8,7,1.9,4,6200000.0
Bangalore - Indiranagar,Apartment,2,1,1253,5,21,0,0,Unfurnished,1,8,7,1.5,3,25000000.0
Chennai - Adyar,Studio,1,1,424,2,6,1,0,Unfurnished,1,5,7,2.2,4,5910000.0
Hyderabad - Jubilee Hills,Apartment,1,1,636,6,13,0,0,Semi-Furnished,2,4,8,1.1,7,16050000.0
Chennai - Adyar,Villa,4,3,3190,0,2,9,2,Furnished,3,6,6,1.5,5,82520000.0
Mumbai - Worli Sea Face,Apartment,2,2,816,3,6,6,2,Unfurnished,1,7,7,9.4,5,37860000.0
Bangalore - Electronic City,Apartment,2,2,1214,20,21,3,1,Semi-Furnished,1,10,7,11.9,6,11560000.0
Bangalore - HSR Layout,Apartment,3,2,1329,5,21,3,2,Semi-Furnished,1,6,6,3.3,8,19810000.0
Delhi NCR - Noida Sector 62,Independent House,3,2,2665,0,3,2,2,Semi-Furnished,2,6,4,0.6,6,26130000.0
Delhi NCR - South Extension,Apartment,2,1,999,6,11,0,1,Furnished,3,8,8,0.5,10,37070000.0
Pune - Hinjewadi IT Park,Apartment,2,1,1478,7,29,25,2,Furnished,1,6,5,2.2,6,8620000.0
Hyderabad - Jubilee Hills,Independent House,4,4,2219,0,1,3,2,Semi-Furnished,1,8,6,8.0,7,73360000.0
Delhi NCR - Gurgaon Golf Course Rd,Penthouse,3,4,3127,35,35,7,2,Semi-Furnished,4,6,6,1.0,5,152520000.0
Hyderabad - Madhapur,Apartment,2,1,1077,6,10,2,1,Semi-Furnished,2,5,7,0.8,10,14000000.0
Delhi NCR - Gurgaon Golf Course Rd,Apartment,1,1,607,4,15,11,1,Semi-Furnished,1,6,7,0.5,6,17560000.0
Delhi NCR - Gurgaon Cyber City,Apartment,1,1,869,11,24,4,1,Semi-Furnished,1,3,9,0.7,6,14810000.0
Chennai - OMR IT Corridor,Apartment,3,3,1734,17,21,0,1,Semi-Furnished,2,7,6,0.8,7,14680000.0
Delhi NCR - Gurgaon Cyber City,Villa,3,3,2517,0,2,3,2,Unfurnished,4,9,5,0.5,7,81810000.0
Pune - Wakad,Villa,3,3,2133,0,3,5,2,Furnished,3,8,6,3.3,6,29970000.0
Chennai - Adyar,Independent House,4,4,3200,0,2,3,3,Semi-Furnished,2,7,7,3.1,8,85310000.0
Pune - Wakad,Apartment,2,2,1280,5,5,9,1,Furnished,3,8,3,6.4,6,9750000.0
Hyderabad - Madhapur,Villa,5,5,3542,0,1,6,2,Semi-Furnished,3,8,6,8.7,3,58050000.0
Delhi NCR - Noida Sector 62,Apartment,2,1,1108,2,6,6,2,Semi-Furnished,0,5,7,1.5,5,8770000.0
Mumbai - Thane West,Villa,4,3,3106,0,2,11,2,Unfurnished,2,5,7,1.2,7,51200000.0
Delhi NCR - Gurgaon Cyber City,Independent House,4,4,3086,0,2,5,3,Furnished,2,5,6,4.6,7,69320000.0
Bangalore - Whitefield,Villa,4,3,2492,0,2,9,1,Unfurnished,2,8,6,1.4,6,35260000.0
Hyderabad - Madhapur,Independent House,3,2,1711,0,2,5,2,Furnished,4,8,6,2.0,6,29080000.0
Hyderabad - Gachibowli,Apartment,2,2,1089,6,23,4,1,Semi-Furnished,2,6,4,0.6,6,12020000.0
Hyderabad - Madhapur,Studio,1,1,619,6,7,1,0,Furnished,1,8,5,1.1,7,7430000.0
Pune - Wakad,Apartment,2,2,1120,20,23,10,0,Unfurnished,1,8,7,6.1,4,9160000.0
Delhi NCR - Gurgaon Golf Course Rd,Independent House,5,5,3556,0,2,1,1,Semi-Furnished,2,9,6,2.1,8,162890000.0
Pune - Hinjewadi IT Park,Apartment,2,2,1151,21,26,2,1,Semi-Furnished,2,8,4,0.8,8,11180000.0
Bangalore - Indiranagar,Independent House,3,3,2331,0,3,0,2,Unfurnished,1,4,6,3.3,9,47780000.0
Pune - Hinjewadi IT Park,Apartment,4,4,2073,17,20,5,0,Furnished,3,5,8,2.6,6,18350000.0
Pune - Wakad,Apartment,2,1,1360,1,11,2,1,Furnished,2,9,8,0.8,8,16950000.0
Hyderabad - Jubilee Hills,Apartment,4,3,2230,2,12,22,1,Unfurnished,0,6,7,1.5,10,45750000.0
Mumbai - Navi Mumbai Vashi,Independent House,3,3,2177,0,3,11,2,Semi-Furnished,3,3,6,1.3,7,29270000.0
Chennai - Anna Nagar,Villa,4,3,2928,0,2,2,3,Furnished,3,6,6,4.3,5,73770000.0
Bangalore - Electronic City,Apartment,1,1,821,13,17,9,0,Semi-Furnished,3,5,8,5.3,3,5090000.0
Mumbai - Worli Sea Face,Apartment,2,2,1179,7,14,2,1,Semi-Furnished,2,9,6,2.2,4,67900000.0
Bangalore - HSR Layout,Independent House,4,4,2870,0,1,11,1,Furnished,2,7,6,2.3,6,52430000.0
Pune - Wakad,Apartment,2,2,1228,2,29,6,1,Furnished,1,7,9,0.6,8,14010000.0
Mumbai - Worli Sea Face,Apartment,3,3,1321,14,15,3,2,Furnished,1,7,8,0.9,8,92600000.0
Hyderabad - Jubilee Hills,Apartment,2,1,1218,4,10,6,2,Semi-Furnished,1,4,4,2.2,6,23640000.0
Delhi NCR - Noida Expressway,Apartment,2,1,1273,20,21,2,2,Unfurnished,1,6,5,0.5,8,13670000.0
Mumbai - Bandra West,Apartment,3,3,1420,4,5,21,2,Unfurnished,1,6,5,1.6,6,40600000.0
Bangalore - Koramangala,Apartment,2,2,1322,13,17,2,0,Semi-Furnished,1,7,5,0.5,8,32950000.0
Delhi NCR - Gurgaon Golf Course Rd,Apartment,3,3,1746,5,10,2,0,Furnished,0,6,6,0.5,3,46990000.0
Pune - Kalyani Nagar,Apartment,3,2,1413,1,4,19,1,Unfurnished,2,5,8,7.8,8,15720000.0
Hyderabad - Gachibowli,Apartment,3,3,1410,2,16,0,0,Semi-Furnished,1,8,3,5.6,10,18130000.0
Chennai - Adyar,Apartment,1,1,450,8,11,2,1,Furnished,2,7,4,3.0,7,8950000.0
Chennai - Anna Nagar,Apartment,2,2,1165,9,21,5,0,Unfurnished,2,5,8,1.9,6,15090000.0
Hyderabad - HITEC City,Villa,4,4,3119,0,2,15,1,Semi-Furnished,2,7,6,9.4,9,58080000.0
Mumbai - Navi Mumbai Vashi,Apartment,3,2,1590,1,27,1,2,Semi-Furnished,2,8,7,2.7,3,25440000.0
Mumbai - Thane West,Apartment,3,3,1458,11,16,10,2,Semi-Furnished,2,7,7,3.7,5,18930000.0
Delhi NCR - Gurgaon Golf Course Rd,Apartment,4,4,2139,13,24,6,2,Furnished,2,8,7,2.1,6,80060000.0
Hyderabad - HITEC City,Apartment,3,3,1661,27,28,2,1,Furnished,0,8,6,1.3,5,27120000.0
Chennai - Anna Nagar,Apartment,1,1,450,2,12,5,0,Semi-Furnished,2,7,7,7.0,3,6200000.0
Pune - Hinjewadi IT Park,Apartment,3,3,1361,16,19,14,0,Furnished,0,7,5,0.9,7,10550000.0
Pune - Kalyani Nagar,Penthouse,3,3,2617,37,37,3,3,Semi-Furnished,4,8,6,4.3,7,76180000.0
Pune - Wakad,Apartment,2,1,1150,5,27,10,1,Unfurnished,0,8,6,4.2,10,9300000.0
Bangalore - Electronic City,Studio,1,1,435,7,19,0,1,Unfurnished,0,7,7,2.7,10,3040000.0
Mumbai - Thane West,Apartment,3,2,1133,1,20,1,2,Semi-Furnished,1,6,5,12.0,6,14630000.0
Chennai - Adyar,Apartment,3,3,1441,11,14,3,1,Unfurnished,3,8,4,4.7,7,26910000.0
Hyderabad - Gachibowli,Apartment,1,1,450,8,16,2,1,Unfurnished,0,6,5,2.2,6,4570000.0
Mumbai - Andheri East,Apartment,3,3,1303,14,24,3,1,Semi-Furnished,1,7,7,0.8,6,34880000.0
Mumbai - Thane West,Apartment,4,4,2164,6,10,3,1,Furnished,2,8,9,0.9,8,38770000.0
Mumbai - Andheri East,Independent House,3,2,2484,0,2,4,2,Furnished,3,9,6,2.7,8,89670000.0
Delhi NCR - Noida Expressway,Apartment,1,1,915,27,27,5,2,Semi-Furnished,2,8,9,1.1,3,10690000.0
Mumbai - Andheri East,Studio,1,1,491,5,18,23,1,Furnished,1,9,8,2.3,5,10270000.0
Mumbai - Thane West,Villa,4,4,2634,0,2,3,2,Furnished,2,7,4,5.0,7,53230000.0
Bangalore - Indiranagar,Apartment,2,2,1267,18,27,1,2,Furnished,1,9,7,5.0,9,40250000.0
Bangalore - Koramangala,Apartment,2,2,1177,18,23,0,2,Semi-Furnished,2,8,9,10.6,7,29360000.0
Bangalore - HSR Layout,Apartment,3,2,1808,4,7,13,1,Unfurnished,1,6,6,7.2,6,21340000.0
Pune - Wakad,Apartment,2,2,889,1,11,9,1,Furnished,2,7,6,3.3,7,8230000.0
Pune - Wakad,Apartment,2,1,1357,3,22,6,0,Semi-Furnished,1,8,8,3.8,6,13750000.0
Chennai - Adyar,Apartment,2,2,1134,17,18,3,1,Semi-Furnished,1,5,6,2.6,6,21160000.0
Hyderabad - Jubilee Hills,Apartment,1,1,819,2,6,2,0,Furnished,1,6,6,4.4,10,22280000.0
Delhi NCR - Gurgaon Golf Course Rd,Apartment,3,3,1731,3,25,4,2,Unfurnished,2,7,8,6.3,2,48570000.0
Mumbai - Worli Sea Face,Studio,1,1,474,5,15,3,0,Semi-Furnished,0,5,7,3.3,6,17900000.0
Delhi NCR - Gurgaon Cyber City,Independent House,4,4,3108,0,1,4,3,Semi-Furnished,2,8,9,3.5,4,83790000.0
Pune - Hinjewadi IT Park,Studio,1,1,433,1,5,0,0,Semi-Furnished,0,4,6,5.3,9,2910000.0
Bangalore - Whitefield,Apartment,2,2,1116,20,22,0,1,Furnished,3,7,6,0.4,10,16540000.0
Hyderabad - Gachibowli,Apartment,3,2,1362,14,21,0,1,Semi-Furnished,3,6,7,6.8,7,18500000.0
Delhi NCR - Noida Expressway,Apartment,1,1,685,4,14,14,2,Furnished,1,5,5,11.3,7,5160000.0
Mumbai - Bandra West,Apartment,4,4,1925,7,11,5,1,Unfurnished,1,7,7,5.6,7,76180000.0
Mumbai - Worli Sea Face,Apartment,4,3,2036,3,22,5,0,Semi-Furnished,1,8,10,3.6,5,106980000.0
Chennai - Adyar,Independent House,4,3,3335,0,2,2,2,Semi-Furnished,3,6,6,1.7,5,78640000.0
Bangalore - Whitefield,Independent House,4,4,2694,0,2,0,1,Furnished,3,7,5,1.2,3,33550000.0
Mumbai - Thane West,Apartment,3,2,1607,5,7,0,2,Semi-Furnished,3,9,4,1.2,7,26190000.0
Pune - Koregaon Park,Apartment,2,2,1256,5,9,2,2,Semi-Furnished,2,8,7,0.3,4,24700000.0
Hyderabad - Madhapur,Apartment,3,3,1323,5,27,2,1,Semi-Furnished,3,5,7,15.0,7,15070000.0
Bangalore - HSR Layout,Apartment,1,1,668,22,22,2,2,Semi-Furnished,1,6,7,4.1,8,11500000.0
Delhi NCR - Gurgaon Golf Course Rd,Apartment,2,2,1151,3,8,14,0,Semi-Furnished,2,7,5,5.9,6,28490000.0
Delhi NCR - Noida Sector 62,Apartment,2,2,1267,13,26,3,1,Unfurnished,1,8,7,1.3,8,13790000.0
Delhi NCR - Noida Sector 62,Apartment,3,3,1598,16,24,1,2,Semi-Furnished,1,6,4,7.5,6,12270000.0
Mumbai - Andheri East,Studio,1,1,370,12,24,8,0,Unfurnished,1,8,6,7.5,9,8180000.0
Hyderabad - Madhapur,Independent House,4,4,2780,0,2,4,2,Unfurnished,4,7,5,3.4,7,39590000.0
Mumbai - Navi Mumbai Vashi,Independent House,3,3,1909,0,2,35,3,Semi-Furnished,2,6,6,2.8,7,23890000.0
Mumbai - Navi Mumbai Vashi,Apartment,1,1,900,7,7,0,0,Furnished,2,3,8,1.9,5,12120000.0
Bangalore - Indiranagar,Apartment,3,2,1615,7,26,6,1,Semi-Furnished,2,6,7,2.5,8,31850000.0
Delhi NCR - Gurgaon Cyber City,Apartment,1,1,925,24,29,5,1,Unfurnished,1,7,8,0.6,8,18920000.0
Bangalore - Electronic City,Apartment,1,1,877,1,10,1,0,Furnished,2,4,5,4.8,5,5100000.0
Hyderabad - Jubilee Hills,Apartment,2,1,1249,17,19,7,2,Semi-Furnished,0,5,5,3.3,6,28060000.0
Delhi NCR - Noida Expressway,Villa,3,2,1959,0,2,14,1,Unfurnished,2,6,6,0.4,7,23080000.0
Delhi NCR - Noida Sector 62,Independent House,3,2,1776,0,1,0,1,Semi-Furnished,2,5,4,1.7,8,16410000.0
Chennai - Anna Nagar,Apartment,3,3,1542,3,14,0,1,Semi-Furnished,1,5,8,3.2,5,23480000.0
Bangalore - Koramangala,Apartment,3,3,1554,11,16,4,1,Furnished,1,7,4,5.4,6,35710000.0
Chennai - OMR IT Corridor,Penthouse,4,5,3339,25,25,5,3,Furnished,2,6,5,1.0,8,45160000.0
Hyderabad - HITEC City,Apartment,2,1,1004,9,26,1,1,Unfurnished,2,5,6,1.3,5,11570000.0
Mumbai - Andheri East,Apartment,2,2,1366,14,18,0,1,Furnished,2,6,7,8.3,5,36000000.0
Bangalore - Koramangala,Apartment,2,2,852,9,21,0,1,Furnished,2,8,4,12.6,5,17960000.0
Bangalore - Indiranagar,Villa,4,4,2957,0,2,1,2,Unfurnished,2,7,6,7.4,7,84200000.0
Pune - Kalyani Nagar,Studio,1,1,471,2,10,6,0,Semi-Furnished,1,5,7,1.7,6,6110000.0
Chennai - OMR IT Corridor,Apartment,4,3,1962,6,12,1,2,Unfurnished,1,7,6,5.9,9,16230000.0
Chennai - OMR IT Corridor,Penthouse,4,4,3081,39,39,1,3,Unfurnished,4,3,5,4.5,9,32030000.0
Mumbai - Andheri East,Villa,3,2,2144,0,1,16,2,Furnished,3,8,6,9.3,10,79770000.0
Mumbai - Worli Sea Face,Apartment,3,3,1558,20,24,11,1,Furnished,2,4,8,0.9,9,78950000.0
Mumbai - Navi Mumbai Vashi,Apartment,1,1,505,26,29,9,1,Semi-Furnished,2,6,5,5.9,8,7400000.0
Mumbai - Navi Mumbai Vashi,Apartment,2,2,1335,6,10,2,1,Semi-Furnished,2,7,5,1.5,5,20730000.0
Mumbai - Bandra West,Studio,1,1,494,6,22,13,1,Furnished,1,6,4,3.3,4,13290000.0
Bangalore - Whitefield,Apartment,2,2,850,21,23,8,2,Semi-Furnished,1,9,7,0.3,8,11550000.0
Delhi NCR - Gurgaon Golf Course Rd,Villa,3,2,2351,0,2,16,2,Furnished,4,8,6,2.7,8,106640000.0
Chennai - Anna Nagar,Apartment,2,2,1209,4,18,1,1,Unfurnished,2,4,6,0.7,5,16860000.0
Mumbai - Thane West,Independent House,4,4,2550,0,2,5,1,Furnished,2,6,5,3.0,7,38180000.0
Delhi NCR - Gurgaon Cyber City,Apartment,2,2,1065,7,12,1,1,Furnished,3,6,7,0.5,7,23300000.0
Hyderabad - Madhapur,Apartment,3,3,1880,2,6,12,1,Furnished,0,5,7,2.2,9,21430000.0
Delhi NCR - Noida Expressway,Villa,4,3,2551,0,3,0,1,Unfurnished,3,8,5,1.1,8,40210000.0
Delhi NCR - South Extension,Villa,3,2,2638,0,2,0,2,Semi-Furnished,4,5,4,2.4,5,98200000.0
Bangalore - HSR Layout,Penthouse,4,5,3715,22,22,10,3,Unfurnished,2,7,8,8.6,9,96820000.0
Mumbai - Worli Sea Face,Apartment,3,3,1304,3,5,2,1,Semi-Furnished,1,8,10,2.5,5,71450000.0
Hyderabad - Jubilee Hills,Independent House,4,3,3260,0,2,13,2,Semi-Furnished,2,7,9,3.7,8,106310000.0
Delhi NCR - Noida Sector 62,Apartment,2,2,990,15,28,0,2,Furnished,0,7,7,0.7,9,12120000.0
Pune - Koregaon Park,Apartment,2,2,1182,5,8,11,1,Semi-Furnished,2,7,6,0.5,6,18020000.0
Bangalore - HSR Layout,Apartment,3,3,1515,6,11,3,1,Semi-Furnished,1,7,6,1.3,3,22780000.0
Bangalore - HSR Layout,Apartment,2,2,1068,9,21,0,2,Semi-Furnished,1,8,6,4.3,4,18030000.0
Delhi NCR - Gurgaon Golf Course Rd,Apartment,3,3,1670,5,14,15,1,Furnished,1,6,6,2.6,10,48720000.0
Bangalore - Electronic City,Studio,1,1,512,3,5,1,0,Unfurnished,0,7,8,0.6,5,3510000.0
Mumbai - Bandra West,Apartment,2,1,1272,9,12,0,1,Furnished,2,7,7,3.7,5,53340000.0
Mumbai - Navi Mumbai Vashi,Independent House,4,4,2870,0,2,5,2,Unfurnished,3,7,7,3.1,8,56970000.0
Hyderabad - HITEC City,Apartment,1,1,450,12,29,3,1,Furnished,1,6,8,6.9,5,5990000.0
Bangalore - Whitefield,Apartment,3,3,1636,12,17,2,1,Semi-Furnished,0,6,9,0.5,6,19890000.0
Delhi NCR - South Extension,Apartment,3,3,1438,11,17,1,2,Semi-Furnished,1,6,7,0.9,7,44750000.0
Delhi NCR - Gurgaon Golf Course Rd,Studio,1,1,471,12,13,8,0,Semi-Furnished,0,7,7,0.4,6,13400000.0
Mumbai - Bandra West,Penthouse,5,6,4275,41,41,6,2,Semi-Furnished,3,7,9,3.2,7,320900000.0
Chennai - OMR IT Corridor,Penthouse,4,4,3599,24,24,13,3,Semi-Furnished,4,4,5,1.2,6,34690000.0
Hyderabad - Jubilee Hills,Studio,1,1,372,9,10,5,0,Semi-Furnished,1,7,5,0.8,4,8100000.0
Hyderabad - HITEC City,Apartment,2,2,1059,2,22,7,2,Semi-Furnished,2,6,5,0.5,7,13450000.0
Chennai - OMR IT Corridor,Apartment,3,3,1998,4,28,8,1,Semi-Furnished,0,4,6,2.4,8,11750000.0
Delhi NCR - South Extension,Independent House,4,3,2568,0,2,1,2,Unfurnished,3,7,6,5.1,5,85950000.0
Mumbai - Navi Mumbai Vashi,Apartment,3,2,1495,10,27,0,0,Furnished,2,8,4,5.8,6,22320000.0
Delhi NCR - Noida Expressway,Apartment,2,1,1058,26,29,3,1,Semi-Furnished,2,4,7,2.7,5,9040000.0
Mumbai - Navi Mumbai Vashi,Apartment,2,2,885,5,6,5,2,Semi-Furnished,2,6,6,1.2,5,12590000.0
Delhi NCR - Gurgaon Golf Course Rd,Independent House,4,4,2703,0,2,1,3,Semi-Furnished,3,9,6,2.2,6,118310000.0
Mumbai - Navi Mumbai Vashi,Apartment,3,2,1767,16,21,0,1,Semi-Furnished,2,7,6,3.3,10,32190000.0
Pune - Kalyani Nagar,Apartment,1,1,524,11,22,10,1,Semi-Furnished,1,5,5,5.3,5,6000000.0
Pune - Kalyani Nagar,Apartment,3,3,1268,22,23,3,1,Furnished,1,7,7,1.2,8,24310000.0
Chennai - Anna Nagar,Apartment,2,1,1321,3,5,0,1,Furnished,2,7,7,4.4,8,25400000.0
Delhi NCR - Gurgaon Golf Course Rd,Apartment,2,1,1097,1,5,9,1,Furnished,0,7,7,0.6,6,34850000.0
Chennai - Anna Nagar,Apartment,3,3,1463,9,22,1,0,Semi-Furnished,0,8,5,0.6,7,24250000.0
Delhi NCR - Noida Expressway,Villa,4,4,3273,0,1,1,2,Semi-Furnished,3,7,6,1.5,6,46260000.0
Delhi NCR - Noida Expressway,Apartment,1,1,938,3,6,14,2,Unfurnished,1,7,7,4.5,6,8210000.0
Bangalore - Indiranagar,Apartment,2,1,1522,10,11,1,0,Semi-Furnished,0,9,6,0.7,6,34400000.0
Delhi NCR - Gurgaon Golf Course Rd,Villa,4,4,2674,0,2,11,1,Furnished,2,8,6,3.3,5,115900000.0
Hyderabad - HITEC City,Apartment,2,2,1084,19,21,0,0,Unfurnished,3,6,6,2.6,7,13590000.0
Pune - Hinjewadi IT Park,Apartment,2,2,1138,24,26,0,1,Unfurnished,1,7,6,1.5,6,10280000.0
Delhi NCR - Noida Sector 62,Independent House,4,4,3230,0,1,14,2,Semi-Furnished,4,6,6,3.5,6,26790000.0
Mumbai - Andheri East,Apartment,1,1,891,3,6,7,2,Semi-Furnished,2,7,5,0.4,5,19360000.0
Bangalore - Electronic City,Villa,4,3,2822,0,2,2,1,Unfurnished,3,7,10,1.0,6,32110000.0
Mumbai - Navi Mumbai Vashi,Independent House,3,3,2452,0,2,2,1,Semi-Furnished,1,6,7,1.6,7,47370000.0
Hyderabad - HITEC City,Independent House,4,3,3327,0,2,0,2,Unfurnished,2,8,7,3.0,4,53620000.0
Chennai - Adyar,Apartment,4,4,1913,8,14,8,1,Furnished,3,7,7,1.7,7,38830000.0
Mumbai - Bandra West,Apartment,2,2,1103,6,17,8,1,Furnished,1,7,6,5.7,5,43980000.0
Hyderabad - Madhapur,Apartment,2,2,1393,3,25,2,1,Semi-Furnished,2,8,7,10.1,6,17850000.0
Mumbai - Worli Sea Face,Apartment,2,2,1065,7,28,18,1,Semi-Furnished,1,6,7,9.1,9,41120000.0
Bangalore - Indiranagar,Independent House,3,3,2225,0,2,13,1,Unfurnished,4,5,6,4.3,7,40540000.0
Mumbai - Navi Mumbai Vashi,Apartment,4,3,2060,19,25,9,1,Unfurnished,1,7,7,7.6,8,29490000.0
Hyderabad - Gachibowli,Apartment,2,2,1071,5,8,3,1,Semi-Furnished,2,8,7,15.0,5,11880000.0
Mumbai - Navi Mumbai Vashi,Apartment,2,1,1255,24,24,3,2,Furnished,0,8,7,1.1,6,23910000.0
Mumbai - Bandra West,Apartment,2,1,1254,2,12,4,0,Unfurnished,1,4,6,5.0,7,37490000.0
Pune - Kalyani Nagar,Apartment,3,3,1521,6,8,2,1,Semi-Furnished,3,5,6,8.4,7,21770000.0
Pune - Wakad,Independent House,4,3,2665,0,2,9,3,Furnished,3,7,7,1.1,7,27410000.0
Delhi NCR - Noida Sector 62,Apartment,2,1,1320,1,5,7,1,Semi-Furnished,1,8,7,2.0,5,12170000.0
Delhi NCR - Gurgaon Golf Course Rd,Independent House,3,2,2124,0,3,30,1,Semi-Furnished,1,7,4,7.1,7,50550000.0
Bangalore - HSR Layout,Studio,1,1,486,5,11,9,1,Semi-Furnished,0,5,6,3.6,6,5690000.0
Hyderabad - HITEC City,Apartment,2,1,1045,3,23,4,1,Semi-Furnished,0,6,8,4.9,7,13920000.0
Hyderabad - Gachibowli,Apartment,1,1,450,18,29,4,1,Semi-Furnished,2,7,6,6.2,8,6200000.0
Pune - Hinjewadi IT Park,Apartment,2,2,1081,10,11,11,1,Unfurnished,0,5,10,8.5,8,7440000.0
Chennai - Anna Nagar,Independent House,4,4,3356,0,2,8,1,Semi-Furnished,2,6,6,3.0,8,57530000.0
Delhi NCR - South Extension,Apartment,3,3,1699,6,9,5,2,Semi-Furnished,2,6,7,1.3,8,51090000.0
Mumbai - Andheri East,Apartment,3,3,1246,3,25,19,1,Furnished,2,7,8,7.8,7,27600000.0
Chennai - OMR IT Corridor,Apartment,2,2,956,18,20,0,1,Semi-Furnished,3,7,5,1.3,7,8590000.0
Pune - Hinjewadi IT Park,Penthouse,4,5,3662,28,29,8,3,Furnished,4,7,6,1.0,4,53330000.0
Chennai - OMR IT Corridor,Apartment,3,3,1542,23,28,1,2,Furnished,2,10,6,10.3,5,17010000.0
Bangalore - Koramangala,Apartment,2,1,1140,1,16,2,1,Semi-Furnished,2,9,8,8.2,6,27640000.0
Chennai - Anna Nagar,Penthouse,4,4,4109,40,40,1,3,Furnished,3,7,8,5.4,5,128970000.0
Delhi NCR - Noida Expressway,Apartment,3,2,1699,15,26,23,2,Semi-Furnished,2,7,7,14.9,8,13700000.0
Delhi NCR - South Extension,Penthouse,5,5,4822,21,21,1,4,Furnished,4,4,7,1.1,7,234990000.0
Pune - Hinjewadi IT Park,Independent House,4,4,3143,0,1,2,3,Semi-Furnished,3,6,7,3.2,4,29230000.0
Hyderabad - Madhapur,Villa,3,2,2196,0,3,3,1,Furnished,3,3,9,0.5,8,33570000.0
Delhi NCR - Gurgaon Golf Course Rd,Apartment,3,3,1659,3,13,0,2,Furnished,2,5,9,4.1,4,50670000.0
Bangalore - Indiranagar,Villa,3,3,2645,0,2,6,2,Furnished,3,6,7,5.0,5,83460000.0
Hyderabad - HITEC City,Penthouse,3,4,2844,25,25,1,4,Unfurnished,3,8,9,3.9,9,75700000.0
Hyderabad - Madhapur,Apartment,1,1,596,1,6,9,1,Unfurnished,3,6,7,1.1,7,6600000.0
Delhi NCR - Gurgaon Cyber City,Apartment,2,2,932,28,28,2,1,Furnished,1,7,6,4.3,6,20640000.0
Hyderabad - HITEC City,Apartment,3,3,1727,4,8,8,1,Semi-Furnished,1,8,7,3.6,10,26660000.0
Pune - Koregaon Park,Apartment,2,2,1074,2,10,0,1,Semi-Furnished,2,6,6,0.8,6,18030000.0
Pune - Hinjewadi IT Park,Apartment,2,1,1278,4,26,3,1,Unfurnished,1,7,4,0.8,8,10080000.0
Bangalore - HSR Layout,Apartment,4,3,2159,3,9,1,1,Semi-Furnished,0,6,6,0.5,3,32130000.0
Hyderabad - Madhapur,Apartment,3,3,1784,7,24,4,1,Semi-Furnished,2,8,9,4.8,7,25800000.0
Bangalore - Whitefield,Independent House,3,3,2289,0,3,17,1,Furnished,2,4,5,1.8,5,19400000.0
Pune - Hinjewadi IT Park,Apartment,3,2,1918,25,26,3,0,Semi-Furnished,1,6,6,1.4,4,16330000.0
Hyderabad - Gachibowli,Independent House,4,3,2989,0,2,0,1,Unfurnished,1,8,6,5.9,7,45520000.0
Mumbai - Bandra West,Apartment,1,1,601,5,12,29,1,Semi-Furnished,1,6,7,12.8,8,16680000.0
Hyderabad - Madhapur,Apartment,2,2,1429,2,13,2,1,Furnished,3,7,7,0.8,9,19820000.0
Bangalore - Whitefield,Apartment,2,2,974,7,9,4,1,Furnished,1,5,7,6.5,6,9680000.0
Bangalore - Indiranagar,Apartment,2,2,1160,7,7,0,0,Semi-Furnished,1,6,6,2.9,4,20560000.0
Mumbai - Navi Mumbai Vashi,Apartment,4,3,2201,2,24,21,0,Semi-Furnished,1,7,6,1.8,7,27410000.0
Delhi NCR - Noida Expressway,Apartment,1,1,781,16,25,1,0,Semi-Furnished,2,6,6,0.8,7,7850000.0
Hyderabad - Jubilee Hills,Apartment,2,1,1040,6,22,3,0,Unfurnished,2,6,7,5.3,4,23340000.0
Delhi NCR - Noida Expressway,Villa,3,2,2385,0,2,4,3,Furnished,2,4,8,1.6,6,35140000.0
Mumbai - Andheri East,Apartment,2,1,1056,5,11,9,1,Semi-Furnished,1,4,7,2.8,8,20030000.0
Mumbai - Bandra West,Independent House,4,4,3287,0,2,2,2,Unfurnished,3,7,5,4.8,6,160010000.0
Hyderabad - Madhapur,Independent House,4,4,2861,0,2,0,2,Semi-Furnished,2,6,6,0.8,6,48510000.0
Hyderabad - Madhapur,Villa,3,3,2385,0,2,0,3,Furnished,2,7,8,0.8,3,47690000.0
Chennai - Adyar,Penthouse,4,5,3600,27,27,10,2,Semi-Furnished,4,6,6,1.4,7,103080000.0
Delhi NCR - South Extension,Apartment,2,2,1407,13,22,0,2,Unfurnished,1,4,5,0.4,8,37470000.0
Bangalore - HSR Layout,Apartment,1,1,670,7,12,5,1,Furnished,1,7,7,8.4,6,11300000.0
Pune - Hinjewadi IT Park,Penthouse,4,4,3534,19,19,5,2,Unfurnished,2,6,6,1.0,3,41050000.0
Pune - Hinjewadi IT Park,Apartment,3,3,1440,16,25,0,0,Unfurnished,2,8,7,8.9,8,13220000.0
Pune - Kalyani Nagar,Apartment,3,2,1354,3,12,5,1,Furnished,2,9,6,1.3,7,26250000.0
Chennai - Adyar,Independent House,4,4,3556,0,3,3,3,Semi-Furnished,4,7,6,3.2,3,86010000.0
Bangalore - Whitefield,Independent House,5,4,3587,0,3,0,2,Semi-Furnished,1,8,6,1.7,6,49950000.0
Delhi NCR - Noida Expressway,Penthouse,6,7,4321,43,43,10,3,Semi-Furnished,3,6,7,2.4,6,67300000.0
Bangalore - Whitefield,Studio,1,1,403,1,4,8,0,Unfurnished,0,4,7,6.6,5,2430000.0
Pune - Kalyani Nagar,Independent House,4,4,2727,0,2,6,1,Unfurnished,3,7,6,3.7,5,48500000.0
Delhi NCR - Gurgaon Golf Course Rd,Apartment,3,3,1386,22,23,0,1,Furnished,2,7,5,1.3,5,48350000.0
Bangalore - Whitefield,Penthouse,4,5,2956,28,28,0,4,Semi-Furnished,3,7,4,1.0,8,52130000.0
Chennai - OMR IT Corridor,Apartment,2,1,665,7,26,11,2,Semi-Furnished,2,5,6,1.0,5,4090000.0
Delhi NCR - Noida Sector 62,Apartment,4,4,1852,10,17,1,1,Semi-Furnished,1,7,5,2.3,9,18390000.0
Mumbai - Thane West,Penthouse,4,5,3965,20,20,3,2,Semi-Furnished,3,7,6,0.6,7,91010000.0
Mumbai - Bandra West,Apartment,3,2,1593,17,28,3,1,Furnished,3,7,5,0.5,9,79800000.0
Mumbai - Bandra West,Apartment,3,2,1701,28,29,4,2,Semi-Furnished,2,9,6,8.5,7,85630000.0
Pune - Wakad,Apartment,3,3,1339,16,26,13,0,Semi-Furnished,2,7,5,1.5,4,9630000.0
Pune - Koregaon Park,Villa,5,5,3931,0,2,4,2,Furnished,2,5,6,0.5,6,98660000.0
Delhi NCR - Noida Sector 62,Apartment,3,2,1815,3,7,7,1,Unfurnished,1,9,6,4.7,3,16890000.0
Hyderabad - Gachibowli,Independent House,4,4,2166,0,1,2,2,Unfurnished,3,7,6,6.7,5,28170000.0
Pune - Koregaon Park,Apartment,1,1,585,9,21,4,1,Semi-Furnished,1,4,8,1.8,6,9710000.0
Mumbai - Navi Mumbai Vashi,Villa,3,2,1863,0,2,0,1,Furnished,3,7,3,0.3,8,44680000.0
Bangalore - Electronic City,Villa,4,3,2541,0,1,4,3,Semi-Furnished,2,9,5,2.3,5,30740000.0
Chennai - Adyar,Apartment,3,3,1728,5,28,3,1,Furnished,2,8,10,0.5,4,39820000.0
Mumbai - Andheri East,Apartment,3,3,1435,6,6,1,0,Furnished,2,5,7,1.1,10,37080000.0
Pune - Hinjewadi IT Park,Apartment,1,1,602,4,16,0,1,Semi-Furnished,3,4,6,4.6,6,3910000.0
Bangalore - Indiranagar,Studio,1,1,408,3,24,0,1,Furnished,0,8,6,15.0,4,7120000.0
Bangalore - Electronic City,Independent House,4,3,2329,0,2,3,1,Furnished,3,6,7,3.4,6,21610000.0
Mumbai - Bandra West,Penthouse,5,6,3689,39,39,1,4,Furnished,3,7,5,12.0,7,272110000.0
Bangalore - Electronic City,Apartment,2,1,1283,4,16,0,2,Furnished,1,6,7,6.5,3,9180000.0
Chennai - OMR IT Corridor,Villa,3,3,2250,0,2,6,2,Furnished,2,5,8,3.2,8,24240000.0
Pune - Koregaon Park,Villa,3,3,2642,0,3,0,1,Unfurnished,2,10,7,1.1,5,89750000.0
Delhi NCR - Gurgaon Cyber City,Independent House,5,5,3743,0,2,6,2,Furnished,3,8,8,2.8,10,115030000.0
Bangalore - Electronic City,Studio,1,1,485,5,11,8,0,Furnished,1,7,7,5.3,7,2860000.0
Hyderabad - Gachibowli,Apartment,4,4,2203,21,29,6,2,Furnished,1,8,7,2.5,4,31210000.0
Delhi NCR - Gurgaon Cyber City,Apartment,2,1,1180,7,14,4,1,Unfurnished,2,5,5,10.0,8,19740000.0
Bangalore - Electronic City,Independent House,5,5,3559,0,2,13,3,Semi-Furnished,1,1,7,0.6,7,20840000.0
Delhi NCR - South Extension,Independent House,4,3,3327,0,3,1,3,Semi-Furnished,2,6,7,1.7,6,117410000.0
Mumbai - Thane West,Apartment,2,2,1255,9,24,21,2,Unfurnished,2,5,6,4.7,8,11030000.0
Mumbai - Andheri East,Apartment,2,2,962,16,16,1,2,Semi-Furnished,1,4,5,1.9,8,21230000.0
Bangalore - Indiranagar,Apartment,2,2,1211,4,27,1,2,Semi-Furnished,2,4,6,0.4,4,21060000.0
Delhi NCR - Noida Sector 62,Apartment,1,1,652,10,21,2,0,Furnished,2,8,8,0.5,9,7380000.0
Mumbai - Thane West,Apartment,2,1,952,7,24,9,1,Semi-Furnished,0,8,7,6.1,7,13330000.0
Bangalore - Indiranagar,Independent House,3,3,2524,0,1,4,1,Semi-Furnished,2,7,5,3.8,5,58140000.0
Pune - Wakad,Villa,3,2,2233,0,2,6,1,Semi-Furnished,2,9,7,3.3,7,34370000.0
Bangalore - Indiranagar,Apartment,3,3,1575,15,15,1,2,Furnished,3,7,6,5.6,7,38010000.0
Mumbai - Andheri East,Apartment,4,3,1774,14,16,15,2,Semi-Furnished,3,9,7,1.2,5,45280000.0
Pune - Hinjewadi IT Park,Apartment,2,2,1155,5,11,3,2,Furnished,2,6,10,6.3,5,10790000.0
Delhi NCR - Gurgaon Cyber City,Apartment,2,1,1022,8,17,26,0,Furnished,2,7,6,0.4,3,13280000.0
Bangalore - Electronic City,Villa,4,3,2482,0,3,1,2,Semi-Furnished,2,7,9,3.8,7,30060000.0
Hyderabad - Madhapur,Penthouse,4,4,3144,29,29,5,3,Unfurnished,3,7,7,2.4,6,67620000.0
Pune - Wakad,Apartment,2,2,868,13,20,7,1,Semi-Furnished,2,7,7,3.1,8,8290000.0
Delhi NCR - Gurgaon Cyber City,Villa,3,2,1789,0,3,2,3,Semi-Furnished,3,8,7,7.5,6,57200000.0
Delhi NCR - South Extension,Penthouse,5,6,4534,38,39,2,2,Furnished,2,8,5,0.7,4,253480000.0
Mumbai - Bandra West,Villa,4,4,3194,0,3,2,1,Furnished,3,7,7,5.0,7,231780000.0
Chennai - Anna Nagar,Apartment,4,4,2209,4,5,1,1,Furnished,2,9,5,1.8,3,39110000.0
Hyderabad - Jubilee Hills,Studio,1,1,494,6,9,3,0,Semi-Furnished,0,7,7,1.0,7,12530000.0
Bangalore - Koramangala,Apartment,3,2,1413,2,23,2,2,Furnished,1,8,7,13.8,4,33470000.0
Chennai - OMR IT Corridor,Apartment,1,1,1281,6,8,3,1,Furnished,2,4,7,6.2,8,10000000.0
Hyderabad - Gachibowli,Apartment,2,2,902,16,27,10,1,Semi-Furnished,1,9,8,1.5,5,11710000.0
Delhi NCR - Noida Expressway,Apartment,4,4,1731,13,18,5,1,Furnished,1,6,6,3.7,4,17600000.0
Mumbai - Bandra West,Apartment,2,2,898,5,29,8,1,Semi-Furnished,2,8,7,1.5,4,39780000.0
Delhi NCR - Gurgaon Golf Course Rd,Apartment,3,3,1616,16,16,7,1,Semi-Furnished,2,6,5,0.5,8,48680000.0
Chennai - Adyar,Apartment,2,2,960,9,14,7,0,Semi-Furnished,1,6,8,1.0,7,17030000.0
Bangalore - Koramangala,Villa,3,2,2242,0,2,1,1,Semi-Furnished,3,7,7,3.4,7,73260000.0
Delhi NCR - Noida Expressway,Penthouse,4,5,3108,32,32,0,3,Semi-Furnished,2,6,7,1.0,3,48460000.0
Hyderabad - Gachibowli,Apartment,2,2,1681,11,11,0,1,Furnished,2,4,7,2.5,7,20180000.0
Pune - Wakad,Villa,3,3,2080,0,1,1,2,Semi-Furnished,2,6,6,1.5,7,25720000.0
Chennai - OMR IT Corridor,Villa,4,3,2762,0,2,15,2,Unfurnished,2,8,7,1.2,7,30920000.0
Mumbai - Bandra West,Villa,4,4,2466,0,2,4,2,Furnished,2,6,6,0.3,6,159210000.0
Pune - Kalyani Nagar,Apartment,3,3,1382,3,13,12,1,Furnished,1,8,9,0.4,8,27160000.0
Pune - Kalyani Nagar,Independent House,3,3,2278,0,3,5,3,Unfurnished,1,7,6,0.4,7,42090000.0
Mumbai - Worli Sea Face,Studio,1,1,442,17,19,5,1,Semi-Furnished,1,7,8,2.3,6,22920000.0
Delhi NCR - Gurgaon Golf Course Rd,Independent House,3,2,1814,0,2,2,2,Semi-Furnished,2,8,6,0.6,7,75040000.0
Bangalore - Indiranagar,Apartment,4,3,1847,14,19,2,2,Semi-Furnished,2,9,6,8.3,8,48130000.0
Chennai - Adyar,Apartment,3,3,1905,11,27,0,2,Furnished,2,5,4,0.8,7,36370000.0
Delhi NCR - South Extension,Independent House,4,3,3320,0,3,4,2,Semi-Furnished,2,5,6,0.5,4,95440000.0
Mumbai - Worli Sea Face,Apartment,2,1,1640,10,11,4,2,Semi-Furnished,2,6,7,3.3,6,80220000.0
Bangalore - Whitefield,Apartment,3,2,1737,5,29,2,1,Furnished,2,7,6,2.1,8,23020000.0
Delhi NCR - Noida Sector 62,Apartment,3,2,1538,11,23,0,1,Semi-Furnished,2,8,6,1.6,7,17040000.0
Delhi NCR - Noida Sector 62,Villa,4,4,2611,0,2,12,3,Unfurnished,3,6,6,1.1,9,31490000.0
Bangalore - HSR Layout,Penthouse,4,4,3772,33,34,0,3,Semi-Furnished,4,8,4,3.6,9,125650000.0
Mumbai - Andheri East,Apartment,4,4,2235,5,11,4,1,Furnished,2,4,7,1.3,7,51000000.0
Delhi NCR - Noida Sector 62,Studio,1,1,595,13,15,0,1,Semi-Furnished,0,6,8,6.5,8,5470000.0
Bangalore - Electronic City,Apartment,3,3,1941,10,11,2,0,Semi-Furnished,1,9,7,2.9,9,17970000.0
Mumbai - Worli Sea Face,Independent House,3,2,1968,0,3,5,1,Unfurnished,3,5,7,7.6,6,88520000.0
Hyderabad - Gachibowli,Villa,3,3,1823,0,2,22,1,Semi-Furnished,3,7,4,0.8,7,24020000.0
Chennai - Adyar,Villa,3,2,2316,0,1,0,2,Furnished,4,7,7,1.8,7,75120000.0
Bangalore - Whitefield,Studio,1,1,425,3,5,1,0,Semi-Furnished,0,8,7,0.7,7,4740000.0
Pune - Koregaon Park,Apartment,1,1,806,10,27,4,1,Semi-Furnished,2,6,5,1.5,8,14020000.0
Mumbai - Andheri East,Villa,3,3,2393,0,3,2,1,Furnished,2,7,6,0.9,5,84700000.0
Bangalore - Indiranagar,Apartment,4,4,1841,22,22,11,1,Semi-Furnished,1,7,5,2.3,8,34330000.0
Hyderabad - Gachibowli,Independent House,3,2,2748,0,2,3,1,Semi-Furnished,1,8,6,1.6,8,39400000.0
Chennai - Adyar,Villa,4,3,3425,0,1,2,3,Semi-Furnished,1,7,6,0.5,6,102560000.0
Chennai - OMR IT Corridor,Independent House,3,3,2437,0,2,1,1,Furnished,2,8,5,1.5,4,25060000.0
Delhi NCR - Gurgaon Golf Course Rd,Apartment,4,4,2236,5,22,5,0,Semi-Furnished,2,3,7,4.0,7,53200000.0
Mumbai - Navi Mumbai Vashi,Penthouse,4,5,3928,40,40,0,2,Unfurnished,4,9,6,0.6,7,114570000.0
Mumbai - Andheri East,Apartment,2,1,1242,14,19,2,1,Unfurnished,3,8,6,0.5,5,29850000.0
Pune - Koregaon Park,Apartment,4,4,2058,9,9,0,0,Unfurnished,0,6,5,1.6,5,32160000.0
Mumbai - Navi Mumbai Vashi,Independent House,4,4,2720,0,1,1,1,Unfurnished,4,7,7,4.0,5,50160000.0
Delhi NCR - Noida Expressway,Apartment,4,4,2063,2,4,1,1,Furnished,1,6,5,1.0,10,23520000.0
Delhi NCR - Gurgaon Golf Course Rd,Villa,4,3,2458,0,2,1,1,Semi-Furnished,4,10,5,5.2,9,139340000.0
Mumbai - Thane West,Apartment,1,1,517,18,27,14,0,Semi-Furnished,2,9,6,3.1,5,7150000.0
Delhi NCR - Noida Expressway,Apartment,1,1,459,5,8,0,2,Unfurnished,2,7,4,8.9,9,4540000.0
Delhi NCR - South Extension,Villa,5,5,3705,0,2,3,3,Furnished,3,10,7,2.8,8,229800000.0
Pune - Koregaon Park,Apartment,3,3,1292,9,14,0,1,Unfurnished,3,7,8,1.6,5,23160000.0
Hyderabad - Madhapur,Apartment,2,2,1193,1,4,2,1,Semi-Furnished,2,5,9,11.2,5,14390000.0
Bangalore - Indiranagar,Independent House,3,3,2370,0,2,1,2,Unfurnished,2,5,6,3.1,6,47280000.0
Delhi NCR - Noida Sector 62,Apartment,3,3,1617,18,24,5,1,Furnished,1,8,8,2.5,8,20670000.0
Pune - Hinjewadi IT Park,Independent House,3,3,2662,0,2,7,2,Furnished,2,5,5,1.9,9,24020000.0
Delhi NCR - Gurgaon Golf Course Rd,Apartment,2,1,1119,4,4,5,1,Semi-Furnished,2,7,6,0.8,4,34300000.0
Delhi NCR - South Extension,Villa,4,4,2289,0,1,1,2,Furnished,2,8,5,3.2,7,116130000.0
Delhi NCR - Gurgaon Cyber City,Villa,3,2,2481,0,2,3,1,Unfurnished,4,9,7,3.5,8,82440000.0
Hyderabad - Gachibowli,Independent House,5,5,3285,0,2,1,1,Furnished,1,4,5,6.3,5,38010000.0
Hyderabad - Madhapur,Apartment,3,3,1829,3,10,0,2,Semi-Furnished,2,9,5,7.1,8,25830000.0
Delhi NCR - South Extension,Villa,4,4,3335,0,1,21,3,Semi-Furnished,1,7,6,3.1,6,109190000.0
Hyderabad - Madhapur,Independent House,3,3,1705,0,1,0,2,Semi-Furnished,2,6,8,5.7,6,27440000.0
Pune - Koregaon Park,Independent House,4,3,2944,0,2,5,2,Semi-Furnished,1,9,8,1.9,7,73340000.0
Delhi NCR - Noida Expressway,Apartment,2,2,1410,12,16,3,1,Semi-Furnished,1,5,8,1.1,4,13800000.0
Hyderabad - Gachibowli,Penthouse,4,4,3514,31,32,8,3,Furnished,3,7,5,7.9,6,70240000.0
Delhi NCR - Noida Expressway,Independent House,5,4,3673,0,2,1,1,Furnished,1,7,6,1.9,6,48230000.0
Chennai - OMR IT Corridor,Apartment,3,2,1793,3,9,5,0,Semi-Furnished,1,6,7,4.4,6,12800000.0
Mumbai - Thane West,Apartment,1,1,450,5,6,11,0,Semi-Furnished,1,7,8,4.4,8,6400000.0
Delhi NCR - South Extension,Penthouse,3,4,2669,17,17,0,3,Semi-Furnished,3,6,6,3.7,7,131470000.0
Pune - Wakad,Apartment,3,3,1822,17,17,1,0,Semi-Furnished,3,6,6,1.8,5,16690000.0
Delhi NCR - Noida Expressway,Studio,1,1,553,5,6,3,1,Semi-Furnished,1,5,6,3.0,4,4200000.0
Mumbai - Thane West,Independent House,3,3,1615,0,2,5,3,Semi-Furnished,3,7,6,1.3,4,25730000.0
Hyderabad - Gachibowli,Independent House,4,4,2982,0,2,1,1,Furnished,3,8,7,0.8,6,53390000.0
Delhi NCR - Gurgaon Cyber City,Apartment,3,2,1531,6,11,0,1,Semi-Furnished,1,7,5,0.9,9,34020000.0
Hyderabad - Jubilee Hills,Apartment,4,4,1668,21,23,0,0,Unfurnished,2,7,5,1.5,6,45040000.0
Pune - Wakad,Studio,1,1,320,4,11,12,0,Unfurnished,1,5,3,2.4,6,1800000.0
Mumbai - Andheri East,Apartment,2,1,1178,14,14,7,2,Semi-Furnished,2,7,6,1.6,6,29120000.0
Delhi NCR - Noida Sector 62,Villa,5,4,3680,0,3,6,1,Semi-Furnished,3,6,5,3.2,5,39640000.0
Mumbai - Thane West,Apartment,3,3,1472,1,22,8,1,Unfurnished,1,8,6,1.5,4,18420000.0
Pune - Koregaon Park,Apartment,3,2,1517,14,21,2,1,Semi-Furnished,1,10,7,8.2,10,37570000.0
Hyderabad - Gachibowli,Apartment,2,1,877,4,9,4,1,Furnished,1,7,7,6.0,7,11470000.0
Hyderabad - HITEC City,Apartment,3,2,1538,5,8,12,1,Furnished,1,9,5,1.5,6,20940000.0
Delhi NCR - Noida Sector 62,Studio,1,1,420,7,8,0,0,Semi-Furnished,1,6,6,6.1,3,2970000.0
Delhi NCR - Noida Expressway,Apartment,2,2,1191,9,20,5,0,Unfurnished,2,7,6,2.5,6,10790000.0
Mumbai - Worli Sea Face,Apartment,2,2,839,2,18,9,1,Semi-Furnished,1,7,4,4.8,7,36460000.0
Bangalore - Whitefield,Apartment,1,1,754,12,16,0,2,Furnished,3,5,3,4.8,5,6960000.0
Pune - Koregaon Park,Apartment,1,1,450,3,12,13,2,Furnished,3,7,5,1.4,1,6520000.0
Bangalore - HSR Layout,Apartment,3,3,1901,3,15,3,0,Semi-Furnished,1,7,6,5.8,8,30060000.0
Mumbai - Thane West,Penthouse,4,4,3991,31,31,0,3,Unfurnished,2,6,7,0.5,6,89610000.0
Pune - Hinjewadi IT Park,Apartment,1,1,1082,17,24,5,1,Semi-Furnished,2,3,6,1.7,3,6130000.0
Mumbai - Andheri East,Apartment,1,1,524,2,8,12,1,Semi-Furnished,2,5,7,1.0,3,9510000.0
Pune - Kalyani Nagar,Apartment,3,3,1614,16,17,3,1,Furnished,1,6,7,3.0,9,28180000.0
Delhi NCR - Gurgaon Cyber City,Studio,1,1,457,8,11,1,0,Unfurnished,1,7,5,5.6,5,6850000.0
Mumbai - Thane West,Apartment,3,3,1706,3,4,5,1,Unfurnished,1,6,6,1.4,4,23380000.0
Chennai - Adyar,Apartment,2,2,912,1,27,5,1,Furnished,1,6,6,2.2,7,16590000.0
Chennai - OMR IT Corridor,Independent House,3,2,2178,0,3,5,1,Semi-Furnished,4,6,8,1.8,2,17110000.0
Delhi NCR - South Extension,Independent House,3,3,2322,0,3,11,1,Furnished,1,7,8,5.7,9,81300000.0
Bangalore - Koramangala,Apartment,3,3,1502,9,11,0,1,Furnished,2,8,7,1.1,4,37630000.0
Delhi NCR - Gurgaon Golf Course Rd,Apartment,2,2,950,15,18,3,1,Furnished,1,8,8,5.0,8,40640000.0
Bangalore - HSR Layout,Villa,3,3,2247,0,3,1,2,Furnished,3,7,5,0.9,6,58040000.0
Bangalore - Koramangala,Apartment,2,2,1269,4,21,2,2,Semi-Furnished,1,6,6,3.9,7,25500000.0
Delhi NCR - Gurgaon Cyber City,Villa,4,3,3435,0,2,3,2,Semi-Furnished,2,6,4,0.6,9,97480000.0
Bangalore - Koramangala,Independent House,3,3,1909,0,3,4,2,Semi-Furnished,3,7,5,1.4,5,46080000.0
Chennai - Anna Nagar,Apartment,1,1,457,10,11,5,0,Semi-Furnished,1,5,8,4.9,7,7370000.0
Pune - Kalyani Nagar,Apartment,2,2,976,3,9,6,2,Furnished,2,7,6,3.9,5,16090000.0
Bangalore - HSR Layout,Apartment,2,2,1240,2,5,13,1,Furnished,1,6,4,2.6,4,15750000.0
Bangalore - HSR Layout,Villa,4,3,2510,0,2,2,1,Semi-Furnished,1,8,6,4.1,6,59090000.0
Chennai - Anna Nagar,Apartment,2,1,904,5,9,4,0,Semi-Furnished,2,7,9,10.3,7,14330000.0
Mumbai - Thane West,Apartment,3,2,1159,3,14,1,1,Furnished,0,7,7,1.2,7,16320000.0
Hyderabad - HITEC City,Independent House,4,4,3167,0,2,0,2,Unfurnished,1,8,8,3.8,7,58870000.0
Mumbai - Thane West,Studio,1,1,436,4,10,1,0,Semi-Furnished,0,7,8,0.6,6,5340000.0
Hyderabad - Jubilee Hills,Apartment,1,1,643,12,28,6,1,Unfurnished,3,8,5,1.4,6,17590000.0
Bangalore - Koramangala,Penthouse,6,6,4357,43,43,8,2,Semi-Furnished,3,7,6,4.2,4,137980000.0
Hyderabad - Jubilee Hills,Apartment,3,3,1260,3,7,1,0,Furnished,3,7,8,0.9,9,40770000.0
Mumbai - Bandra West,Apartment,1,1,871,1,4,15,1,Semi-Furnished,1,8,7,0.4,7,36900000.0
Delhi NCR - Gurgaon Golf Course Rd,Apartment,2,2,1119,2,20,2,0,Furnished,1,8,8,3.1,7,40420000.0
Chennai - Anna Nagar,Apartment,3,2,1754,22,28,2,1,Semi-Furnished,1,3,7,3.6,10,22800000.0
Delhi NCR - Gurgaon Cyber City,Apartment,3,2,1570,8,18,0,1,Furnished,2,7,6,1.8,10,41400000.0
Bangalore - HSR Layout,Apartment,3,2,1695,2,14,4,1,Unfurnished,1,6,5,2.3,7,24110000.0
Delhi NCR - Noida Expressway,Penthouse,4,5,3621,22,22,6,3,Furnished,3,8,7,2.2,10,76780000.0
Delhi NCR - Gurgaon Cyber City,Villa,5,5,3169,0,3,0,3,Unfurnished,3,5,6,0.8,9,88720000.0
Hyderabad - Madhapur,Villa,5,4,4019,0,3,11,2,Unfurnished,1,7,5,0.9,7,66340000.0
Hyderabad - Jubilee Hills,Apartment,2,2,1469,6,20,33,2,Semi-Furnished,3,7,5,1.3,6,26110000.0
Hyderabad - Jubilee Hills,Apartment,3,2,1565,6,15,0,1,Semi-Furnished,2,7,7,4.3,5,39400000.0
Hyderabad - Gachibowli,Apartment,2,2,1078,12,12,1,2,Semi-Furnished,1,6,10,4.5,3,14290000.0
Hyderabad - Jubilee Hills,Independent House,4,4,2902,0,2,9,3,Unfurnished,4,8,3,5.9,7,77770000.0
Bangalore - Electronic City,Penthouse,3,4,3070,43,44,2,2,Semi-Furnished,4,6,7,0.9,5,39890000.0
Chennai - Adyar,Apartment,4,4,2082,9,16,3,1,Unfurnished,0,8,8,9.4,9,41500000.0
Bangalore - Electronic City,Apartment,2,2,1344,1,4,10,1,Semi-Furnished,1,8,9,4.9,10,11020000.0
Delhi NCR - Noida Expressway,Apartment,3,2,1485,12,16,1,1,Unfurnished,2,7,8,5.8,1,13960000.0
Bangalore - HSR Layout,Apartment,2,2,967,3,6,0,0,Semi-Furnished,1,6,5,4.6,6,13780000.0
Chennai - Anna Nagar,Apartment,2,2,1249,4,12,6,2,Semi-Furnished,2,8,5,8.7,7,19940000.0
Chennai - Adyar,Independent House,4,3,2556,0,3,12,1,Unfurnished,2,4,9,15.0,4,36520000.0
Chennai - OMR IT Corridor,Independent House,4,3,2726,0,1,0,2,Unfurnished,2,9,8,6.9,10,34910000.0
Bangalore - HSR Layout,Apartment,1,1,628,23,25,3,1,Semi-Furnished,2,6,6,0.7,8,10720000.0
Bangalore - Whitefield,Apartment,1,1,465,5,9,3,1,Furnished,2,8,8,0.4,6,5880000.0
Chennai - Anna Nagar,Studio,1,1,523,1,4,5,0,Semi-Furnished,1,6,8,7.5,5,6800000.0
Pune - Koregaon Park,Apartment,3,3,1832,1,10,1,1,Unfurnished,2,6,6,7.0,8,31060000.0
Pune - Kalyani Nagar,Apartment,1,1,450,1,6,1,2,Semi-Furnished,1,5,6,6.2,8,6620000.0
Chennai - Adyar,Apartment,3,3,1815,1,10,4,1,Unfurnished,2,5,6,0.4,4,27100000.0
Mumbai - Navi Mumbai Vashi,Apartment,3,2,1664,2,5,2,1,Furnished,1,9,6,0.6,8,34430000.0
Mumbai - Thane West,Apartment,2,2,1111,13,28,15,1,Semi-Furnished,1,5,5,2.5,5,10760000.0
Pune - Hinjewadi IT Park,Villa,5,4,3042,0,2,7,1,Semi-Furnished,2,7,8,0.8,7,39200000.0
Chennai - Anna Nagar,Apartment,2,2,883,3,5,0,1,Unfurnished,1,6,9,0.7,5,14350000.0
Pune - Wakad,Apartment,2,2,1183,21,29,1,2,Furnished,2,6,8,15.0,4,10520000.0
Mumbai - Thane West,Independent House,5,5,3491,0,2,3,1,Unfurnished,2,8,4,4.6,7,55310000.0
Bangalore - Koramangala,Apartment,3,2,1834,5,6,0,1,Semi-Furnished,2,8,6,0.6,7,46640000.0
Bangalore - HSR Layout,Penthouse,6,7,5503,17,17,0,3,Furnished,2,4,8,4.2,10,163340000.0
Chennai - OMR IT Corridor,Penthouse,3,4,3280,17,17,11,2,Semi-Furnished,3,6,5,12.4,6,32240000.0
Pune - Hinjewadi IT Park,Apartment,2,1,1204,10,18,3,2,Furnished,3,8,6,3.0,4,11690000.0
Pune - Wakad,Villa,4,3,2642,0,2,2,3,Semi-Furnished,2,7,6,0.3,5,35060000.0
Mumbai - Thane West,Apartment,2,1,1165,10,20,12,1,Furnished,2,8,7,4.8,6,16280000.0
Bangalore - HSR Layout,Studio,1,1,552,6,9,0,0,Furnished,0,6,6,0.4,3,7710000.0
Mumbai - Bandra West,Apartment,2,2,841,1,17,4,1,Unfurnished,1,7,7,4.6,5,32600000.0
Hyderabad - Madhapur,Studio,1,1,687,2,8,2,1,Furnished,1,5,5,2.0,6,6670000.0
Pune - Hinjewadi IT Park,Villa,4,3,1933,0,3,3,1,Furnished,3,7,6,0.3,4,23530000.0
Mumbai - Navi Mumbai Vashi,Apartment,2,1,944,22,22,1,2,Semi-Furnished,2,8,8,0.9,5,18370000.0
Delhi NCR - Noida Expressway,Apartment,3,3,1679,2,11,1,1,Semi-Furnished,2,7,7,2.3,5,17690000.0
Pune - Kalyani Nagar,Studio,1,1,537,11,18,1,0,Semi-Furnished,1,6,10,9.0,6,7410000.0
Mumbai - Worli Sea Face,Villa,5,4,4156,0,2,0,1,Semi-Furnished,3,8,8,11.6,6,344330000.0
Delhi NCR - Gurgaon Golf Course Rd,Apartment,2,2,1266,9,10,1,1,Unfurnished,2,7,5,3.2,7,36770000.0
Mumbai - Andheri East,Independent House,3,2,2339,0,1,5,3,Semi-Furnished,3,6,6,0.5,8,66100000.0
Mumbai - Bandra West,Apartment,3,3,1520,1,5,15,1,Furnished,3,6,8,0.5,6,56400000.0
Hyderabad - Madhapur,Apartment,4,4,2109,15,20,6,0,Furnished,1,7,6,2.5,7,26850000.0
Hyderabad - Gachibowli,Apartment,3,3,1473,16,29,4,1,Semi-Furnished,1,5,10,0.5,8,18130000.0
Pune - Kalyani Nagar,Apartment,2,2,1116,9,11,0,1,Semi-Furnished,2,8,7,7.6,8,19600000.0
Hyderabad - Jubilee Hills,Villa,5,5,3800,0,3,0,3,Semi-Furnished,1,7,7,4.8,6,156750000.0
Pune - Koregaon Park,Apartment,2,2,1240,4,7,4,1,Semi-Furnished,1,7,7,4.2,6,21960000.0
Mumbai - Navi Mumbai Vashi,Villa,5,5,3328,0,2,4,2,Semi-Furnished,3,7,6,1.4,6,84880000.0
Delhi NCR - Noida Expressway,Apartment,1,1,840,2,12,0,1,Furnished,2,5,8,1.7,2,8280000.0
Mumbai - Worli Sea Face,Apartment,2,2,1265,5,6,7,2,Furnished,2,6,6,2.3,8,67700000.0
Bangalore - Koramangala,Apartment,3,3,1639,9,20,1,2,Semi-Furnished,1,7,7,5.7,5,34860000.0
Delhi NCR - South Extension,Apartment,2,2,919,1,25,17,2,Semi-Furnished,1,8,4,0.4,8,24810000.0
Bangalore - HSR Layout,Apartment,4,4,1695,11,11,1,1,Semi-Furnished,2,7,8,2.1,8,31980000.0
Bangalore - Electronic City,Apartment,2,2,1178,6,29,4,1,Furnished,1,7,8,1.1,6,9680000.0
Delhi NCR - Noida Sector 62,Apartment,4,4,2121,3,18,4,0,Semi-Furnished,2,9,7,0.8,4,21130000.0
Delhi NCR - Gurgaon Cyber City,Apartment,2,2,845,1,7,13,1,Unfurnished,2,7,6,3.3,3,12130000.0
Chennai - OMR IT Corridor,Apartment,3,3,1744,3,13,4,1,Furnished,1,8,8,2.4,4,15670000.0
Chennai - OMR IT Corridor,Apartment,3,3,1701,11,23,4,1,Semi-Furnished,2,7,7,4.3,3,13060000.0
Mumbai - Andheri East,Penthouse,6,6,5418,39,39,4,3,Unfurnished,4,6,8,1.8,8,228520000.0
Mumbai - Worli Sea Face,Penthouse,4,4,3454,24,24,8,2,Semi-Furnished,3,4,5,1.2,6,222390000.0
Bangalore - Koramangala,Apartment,2,2,989,4,7,10,2,Semi-Furnished,2,9,4,1.0,9,20160000.0
Hyderabad - Gachibowli,Apartment,1,1,744,17,24,3,1,Furnished,2,7,7,5.3,5,9610000.0
Pune - Hinjewadi IT Park,Apartment,3,2,1385,19,25,1,1,Semi-Furnished,1,4,8,0.8,6,10380000.0
Mumbai - Worli Sea Face,Studio,1,1,409,13,16,15,0,Furnished,0,5,6,1.0,4,14220000.0
Bangalore - HSR Layout,Apartment,2,2,1187,15,29,0,1,Unfurnished,1,6,8,0.4,3,19420000.0
Hyderabad - Jubilee Hills,Apartment,3,2,1723,14,27,7,0,Semi-Furnished,0,7,8,5.5,3,43190000.0
Bangalore - Koramangala,Apartment,3,3,1290,7,14,3,2,Unfurnished,0,5,8,1.2,9,29640000.0
Bangalore - Electronic City,Apartment,2,2,1319,25,27,4,1,Semi-Furnished,3,2,8,2.8,6,6880000.0
Pune - Kalyani Nagar,Apartment,3,2,1859,7,7,5,1,Semi-Furnished,3,7,8,10.0,7,29870000.0
Delhi NCR - South Extension,Villa,4,3,2793,0,2,3,2,Semi-Furnished,4,7,5,4.7,7,121170000.0
Bangalore - Koramangala,Apartment,1,1,557,1,13,0,2,Unfurnished,1,7,6,5.0,5,11850000.0
Chennai - Anna Nagar,Independent House,3,3,2134,0,2,2,3,Unfurnished,1,8,7,2.7,4,44510000.0
Delhi NCR - Noida Sector 62,Apartment,3,2,1586,21,24,4,2,Semi-Furnished,2,7,8,0.6,4,15910000.0
Pune - Wakad,Apartment,1,1,505,8,8,1,0,Unfurnished,3,8,7,1.4,5,4460000.0
Mumbai - Thane West,Penthouse,4,4,3147,44,44,4,3,Semi-Furnished,3,7,4,1.4,8,69860000.0
Chennai - Adyar,Apartment,3,2,1870,14,19,1,1,Semi-Furnished,1,7,5,2.4,9,40160000.0
Bangalore - Indiranagar,Villa,4,4,2637,0,1,1,3,Semi-Furnished,2,7,7,7.7,7,86440000.0
Bangalore - HSR Layout,Apartment,2,1,1158,5,16,4,2,Furnished,2,6,7,5.1,6,17970000.0
Bangalore - Koramangala,Apartment,3,2,1386,8,10,3,1,Furnished,1,6,6,2.3,6,28780000.0
Delhi NCR - Gurgaon Cyber City,Studio,1,1,613,3,23,3,0,Furnished,1,8,6,2.8,6,11750000.0
Delhi NCR - Noida Sector 62,Apartment,3,3,1414,7,27,3,0,Semi-Furnished,3,5,7,1.5,6,11330000.0
Mumbai - Thane West,Villa,3,3,2257,0,2,10,2,Semi-Furnished,2,8,7,0.7,5,49730000.0
Bangalore - Whitefield,Apartment,2,2,1384,7,25,0,0,Semi-Furnished,1,6,6,1.4,8,14310000.0
Mumbai - Navi Mumbai Vashi,Villa,3,2,2297,0,3,2,3,Unfurnished,2,6,6,5.7,8,48790000.0
Mumbai - Bandra West,Apartment,1,1,549,5,17,0,1,Semi-Furnished,1,6,5,2.1,7,21610000.0
Mumbai - Thane West,Apartment,3,2,1672,2,21,10,1,Semi-Furnished,1,6,6,0.8,7,21470000.0
Mumbai - Worli Sea Face,Villa,4,4,2833,0,2,4,3,Furnished,1,6,3,15.0,5,167240000.0
Bangalore - Electronic City,Penthouse,4,4,3987,40,40,6,4,Furnished,4,8,8,1.2,6,64010000.0
Bangalore - Whitefield,Penthouse,5,6,3914,36,36,2,3,Semi-Furnished,3,6,6,1.3,10,73960000.0
Mumbai - Bandra West,Villa,4,4,2624,0,1,1,2,Semi-Furnished,1,4,7,0.8,7,146100000.0
Bangalore - Indiranagar,Penthouse,4,5,3286,33,33,1,3,Semi-Furnished,3,6,7,1.9,5,111300000.0
Bangalore - Electronic City,Apartment,2,2,843,15,28,11,1,Furnished,0,7,8,5.1,7,6480000.0
Bangalore - Koramangala,Apartment,3,3,1580,7,20,4,2,Semi-Furnished,0,7,7,4.4,9,37530000.0
Mumbai - Thane West,Apartment,1,1,1124,8,22,0,1,Furnished,2,7,6,2.0,4,17070000.0
Delhi NCR - Gurgaon Cyber City,Apartment,2,1,1022,2,27,5,1,Furnished,0,5,6,2.5,2,16920000.0
Pune - Kalyani Nagar,Apartment,4,3,2274,28,29,5,1,Furnished,2,7,5,3.5,7,35240000.0
Mumbai - Andheri East,Apartment,1,1,729,1,16,0,0,Furnished,3,6,6,0.5,6,19520000.0
Mumbai - Navi Mumbai Vashi,Apartment,2,2,1380,20,28,16,2,Semi-Furnished,1,6,8,1.5,7,18960000.0
Delhi NCR - Gurgaon Golf Course Rd,Independent House,4,3,2640,0,1,5,2,Furnished,2,8,5,2.8,7,105590000.0
Hyderabad - Gachibowli,Apartment,4,3,2474,5,5,3,2,Unfurnished,1,8,8,1.4,6,32700000.0
Bangalore - Whitefield,Apartment,3,3,1939,8,15,1,1,Semi-Furnished,1,8,8,1.0,9,25500000.0
Bangalore - Indiranagar,Apartment,1,1,842,4,6,13,1,Furnished,2,7,6,0.7,6,16820000.0
Bangalore - Whitefield,Villa,4,4,2933,0,2,0,1,Furnished,3,7,8,3.3,5,53820000.0
Pune - Hinjewadi IT Park,Independent House,3,2,2126,0,3,3,2,Semi-Furnished,2,7,5,6.1,5,19320000.0
Mumbai - Worli Sea Face,Independent House,3,2,1857,0,2,13,2,Furnished,2,5,6,0.9,6,94810000.0
Hyderabad - Jubilee Hills,Apartment,4,4,2325,1,5,5,0,Unfurnished,1,7,8,4.5,9,63040000.0
Delhi NCR - Gurgaon Golf Course Rd,Apartment,3,3,1267,12,19,5,2,Unfurnished,0,6,5,5.9,8,35650000.0
Chennai - Adyar,Apartment,3,2,1471,13,19,20,1,Furnished,1,7,8,0.9,6,26400000.0
Mumbai - Worli Sea Face,Apartment,2,1,982,6,17,3,0,Semi-Furnished,2,5,8,1.4,4,42010000.0
Hyderabad - Jubilee Hills,Apartment,1,1,652,7,25,30,1,Furnished,1,6,7,7.3,7,14110000.0
Bangalore - Indiranagar,Apartment,3,3,1998,14,20,5,1,Semi-Furnished,2,7,7,1.0,6,43770000.0
Mumbai - Andheri East,Apartment,1,1,450,7,18,2,1,Semi-Furnished,0,7,7,6.7,9,12450000.0
Hyderabad - Madhapur,Studio,1,1,567,9,12,0,1,Furnished,0,8,6,4.1,5,7250000.0
Delhi NCR - Gurgaon Golf Course Rd,Studio,1,1,567,12,19,5,0,Furnished,1,9,5,1.2,6,17620000.0
Mumbai - Andheri East,Apartment,3,2,1262,3,24,8,1,Semi-Furnished,1,6,5,0.8,6,26840000.0
Bangalore - Indiranagar,Apartment,2,2,1278,11,15,1,1,Semi-Furnished,2,6,6,1.8,6,28750000.0
Pune - Kalyani Nagar,Apartment,2,2,771,19,28,5,2,Furnished,0,6,8,5.2,6,13390000.0
Mumbai - Worli Sea Face,Apartment,2,1,931,2,8,0,0,Semi-Furnished,3,8,6,1.8,7,47780000.0
Mumbai - Andheri East,Studio,1,1,545,3,7,0,0,Semi-Furnished,0,4,7,2.9,7,11000000.0
Hyderabad - Madhapur,Apartment,1,1,452,1,5,0,2,Unfurnished,2,6,6,1.6,6,5890000.0
Hyderabad - HITEC City,Villa,5,5,3767,0,3,11,1,Furnished,2,5,5,0.9,8,61890000.0
Bangalore - Whitefield,Apartment,3,2,1999,4,4,5,1,Unfurnished,1,9,5,7.4,5,20540000.0
Hyderabad - Jubilee Hills,Studio,1,1,524,12,18,3,0,Semi-Furnished,1,8,6,0.4,7,13210000.0
Delhi NCR - Gurgaon Golf Course Rd,Apartment,3,3,1520,4,5,10,0,Furnished,1,6,7,4.4,5,40620000.0
Chennai - Adyar,Villa,3,3,2835,0,2,4,2,Semi-Furnished,3,8,8,4.2,5,89730000.0
Mumbai - Thane West,Apartment,1,1,450,1,10,0,1,Semi-Furnished,2,7,9,5.3,6,6400000.0
Mumbai - Navi Mumbai Vashi,Independent House,4,4,2695,0,2,3,2,Unfurnished,3,8,6,0.6,8,58340000.0
Delhi NCR - Gurgaon Cyber City,Apartment,3,3,1820,8,14,12,1,Furnished,1,7,4,0.4,5,30070000.0
Delhi NCR - Noida Expressway,Apartment,2,1,822,11,11,6,1,Semi-Furnished,1,5,8,0.8,5,7980000.0
Chennai - OMR IT Corridor,Penthouse,6,6,4885,35,36,0,4,Semi-Furnished,2,5,5,6.7,7,62730000.0
Hyderabad - Madhapur,Penthouse,4,5,3563,25,26,11,2,Unfurnished,3,10,4,2.4,7,71260000.0
Pune - Koregaon Park,Penthouse,4,5,3300,20,20,0,4,Semi-Furnished,3,6,6,2.5,8,102700000.0
Bangalore - HSR Layout,Independent House,3,2,2018,0,2,12,2,Unfurnished,2,6,3,2.8,6,27620000.0
Chennai - OMR IT Corridor,Villa,3,3,2216,0,2,9,2,Unfurnished,3,6,8,2.7,3,21680000.0
Hyderabad - Madhapur,Apartment,2,2,913,7,22,14,1,Furnished,2,6,6,1.1,7,10720000.0
Pune - Koregaon Park,Apartment,4,3,1994,1,8,21,0,Unfurnished,1,7,7,1.4,7,25660000.0
Delhi NCR - Gurgaon Golf Course Rd,Apartment,4,3,1938,13,26,1,1,Unfurnished,3,8,8,0.9,8,74000000.0
Pune - Kalyani Nagar,Independent House,4,4,2683,0,2,8,2,Furnished,2,8,7,2.5,5,59980000.0
Pune - Koregaon Park,Apartment,1,1,458,15,28,0,1,Semi-Furnished,2,8,5,7.1,8,9040000.0
Delhi NCR - Gurgaon Golf Course Rd,Apartment,1,1,763,4,8,2,0,Semi-Furnished,1,8,7,1.4,6,26620000.0
Bangalore - Whitefield,Independent House,3,3,2027,0,1,0,2,Furnished,4,8,7,3.9,9,33570000.0
Hyderabad - HITEC City,Villa,3,2,2324,0,1,0,3,Furnished,1,8,6,2.6,6,54970000.0
Mumbai - Worli Sea Face,Apartment,4,3,1787,3,14,3,1,Furnished,0,4,7,4.4,7,81900000.0
Pune - Koregaon Park,Apartment,2,1,1297,3,14,9,2,Furnished,1,8,7,6.2,10,25310000.0
Delhi NCR - Gurgaon Cyber City,Apartment,2,1,1325,13,16,5,1,Semi-Furnished,3,6,7,2.1,5,26630000.0
Hyderabad - Madhapur,Apartment,3,3,1406,5,7,13,1,Furnished,3,4,7,1.3,8,15790000.0
Pune - Wakad,Apartment,2,2,995,1,10,7,0,Unfurnished,1,6,6,6.1,9,6880000.0
Bangalore - Whitefield,Independent House,4,3,3380,0,3,1,2,Semi-Furnished,3,7,7,9.1,4,44260000.0
Hyderabad - Jubilee Hills,Independent House,4,3,3354,0,1,9,2,Furnished,2,7,7,1.0,10,124600000.0
Mumbai - Navi Mumbai Vashi,Independent House,4,3,3073,0,2,1,2,Semi-Furnished,2,7,7,9.8,5,52470000.0
Hyderabad - HITEC City,Apartment,1,1,830,15,22,3,2,Semi-Furnished,1,10,5,9.1,5,13840000.0
Bangalore - Whitefield,Villa,4,3,3262,0,2,0,1,Unfurnished,3,7,8,0.8,3,46240000.0
Chennai - Anna Nagar,Apartment,3,2,1566,3,6,6,1,Furnished,3,5,4,0.6,6,22570000.0
Delhi NCR - Gurgaon Golf Course Rd,Apartment,3,3,1308,19,23,4,0,Furnished,2,10,5,2.5,4,49240000.0
Mumbai - Bandra West,Villa,3,3,2283,0,3,4,2,Unfurnished,1,7,7,3.7,4,130660000.0
Chennai - OMR IT Corridor,Apartment,2,2,1400,20,26,2,1,Unfurnished,2,8,6,0.3,6,12910000.0
Hyderabad - Gachibowli,Apartment,2,2,786,24,27,7,1,Semi-Furnished,2,6,6,1.5,5,9420000.0
Hyderabad - HITEC City,Penthouse,4,4,3780,41,41,1,2,Semi-Furnished,3,6,6,3.8,7,82100000.0
Bangalore - Indiranagar,Apartment,2,1,1497,1,19,4,2,Furnished,2,8,6,0.9,6,37970000.0
Hyderabad - Jubilee Hills,Independent House,3,2,2330,0,2,1,2,Semi-Furnished,2,7,6,2.4,3,69530000.0
Pune - Hinjewadi IT Park,Apartment,3,2,1690,6,14,1,1,Furnished,3,5,8,4.0,7,13970000.0
Bangalore - Whitefield,Independent House,3,3,2570,0,2,0,1,Furnished,2,8,8,3.0,9,43250000.0
Bangalore - Koramangala,Apartment,3,3,1800,16,29,9,2,Unfurnished,0,9,7,1.7,9,46620000.0
Mumbai - Bandra West,Apartment,3,3,1606,8,17,0,1,Furnished,3,6,6,0.8,6,63520000.0
Hyderabad - Gachibowli,Independent House,3,2,2000,0,1,4,2,Semi-Furnished,2,5,6,6.1,5,26700000.0
Pune - Koregaon Park,Apartment,4,4,1838,17,23,3,1,Unfurnished,2,5,3,0.7,4,25850000.0
Delhi NCR - Gurgaon Golf Course Rd,Apartment,3,3,1479,6,9,2,0,Furnished,2,7,6,5.8,5,51110000.0
Bangalore - Indiranagar,Apartment,2,2,925,8,11,2,1,Unfurnished,3,4,7,1.0,4,15450000.0
Hyderabad - HITEC City,Apartment,1,1,633,2,14,14,1,Unfurnished,1,6,7,4.0,6,6480000.0
Mumbai - Andheri East,Apartment,1,1,878,12,15,5,2,Semi-Furnished,1,6,8,0.9,9,24950000.0
Delhi NCR - Noida Sector 62,Apartment,1,1,617,12,16,29,1,Furnished,1,6,8,0.9,7,4820000.0
Mumbai - Thane West,Penthouse,5,6,4784,17,17,5,2,Semi-Furnished,4,7,8,1.1,6,120000000.0
Mumbai - Bandra West,Apartment,3,2,1607,19,24,0,2,Semi-Furnished,2,8,7,0.8,7,81150000.0
Hyderabad - Madhapur,Apartment,1,1,998,11,16,4,1,Semi-Furnished,0,6,5,1.0,6,11660000.0
Pune - Hinjewadi IT Park,Apartment,2,2,1166,3,14,0,1,Furnished,1,6,8,0.3,4,10690000.0
Delhi NCR - Gurgaon Cyber City,Apartment,2,1,967,6,18,4,1,Unfurnished,2,7,10,1.7,5,20610000.0
Mumbai - Andheri East,Penthouse,5,6,4073,32,32,22,3,Furnished,3,8,7,5.6,5,148270000.0
Bangalore - Electronic City,Apartment,2,2,938,20,28,15,1,Semi-Furnished,3,8,8,1.2,6,7850000.0
Hyderabad - Gachibowli,Studio,1,1,559,8,10,1,0,Furnished,1,5,5,2.6,6,5100000.0
Mumbai - Andheri East,Apartment,1,1,450,5,12,7,1,Semi-Furnished,2,5,6,2.9,9,9850000.0
Chennai - OMR IT Corridor,Villa,4,4,2792,0,1,1,1,Unfurnished,3,6,7,5.4,7,32260000.0
Bangalore - Electronic City,Apartment,1,1,635,16,18,2,2,Furnished,1,7,7,8.6,6,5780000.0
Mumbai - Bandra West,Penthouse,4,5,3598,36,36,4,3,Furnished,4,4,7,0.3,8,248610000.0
Delhi NCR - South Extension,Apartment,2,2,1198,21,26,18,1,Semi-Furnished,2,7,8,14.6,5,26970000.0
Mumbai - Worli Sea Face,Apartment,2,2,1294,3,14,14,0,Semi-Furnished,1,6,4,1.6,7,52810000.0
Hyderabad - HITEC City,Apartment,2,2,968,14,27,5,1,Semi-Furnished,2,7,4,7.5,4,12110000.0
Hyderabad - Madhapur,Apartment,2,1,1244,17,17,0,2,Semi-Furnished,1,6,7,3.9,8,18830000.0
Chennai - Adyar,Penthouse,3,3,2962,17,17,0,3,Furnished,3,7,7,0.7,4,116320000.0
Mumbai - Thane West,Apartment,4,4,1591,20,20,0,1,Unfurnished,1,6,7,3.0,4,21890000.0
Pune - Hinjewadi IT Park,Apartment,3,3,1320,4,5,2,2,Unfurnished,2,8,8,0.3,5,11990000.0
Hyderabad - Madhapur,Villa,3,2,2619,0,3,3,3,Semi-Furnished,3,5,6,1.8,5,43280000.0
Bangalore - Indiranagar,Apartment,3,3,1676,5,9,0,1,Unfurnished,2,8,7,1.3,9,36280000.0
Mumbai - Worli Sea Face,Studio,1,1,365,10,14,0,0,Semi-Furnished,1,6,5,1.7,7,14380000.0
Hyderabad - Jubilee Hills,Independent House,3,3,1596,0,2,5,2,Semi-Furnished,2,8,7,3.1,6,57430000.0
Delhi NCR - South Extension,Independent House,3,3,2236,0,1,3,2,Furnished,3,5,8,0.7,5,78840000.0
Delhi NCR - Noida Expressway,Penthouse,5,6,4428,26,26,0,4,Semi-Furnished,3,7,7,3.4,8,81950000.0
Hyderabad - Jubilee Hills,Apartment,3,3,1310,6,7,11,1,Semi-Furnished,1,9,8,1.2,5,37830000.0
Mumbai - Navi Mumbai Vashi,Apartment,3,2,1550,11,13,9,1,Furnished,0,7,5,2.1,5,23110000.0
Hyderabad - HITEC City,Apartment,2,2,1099,7,15,5,2,Semi-Furnished,3,7,5,0.7,6,16110000.0
Bangalore - HSR Layout,Apartment,2,1,1059,2,6,2,0,Unfurnished,0,7,6,0.6,2,15550000.0
Delhi NCR - Gurgaon Golf Course Rd,Villa,4,3,2632,0,2,0,2,Semi-Furnished,1,9,8,2.0,6,157880000.0
Delhi NCR - Noida Expressway,Penthouse,3,4,2318,17,17,4,4,Semi-Furnished,3,6,7,15.0,5,33480000.0
Pune - Kalyani Nagar,Apartment,2,1,1245,10,16,8,1,Unfurnished,1,8,7,1.0,5,17950000.0
Bangalore - HSR Layout,Apartment,2,1,1023,3,22,22,2,Furnished,2,6,7,1.7,7,12400000.0
Bangalore - Indiranagar,Studio,1,1,475,8,12,7,0,Semi-Furnished,1,7,5,5.7,5,7080000.0
Pune - Hinjewadi IT Park,Apartment,2,2,1327,16,28,4,1,Unfurnished,1,9,8,0.7,5,12050000.0
Delhi NCR - Gurgaon Cyber City,Apartment,4,4,1677,11,11,4,1,Semi-Furnished,1,8,5,3.0,5,36050000.0
Mumbai - Worli Sea Face,Apartment,3,3,1952,11,27,5,1,Semi-Furnished,2,6,7,0.6,5,97540000.0
Chennai - Anna Nagar,Penthouse,5,5,4118,17,18,0,2,Furnished,2,9,8,7.9,6,147210000.0
Bangalore - HSR Layout,Apartment,1,1,639,2,5,1,1,Unfurnished,2,7,6,8.7,5,9840000.0
Delhi NCR - Noida Sector 62,Villa,3,2,2348,0,2,3,1,Semi-Furnished,2,7,7,1.6,7,33200000.0
Bangalore - Indiranagar,Villa,3,3,1986,0,2,11,3,Unfurnished,1,7,7,2.6,5,54570000.0
Mumbai - Worli Sea Face,Apartment,3,3,1616,14,29,11,1,Semi-Furnished,3,8,4,3.7,4,70760000.0
Pune - Koregaon Park,Apartment,3,3,1418,1,28,5,1,Semi-Furnished,2,4,4,6.2,3,16550000.0
Bangalore - Koramangala,Villa,4,4,2026,0,2,1,1,Unfurnished,3,5,6,0.5,7,50680000.0
Hyderabad - HITEC City,Apartment,2,1,966,6,6,2,0,Semi-Furnished,0,6,7,1.2,6,13060000.0
Delhi NCR - Noida Sector 62,Villa,4,3,2940,0,2,2,3,Semi-Furnished,1,8,6,0.6,5,42410000.0
Bangalore - Electronic City,Studio,1,1,530,4,18,3,0,Semi-Furnished,1,6,7,1.1,7,3390000.0
Delhi NCR - Noida Expressway,Independent House,5,5,3565,0,2,8,1,Unfurnished,3,7,7,6.8,7,39780000.0
Hyderabad - Gachibowli,Villa,4,4,2612,0,2,2,2,Semi-Furnished,1,8,9,8.5,8,52250000.0
Mumbai - Worli Sea Face,Villa,3,3,2236,0,2,1,2,Semi-Furnished,3,7,8,0.3,4,174370000.0
Mumbai - Andheri East,Villa,4,3,2969,0,3,2,2,Furnished,2,10,7,2.1,5,139340000.0
Mumbai - Andheri East,Apartment,3,3,1586,10,10,4,1,Unfurnished,2,9,7,2.4,4,39440000.0
Mumbai - Worli Sea Face,Apartment,2,2,1072,22,25,0,0,Furnished,1,6,7,1.6,9,64540000.0
Pune - Hinjewadi IT Park,Apartment,2,2,1153,1,6,22,1,Semi-Furnished,2,8,5,2.4,6,7720000.0
Delhi NCR - Noida Sector 62,Independent House,4,3,2929,0,2,2,1,Semi-Furnished,3,8,6,2.0,9,36530000.0
Hyderabad - HITEC City,Apartment,4,3,1858,8,23,5,1,Semi-Furnished,3,7,9,1.0,9,29240000.0
Pune - Hinjewadi IT Park,Villa,5,4,3489,0,2,8,1,Semi-Furnished,3,8,7,0.4,9,50130000.0
Bangalore - HSR Layout,Apartment,3,2,1575,20,29,0,1,Furnished,3,7,6,2.5,6,32340000.0
Chennai - OMR IT Corridor,Independent House,4,4,3241,0,2,0,3,Semi-Furnished,3,6,6,2.5,6,31470000.0
Mumbai - Andheri East,Apartment,1,1,562,10,13,3,1,Semi-Furnished,3,7,5,4.9,7,12750000.0
Chennai - OMR IT Corridor,Villa,4,3,2919,0,2,1,2,Unfurnished,3,7,5,2.1,5,29860000.0
Hyderabad - Jubilee Hills,Apartment,2,2,1265,10,11,4,0,Furnished,1,7,5,1.9,4,31420000.0
Mumbai - Bandra West,Apartment,3,3,1624,8,29,3,0,Unfurnished,2,5,7,8.0,8,59310000.0
Mumbai - Thane West,Apartment,3,3,2006,5,5,11,1,Semi-Furnished,2,7,7,4.0,10,27410000.0
Delhi NCR - Noida Sector 62,Villa,4,4,2949,0,2,19,3,Unfurnished,4,8,5,2.0,3,30100000.0
Mumbai - Bandra West,Apartment,3,3,1457,3,14,5,0,Semi-Furnished,3,5,7,3.9,5,51020000.0
Delhi NCR - Noida Sector 62,Apartment,3,2,1371,1,9,1,0,Semi-Furnished,1,5,7,4.1,4,10230000.0
Pune - Koregaon Park,Studio,1,1,434,4,7,3,1,Unfurnished,1,7,8,1.6,6,7420000.0
Hyderabad - Jubilee Hills,Independent House,3,2,2289,0,1,5,1,Unfurnished,2,4,6,7.0,4,51440000.0
Delhi NCR - Noida Sector 62,Studio,1,1,503,14,24,8,0,Semi-Furnished,0,9,7,3.0,8,5050000.0
Hyderabad - HITEC City,Apartment,2,2,1022,4,14,1,1,Furnished,2,8,7,0.7,6,16560000.0
Mumbai - Worli Sea Face,Apartment,3,3,1530,9,11,14,1,Semi-Furnished,0,5,6,1.7,5,51240000.0
Mumbai - Worli Sea Face,Penthouse,5,6,4884,19,20,7,3,Semi-Furnished,3,5,8,1.7,5,384720000.0
Bangalore - Electronic City,Apartment,2,1,1082,5,14,0,1,Furnished,1,5,6,0.8,3,7370000.0
Bangalore - Indiranagar,Independent House,4,4,2597,0,2,7,2,Furnished,4,3,9,3.5,7,54790000.0
Chennai - OMR IT Corridor,Apartment,1,1,717,1,13,4,0,Unfurnished,1,7,6,1.7,6,5810000.0
Delhi NCR - Gurgaon Cyber City,Apartment,2,2,1675,2,15,10,1,Furnished,1,8,8,1.8,7,36190000.0
Hyderabad - Gachibowli,Apartment,4,3,2009,7,16,6,2,Semi-Furnished,0,6,6,3.9,8,24480000.0
Mumbai - Andheri East,Apartment,2,2,1182,1,5,15,1,Furnished,2,5,6,4.6,2,21870000.0
Bangalore - Whitefield,Apartment,4,3,1973,5,5,25,1,Semi-Furnished,3,8,6,3.7,10,17400000.0
Hyderabad - Gachibowli,Apartment,2,1,868,4,8,11,1,Furnished,2,8,6,5.6,9,10590000.0
Mumbai - Andheri East,Studio,1,1,528,3,14,2,1,Furnished,0,5,6,0.5,10,12000000.0
Mumbai - Thane West,Apartment,3,3,1297,9,18,0,1,Semi-Furnished,2,7,5,3.2,4,16960000.0
Chennai - OMR IT Corridor,Independent House,3,3,2121,0,1,6,1,Unfurnished,3,8,6,0.3,5,19700000.0
Delhi NCR - Noida Expressway,Villa,4,4,2320,0,2,1,1,Furnished,3,6,6,2.8,7,36700000.0
Mumbai - Thane West,Apartment,2,1,833,3,21,0,1,Semi-Furnished,1,4,5,2.3,4,9340000.0
Delhi NCR - Gurgaon Cyber City,Apartment,2,1,1372,9,10,7,1,Semi-Furnished,2,7,6,4.1,4,24500000.0
Delhi NCR - Gurgaon Golf Course Rd,Independent House,3,3,2153,0,3,1,2,Unfurnished,3,6,7,2.6,7,79560000.0
Delhi NCR - Gurgaon Cyber City,Independent House,5,5,3899,0,1,1,1,Semi-Furnished,1,6,6,5.4,8,87420000.0
Delhi NCR - Noida Sector 62,Independent House,3,3,2223,0,1,3,3,Semi-Furnished,3,8,4,1.7,8,26350000.0
Hyderabad - HITEC City,Villa,4,4,3175,0,3,18,2,Semi-Furnished,2,7,8,0.7,5,50470000.0
Pune - Hinjewadi IT Park,Studio,1,1,474,5,9,6,0,Unfurnished,0,7,6,6.4,6,2810000.0
Bangalore - Indiranagar,Apartment,4,4,2169,8,12,1,2,Furnished,2,8,7,0.8,6,54100000.0
Delhi NCR - South Extension,Apartment,2,2,1056,9,13,0,1,Semi-Furnished,2,7,6,3.8,5,31100000.0
Mumbai - Andheri East,Independent House,3,3,1993,0,3,2,2,Unfurnished,4,6,6,6.1,4,48720000.0
Hyderabad - Madhapur,Apartment,3,2,1885,9,11,6,1,Semi-Furnished,1,7,6,0.9,9,22780000.0
Pune - Wakad,Penthouse,4,5,3915,22,22,0,2,Semi-Furnished,3,9,5,1.9,8,74880000.0
Pune - Wakad,Apartment,3,2,1622,6,25,5,1,Semi-Furnished,1,9,6,2.8,6,16130000.0
Mumbai - Navi Mumbai Vashi,Apartment,3,3,1200,14,24,6,1,Semi-Furnished,2,8,8,4.3,6,21280000.0
Pune - Wakad,Villa,3,2,2244,0,2,6,2,Semi-Furnished,2,5,7,0.3,4,27230000.0
Mumbai - Andheri East,Independent House,5,5,2923,0,2,26,2,Semi-Furnished,3,6,5,9.5,3,48530000.0
Bangalore - HSR Layout,Apartment,3,3,1747,3,7,2,0,Semi-Furnished,2,8,8,3.4,5,31820000.0
Chennai - OMR IT Corridor,Apartment,1,1,726,9,23,3,0,Semi-Furnished,2,4,4,0.5,8,4310000.0
Mumbai - Andheri East,Villa,5,5,3945,0,2,16,1,Unfurnished,2,6,6,14.2,5,93060000.0
Delhi NCR - South Extension,Apartment,3,3,1752,12,15,6,1,Furnished,1,5,6,0.9,5,49560000.0
Pune - Hinjewadi IT Park,Penthouse,4,4,3504,33,33,8,2,Semi-Furnished,3,5,7,3.0,6,40040000.0
Chennai - Anna Nagar,Apartment,2,1,887,7,24,3,1,Semi-Furnished,2,7,5,3.2,5,14520000.0
Delhi NCR - Noida Expressway,Villa,3,2,2142,0,1,5,2,Semi-Furnished,3,5,4,4.8,6,24310000.0
Bangalore - Electronic City,Villa,5,5,2944,0,2,3,2,Furnished,1,7,9,0.4,6,37460000.0
Hyderabad - Madhapur,Apartment,2,2,1514,10,18,2,2,Semi-Furnished,1,6,7,2.6,5,18250000.0
Pune - Wakad,Apartment,2,2,996,4,6,2,0,Unfurnished,2,7,7,7.9,6,7730000.0
Bangalore - Electronic City,Apartment,3,3,1702,6,7,7,2,Semi-Furnished,3,8,6,10.9,8,12100000.0
Mumbai - Worli Sea Face,Independent House,3,2,1700,0,2,5,2,Unfurnished,2,8,6,5.5,7,103220000.0
Hyderabad - Gachibowli,Apartment,3,2,1421,3,16,0,1,Unfurnished,3,8,9,3.5,7,19800000.0
Bangalore - Electronic City,Independent House,3,3,2174,0,1,10,1,Furnished,3,6,7,0.7,3,18530000.0
Delhi NCR - Noida Sector 62,Apartment,4,4,2205,2,25,0,1,Furnished,2,6,7,0.7,10,24840000.0
Pune - Wakad,Apartment,2,2,1137,1,5,3,1,Unfurnished,3,6,7,5.2,8,8970000.0
Bangalore - Koramangala,Apartment,3,3,1817,9,21,10,1,Unfurnished,1,7,8,0.3,4,34480000.0
Pune - Koregaon Park,Apartment,2,1,975,2,12,9,1,Furnished,1,5,8,0.5,10,17360000.0
Pune - Koregaon Park,Apartment,2,2,1056,6,12,0,1,Furnished,0,8,6,6.4,6,20260000.0
Mumbai - Bandra West,Villa,4,4,3152,0,1,0,3,Furnished,4,7,10,0.9,8,276790000.0
Mumbai - Thane West,Independent House,3,3,2636,0,2,0,2,Unfurnished,3,7,8,3.1,7,47630000.0
Mumbai - Thane West,Apartment,3,2,1891,1,11,28,2,Furnished,1,6,6,1.1,4,19600000.0
Bangalore - Koramangala,Studio,1,1,595,1,4,4,1,Semi-Furnished,0,7,4,0.9,6,10300000.0
Bangalore - Whitefield,Independent House,4,3,2974,0,3,4,3,Unfurnished,4,4,7,1.1,7,31220000.0
Pune - Kalyani Nagar,Penthouse,4,4,3121,23,23,5,4,Furnished,3,9,7,0.6,5,102650000.0
Mumbai - Navi Mumbai Vashi,Apartment,2,2,1324,10,19,1,1,Semi-Furnished,2,6,6,0.3,5,20190000.0
Bangalore - Koramangala,Apartment,2,2,1373,18,26,3,0,Furnished,2,6,7,2.4,4,29850000.0
Hyderabad - HITEC City,Apartment,2,1,1377,6,25,2,1,Unfurnished,1,7,6,2.5,5,17520000.0
Hyderabad - HITEC City,Independent House,5,5,3188,0,2,2,3,Furnished,1,5,8,2.2,5,52880000.0
Mumbai - Thane West,Apartment,2,2,1333,21,27,2,2,Semi-Furnished,2,7,4,0.9,6,19750000.0
Bangalore - Indiranagar,Apartment,2,2,1032,7,10,4,1,Semi-Furnished,2,6,8,0.4,6,20230000.0
Bangalore - Koramangala,Apartment,2,1,1133,6,7,0,1,Furnished,1,5,7,0.9,7,23990000.0
Pune - Hinjewadi IT Park,Apartment,3,2,1662,11,12,0,1,Furnished,2,7,8,8.4,6,17690000.0
Mumbai - Navi Mumbai Vashi,Independent House,4,3,2669,0,2,0,3,Semi-Furnished,3,7,8,1.3,7,55570000.0
Hyderabad - HITEC City,Apartment,1,1,590,27,29,16,0,Furnished,1,6,8,2.1,8,8500000.0
Mumbai - Worli Sea Face,Apartment,3,2,1669,9,10,1,2,Unfurnished,1,4,6,3.2,4,65370000.0
Bangalore - Koramangala,Independent House,3,2,2474,0,1,9,3,Unfurnished,2,8,9,3.2,7,61570000.0
Hyderabad - Jubilee Hills,Studio,1,1,426,6,16,14,1,Semi-Furnished,1,6,7,0.3,6,7860000.0
Delhi NCR - Noida Sector 62,Independent House,4,4,3288,0,2,5,3,Semi-Furnished,2,8,7,2.6,6,37190000.0
Bangalore - Koramangala,Penthouse,5,5,4793,24,24,2,2,Semi-Furnished,4,7,7,4.2,7,181890000.0
Mumbai - Navi Mumbai Vashi,Villa,3,3,2103,0,2,11,3,Unfurnished,3,7,6,0.5,7,43650000.0
Hyderabad - Jubilee Hills,Independent House,4,4,3042,0,1,1,2,Semi-Furnished,2,5,6,0.5,8,92040000.0
Mumbai - Navi Mumbai Vashi,Apartment,1,1,625,3,28,0,2,Furnished,1,8,7,1.1,6,11150000.0
Hyderabad - Madhapur,Independent House,3,3,2329,0,1,19,2,Furnished,2,7,5,0.6,7,30000000.0
Mumbai - Andheri East,Independent House,3,3,1850,0,2,0,1,Semi-Furnished,1,8,6,0.4,6,58920000.0
Hyderabad - Gachibowli,Independent House,3,3,2097,0,3,0,3,Semi-Furnished,1,9,8,0.8,8,45390000.0
Hyderabad - Jubilee Hills,Apartment,3,3,1320,2,9,0,1,Semi-Furnished,2,6,5,3.8,7,37140000.0
Bangalore - Indiranagar,Apartment,3,3,1457,1,16,5,1,Furnished,2,6,7,0.6,6,29770000.0
Delhi NCR - Noida Expressway,Apartment,2,1,918,13,17,3,1,Semi-Furnished,2,7,5,1.0,7,9640000.0
Hyderabad - Gachibowli,Apartment,4,3,2160,6,12,5,1,Furnished,1,6,6,2.6,5,26250000.0
Bangalore - HSR Layout,Apartment,2,2,1138,6,8,2,1,Furnished,1,7,6,2.1,4,20310000.0
Hyderabad - Madhapur,Villa,3,3,2319,0,2,0,3,Semi-Furnished,1,6,5,1.1,7,45190000.0
Chennai - Adyar,Apartment,2,2,1265,4,4,4,1,Furnished,0,7,5,0.7,8,25750000.0
Chennai - Anna Nagar,Apartment,1,1,772,2,5,1,0,Semi-Furnished,2,8,8,3.2,6,14780000.0
Bangalore - Koramangala,Apartment,3,3,1951,14,16,6,1,Semi-Furnished,0,9,10,3.4,5,47910000.0
Mumbai - Navi Mumbai Vashi,Independent House,3,3,2142,0,2,9,2,Semi-Furnished,2,7,6,1.6,5,35700000.0
Mumbai - Bandra West,Apartment,3,3,1500,18,28,2,1,Semi-Furnished,2,8,6,2.0,7,75900000.0
Delhi NCR - Gurgaon Cyber City,Apartment,2,1,1114,4,18,20,1,Furnished,2,8,7,1.2,6,20050000.0
Hyderabad - Gachibowli,Apartment,2,2,960,6,6,0,1,Furnished,2,7,8,1.4,8,15300000.0
Chennai - Adyar,Apartment,4,4,1775,9,19,1,1,Unfurnished,1,7,7,2.0,7,33670000.0
Pune - Hinjewadi IT Park,Penthouse,5,6,4694,30,30,6,2,Semi-Furnished,3,6,7,2.1,6,66330000.0
Delhi NCR - Gurgaon Cyber City,Penthouse,3,4,3230,19,20,6,3,Semi-Furnished,2,7,6,7.6,7,106950000.0
Hyderabad - Gachibowli,Apartment,3,3,1792,13,14,1,1,Furnished,1,5,9,5.2,9,23140000.0
Hyderabad - Gachibowli,Apartment,1,1,686,17,19,1,1,Semi-Furnished,2,6,6,0.9,4,8350000.0
Pune - Hinjewadi IT Park,Independent House,3,3,2731,0,2,2,2,Semi-Furnished,3,7,7,0.8,7,29290000.0
Mumbai - Navi Mumbai Vashi,Apartment,3,3,1765,1,13,1,1,Semi-Furnished,1,10,8,11.0,7,36000000.0
Delhi NCR - Gurgaon Cyber City,Apartment,3,3,1649,16,27,1,0,Semi-Furnished,1,6,6,3.3,7,31140000.0
Mumbai - Thane West,Apartment,2,2,882,8,29,5,1,Furnished,2,6,8,0.5,6,12800000.0
Pune - Kalyani Nagar,Penthouse,4,5,3804,15,15,2,4,Furnished,4,6,7,3.9,6,111880000.0
Mumbai - Worli Sea Face,Apartment,3,3,1768,26,28,22,1,Unfurnished,1,6,7,9.5,7,63860000.0
Pune - Kalyani Nagar,Apartment,3,3,1758,7,17,3,2,Unfurnished,0,7,7,2.2,6,26630000.0
Delhi NCR - South Extension,Villa,4,4,2256,0,1,2,2,Furnished,1,6,5,4.8,9,104850000.0
Hyderabad - Gachibowli,Apartment,3,2,1274,9,17,8,0,Semi-Furnished,0,8,5,4.0,2,11800000.0
Hyderabad - HITEC City,Apartment,2,1,1161,7,21,4,1,Furnished,2,6,8,0.6,8,17730000.0
Hyderabad - Madhapur,Studio,1,1,508,1,9,12,0,Furnished,1,6,5,0.5,9,5030000.0
Hyderabad - Gachibowli,Apartment,1,1,898,3,27,6,1,Semi-Furnished,1,6,6,3.6,5,9510000.0
Chennai - Adyar,Independent House,5,4,3171,0,2,0,1,Furnished,2,8,6,4.9,7,83040000.0
Mumbai - Thane West,Apartment,2,1,788,8,9,11,2,Semi-Furnished,1,5,6,2.9,9,9270000.0
Mumbai - Andheri East,Apartment,2,2,1216,2,4,0,1,Semi-Furnished,1,7,6,15.0,6,27440000.0
Hyderabad - HITEC City,Apartment,2,2,1604,13,26,5,1,Furnished,1,7,7,0.5,6,24640000.0
Pune - Koregaon Park,Apartment,3,3,1788,7,9,0,2,Furnished,2,7,8,1.2,6,38830000.0
Pune - Hinjewadi IT Park,Apartment,2,1,1128,1,16,2,0,Unfurnished,2,6,7,0.8,6,8050000.0
Bangalore - Whitefield,Villa,4,4,3000,0,2,8,2,Furnished,2,6,7,3.0,5,42520000.0
Mumbai - Worli Sea Face,Apartment,3,3,1445,5,11,7,1,Semi-Furnished,2,9,7,10.3,4,68140000.0
Bangalore - Electronic City,Apartment,4,4,1991,13,26,1,1,Semi-Furnished,2,7,6,2.4,7,17080000.0
Hyderabad - HITEC City,Apartment,2,2,1162,8,14,5,1,Semi-Furnished,1,8,5,0.6,5,16990000.0
Bangalore - Indiranagar,Villa,4,3,2834,0,3,7,1,Semi-Furnished,1,7,6,2.0,5,77660000.0
Bangalore - HSR Layout,Apartment,1,1,550,3,17,14,0,Furnished,0,8,5,0.8,7,8730000.0
Hyderabad - Gachibowli,Apartment,2,2,898,7,24,1,0,Furnished,1,7,6,2.7,7,11930000.0
Bangalore - HSR Layout,Apartment,2,1,1220,25,27,2,2,Furnished,3,7,8,4.3,10,27540000.0
Delhi NCR - Gurgaon Cyber City,Apartment,4,4,1991,2,8,0,0,Semi-Furnished,1,8,6,4.7,7,43360000.0
Pune - Kalyani Nagar,Apartment,2,1,993,1,29,1,2,Semi-Furnished,2,8,7,1.9,6,17240000.0
Bangalore - Electronic City,Villa,4,3,2865,0,1,9,2,Furnished,2,5,7,2.1,5,30520000.0
Pune - Kalyani Nagar,Apartment,1,1,604,9,18,0,1,Furnished,1,7,6,2.3,6,9670000.0
Chennai - Anna Nagar,Apartment,1,1,711,13,17,11,0,Semi-Furnished,2,6,7,7.0,5,10210000.0
Bangalore - Electronic City,Apartment,2,2,961,7,16,4,1,Semi-Furnished,1,9,7,2.8,6,8490000.0
Bangalore - Electronic City,Villa,4,3,2898,0,3,2,1,Unfurnished,2,4,7,5.0,4,24870000.0
Mumbai - Bandra West,Apartment,2,2,1045,10,14,2,0,Semi-Furnished,1,9,4,3.7,8,45110000.0
Mumbai - Andheri East,Apartment,3,2,1863,6,6,1,0,Semi-Furnished,2,9,6,3.3,5,52260000.0
Pune - Koregaon Park,Apartment,2,1,1118,3,8,17,1,Semi-Furnished,2,10,6,4.7,6,19810000.0
Mumbai - Bandra West,Apartment,3,3,1498,8,23,14,1,Unfurnished,1,7,9,5.6,5,52030000.0
Bangalore - HSR Layout,Apartment,2,1,848,5,18,6,1,Unfurnished,2,8,6,5.7,7,13630000.0
Pune - Hinjewadi IT Park,Apartment,4,4,2115,6,15,6,1,Semi-Furnished,1,7,7,3.2,7,16810000.0
Chennai - Adyar,Apartment,1,1,631,5,26,9,1,Furnished,2,6,6,0.9,4,10810000.0
Bangalore - Whitefield,Apartment,2,2,1129,2,12,5,0,Furnished,1,6,6,4.9,3,10240000.0
Hyderabad - Gachibowli,Apartment,2,2,1062,27,29,0,0,Semi-Furnished,2,6,6,1.4,7,13570000.0
Delhi NCR - South Extension,Apartment,3,3,1441,11,28,2,2,Semi-Furnished,2,8,7,1.0,10,53260000.0
Hyderabad - Madhapur,Apartment,2,2,1106,28,28,6,1,Semi-Furnished,3,7,7,3.1,3,14380000.0
Mumbai - Andheri East,Villa,4,4,2885,0,2,5,2,Furnished,1,5,6,4.0,3,89190000.0
Bangalore - Whitefield,Studio,1,1,470,9,11,1,0,Semi-Furnished,0,7,7,4.0,4,4340000.0
Hyderabad - Jubilee Hills,Studio,1,1,501,1,4,14,1,Unfurnished,1,6,7,4.1,8,9980000.0
Bangalore - Whitefield,Penthouse,5,5,4924,32,32,3,3,Furnished,4,7,7,2.5,6,102410000.0
Pune - Kalyani Nagar,Independent House,3,3,1901,0,2,14,2,Semi-Furnished,2,6,8,3.1,6,29040000.0
Delhi NCR - Noida Expressway,Independent House,4,3,3171,0,2,2,2,Semi-Furnished,1,5,6,0.5,6,33400000.0
Pune - Kalyani Nagar,Apartment,2,2,1034,5,8,0,1,Unfurnished,2,6,7,0.4,9,16700000.0
Hyderabad - Madhapur,Independent House,3,3,2227,0,1,9,1,Unfurnished,2,8,8,6.0,7,32090000.0
Chennai - Anna Nagar,Apartment,3,3,1597,14,15,6,1,Semi-Furnished,2,6,6,1.9,5,23500000.0
Delhi NCR - Gurgaon Cyber City,Apartment,3,2,1627,2,12,0,2,Semi-Furnished,2,6,6,1.1,8,34990000.0
Pune - Wakad,Villa,5,5,3424,0,1,3,2,Unfurnished,3,6,6,0.4,6,42470000.0
Mumbai - Navi Mumbai Vashi,Apartment,2,1,961,4,4,0,1,Semi-Furnished,1,6,9,3.8,6,15630000.0
Delhi NCR - Gurgaon Golf Course Rd,Apartment,2,2,1419,20,21,4,1,Semi-Furnished,3,7,6,1.3,6,44790000.0
Mumbai - Bandra West,Penthouse,3,4,2695,35,36,0,2,Semi-Furnished,4,4,5,7.3,7,147550000.0
Hyderabad - Madhapur,Apartment,2,1,1036,3,15,2,2,Furnished,1,8,8,7.7,6,14660000.0
Mumbai - Navi Mumbai Vashi,Apartment,1,1,961,4,6,4,1,Semi-Furnished,1,6,7,0.7,5,13340000.0
Bangalore - Whitefield,Penthouse,3,4,2618,28,28,2,3,Unfurnished,3,5,6,7.9,5,36430000.0
Delhi NCR - Gurgaon Cyber City,Independent House,3,2,2162,0,2,10,2,Semi-Furnished,1,7,8,3.2,6,52200000.0
Bangalore - Whitefield,Apartment,2,1,1271,2,5,3,2,Semi-Furnished,1,6,7,3.4,5,13220000.0
Chennai - OMR IT Corridor,Apartment,1,1,625,10,22,8,1,Furnished,2,7,6,3.2,8,5190000.0
Hyderabad - Madhapur,Apartment,2,2,1066,1,19,7,1,Semi-Furnished,2,6,7,0.4,7,13670000.0
Delhi NCR - South Extension,Villa,3,3,2376,0,2,3,2,Furnished,4,8,9,1.8,6,133830000.0
Mumbai - Bandra West,Apartment,3,3,1797,4,25,4,1,Furnished,1,8,5,13.1,6,76120000.0
Delhi NCR - Gurgaon Cyber City,Apartment,3,2,1085,4,9,1,0,Semi-Furnished,1,7,7,3.0,4,22010000.0
Pune - Wakad,Apartment,2,2,1180,4,9,6,1,Furnished,1,5,6,0.6,8,9580000.0
Chennai - Anna Nagar,Apartment,2,2,1276,2,9,2,1,Semi-Furnished,3,7,6,6.5,4,18740000.0
Mumbai - Worli Sea Face,Studio,1,1,449,16,20,9,1,Semi-Furnished,0,9,6,2.6,7,23960000.0
Chennai - Anna Nagar,Apartment,3,2,1241,2,9,6,2,Unfurnished,3,7,7,5.5,8,19250000.0
Pune - Kalyani Nagar,Independent House,5,5,3637,0,2,11,1,Semi-Furnished,1,8,6,4.6,9,68620000.0
Mumbai - Navi Mumbai Vashi,Apartment,2,2,1384,1,9,8,0,Furnished,1,7,6,2.5,5,20480000.0
Hyderabad - HITEC City,Independent House,4,4,2583,0,3,1,3,Furnished,2,7,5,3.5,6,45120000.0
Hyderabad - Gachibowli,Penthouse,4,4,3934,26,26,2,3,Semi-Furnished,2,8,7,0.7,6,95160000.0
Bangalore - Whitefield,Apartment,2,1,1129,2,6,0,1,Semi-Furnished,0,6,9,10.1,8,12530000.0
Chennai - Adyar,Apartment,3,3,1742,13,20,7,1,Semi-Furnished,2,5,5,0.8,8,29970000.0
Delhi NCR - Noida Sector 62,Independent House,3,3,2793,0,3,0,1,Semi-Furnished,2,5,7,1.1,6,27850000.0
Mumbai - Thane West,Villa,4,3,3387,0,2,2,2,Furnished,2,7,6,2.3,2,73810000.0
Delhi NCR - South Extension,Apartment,4,4,2275,11,12,2,0,Semi-Furnished,1,8,5,1.7,8,71660000.0
Hyderabad - HITEC City,Penthouse,3,3,2761,16,16,5,3,Semi-Furnished,3,6,7,1.7,1,52580000.0
Delhi NCR - Noida Expressway,Independent House,4,4,2899,0,2,14,1,Furnished,1,4,8,4.2,5,25100000.0
Pune - Wakad,Penthouse,4,5,3268,24,24,1,4,Furnished,3,8,6,1.4,6,58970000.0
Bangalore - Koramangala,Independent House,3,2,2079,0,2,0,2,Furnished,4,6,7,3.9,6,51710000.0
Pune - Wakad,Apartment,2,1,852,7,8,6,1,Furnished,2,4,9,3.0,7,6840000.0
Pune - Wakad,Apartment,3,3,1473,12,24,2,0,Semi-Furnished,2,8,5,5.3,7,13710000.0
Delhi NCR - South Extension,Apartment,3,2,1152,15,29,2,0,Furnished,1,9,7,0.7,6,46040000.0
Chennai - Adyar,Penthouse,4,4,3643,18,18,0,3,Furnished,3,9,6,2.7,6,158360000.0
Mumbai - Navi Mumbai Vashi,Villa,3,3,2102,0,2,3,3,Furnished,2,5,7,2.2,4,46970000.0
Mumbai - Navi Mumbai Vashi,Independent House,3,3,2418,0,2,9,2,Unfurnished,4,8,8,2.3,6,41600000.0
Hyderabad - Jubilee Hills,Apartment,1,1,558,14,17,9,1,Unfurnished,1,7,7,6.9,9,16250000.0
Bangalore - Whitefield,Apartment,2,2,1066,7,12,2,1,Furnished,2,8,8,0.9,8,15260000.0
Bangalore - HSR Layout,Villa,3,3,2445,0,2,3,3,Semi-Furnished,1,5,8,0.6,6,60390000.0
Bangalore - Indiranagar,Apartment,3,3,1535,24,24,0,0,Furnished,0,8,6,4.0,7,38340000.0
Delhi NCR - Noida Expressway,Apartment,3,3,1975,14,15,0,1,Semi-Furnished,1,7,5,1.8,5,20990000.0
Pune - Koregaon Park,Independent House,4,4,3414,0,2,4,2,Furnished,2,6,6,2.7,8,80890000.0
Pune - Kalyani Nagar,Apartment,2,1,1014,9,25,2,0,Semi-Furnished,1,6,6,1.2,8,16080000.0
Bangalore - Whitefield,Apartment,2,1,735,1,28,2,2,Semi-Furnished,1,6,6,0.5,10,8150000.0
Bangalore - Whitefield,Apartment,3,3,1687,22,23,0,1,Unfurnished,2,8,7,2.4,3,17350000.0
Chennai - OMR IT Corridor,Apartment,2,2,1255,2,9,7,1,Furnished,2,7,7,6.3,8,10770000.0
Bangalore - Electronic City,Studio,1,1,431,4,8,0,1,Unfurnished,0,5,7,0.4,10,2960000.0
Mumbai - Andheri East,Apartment,1,1,639,18,24,8,1,Unfurnished,1,8,6,5.6,4,13160000.0
Delhi NCR - Noida Expressway,Apartment,1,1,697,6,13,10,1,Furnished,1,9,6,1.7,5,7440000.0
Pune - Hinjewadi IT Park,Apartment,3,3,1844,4,6,3,1,Semi-Furnished,1,5,8,3.1,7,14070000.0
Mumbai - Worli Sea Face,Villa,3,3,2253,0,2,1,2,Furnished,2,6,6,8.6,4,165090000.0
Pune - Kalyani Nagar,Apartment,3,3,1478,5,8,3,2,Furnished,1,7,8,4.1,3,23700000.0
Mumbai - Thane West,Apartment,2,1,1190,8,8,0,1,Furnished,3,6,7,0.6,7,18280000.0
Mumbai - Thane West,Apartment,3,3,1485,2,24,10,0,Semi-Furnished,3,5,6,1.1,7,17910000.0
Delhi NCR - Noida Sector 62,Apartment,2,2,1073,2,4,5,0,Semi-Furnished,2,9,7,6.4,7,10310000.0
Bangalore - Electronic City,Apartment,2,1,1378,4,9,15,2,Unfurnished,1,7,5,2.9,9,8770000.0
Bangalore - Electronic City,Villa,3,2,2414,0,2,3,2,Furnished,2,8,8,1.3,4,31800000.0
Chennai - OMR IT Corridor,Penthouse,4,4,3803,39,39,16,3,Unfurnished,2,8,4,4.6,6,40040000.0
Chennai - Adyar,Apartment,2,2,976,2,13,6,1,Furnished,2,7,5,9.6,6,18370000.0
Hyderabad - Madhapur,Apartment,2,2,890,11,11,8,1,Semi-Furnished,1,6,4,7.1,7,9430000.0
Pune - Hinjewadi IT Park,Penthouse,3,3,2677,36,36,3,3,Semi-Furnished,2,7,7,7.1,8,40530000.0
Bangalore - HSR Layout,Apartment,1,1,765,5,11,1,0,Furnished,1,5,4,2.6,8,11320000.0
Hyderabad - Gachibowli,Villa,3,3,2478,0,2,7,2,Unfurnished,2,6,7,1.0,6,39660000.0
Mumbai - Thane West,Apartment,3,2,1690,2,8,0,1,Semi-Furnished,1,4,8,2.3,9,21460000.0
Delhi NCR - Gurgaon Golf Course Rd,Penthouse,4,4,3830,37,37,12,2,Semi-Furnished,3,6,9,3.7,7,184570000.0
Bangalore - Whitefield,Villa,3,2,2056,0,2,0,1,Semi-Furnished,1,6,4,9.3,4,24390000.0
Mumbai - Andheri East,Studio,1,1,469,3,5,15,1,Semi-Furnished,0,4,8,1.6,4,7250000.0
Hyderabad - Jubilee Hills,Independent House,3,3,2190,0,2,5,2,Semi-Furnished,4,8,8,1.9,3,73110000.0
Delhi NCR - Gurgaon Cyber City,Apartment,2,1,1027,1,9,12,2,Semi-Furnished,2,6,6,6.0,8,17480000.0
Hyderabad - Gachibowli,Penthouse,5,5,3965,24,25,9,4,Furnished,3,7,9,0.5,10,96410000.0
Pune - Koregaon Park,Apartment,3,3,1789,12,21,1,1,Semi-Furnished,0,8,9,1.9,6,40120000.0
Mumbai - Andheri East,Apartment,4,4,2240,8,28,27,2,Unfurnished,0,8,6,1.3,6,44060000.0
Delhi NCR - South Extension,Independent House,5,4,3568,0,2,2,2,Furnished,1,6,5,4.1,6,131520000.0
Bangalore - HSR Layout,Villa,3,2,2176,0,2,16,2,Furnished,2,7,5,3.9,8,48710000.0
Delhi NCR - Noida Expressway,Penthouse,6,7,5486,25,25,1,3,Semi-Furnished,3,5,7,1.4,4,87790000.0
Pune - Kalyani Nagar,Apartment,3,3,1891,18,26,3,0,Semi-Furnished,1,8,8,2.6,6,31200000.0
Bangalore - Whitefield,Villa,3,3,2546,0,2,1,3,Semi-Furnished,3,5,5,1.7,4,33920000.0
Pune - Hinjewadi IT Park,Independent House,3,2,2449,0,2,3,2,Furnished,1,7,8,8.1,6,26530000.0
Hyderabad - Madhapur,Apartment,1,1,1030,27,29,11,0,Semi-Furnished,1,7,7,5.8,6,13540000.0
Bangalore - Electronic City,Apartment,2,2,1133,6,11,0,1,Furnished,2,6,5,8.0,5,8010000.0
Chennai - OMR IT Corridor,Apartment,2,1,1180,16,26,3,1,Semi-Furnished,2,8,6,1.4,8,11610000.0
Bangalore - Whitefield,Apartment,1,1,591,10,13,8,2,Semi-Furnished,2,8,5,5.4,6,5780000.0
Delhi NCR - Noida Sector 62,Studio,1,1,518,1,5,0,0,Furnished,1,6,7,1.3,7,4410000.0
Chennai - Adyar,Independent House,3,3,2335,0,2,9,1,Semi-Furnished,2,8,5,1.3,7,57810000.0
Chennai - OMR IT Corridor,Independent House,3,3,2490,0,2,1,1,Unfurnished,3,7,7,1.6,9,25770000.0
Pune - Hinjewadi IT Park,Studio,1,1,503,3,14,6,0,Semi-Furnished,1,6,7,0.9,7,3780000.0
Hyderabad - Jubilee Hills,Apartment,2,2,1157,8,29,8,2,Unfurnished,2,5,6,0.8,8,25790000.0
Hyderabad - HITEC City,Villa,4,4,3212,0,2,0,2,Semi-Furnished,2,7,5,1.6,4,58300000.0
Hyderabad - HITEC City,Apartment,2,2,967,13,21,1,0,Semi-Furnished,1,7,6,3.7,7,14730000.0
Hyderabad - Gachibowli,Penthouse,3,3,2410,41,41,3,3,Furnished,3,8,6,1.0,5,53510000.0
Delhi NCR - Gurgaon Golf Course Rd,Apartment,3,2,1449,2,4,8,2,Furnished,1,6,8,3.3,6,43930000.0
Pune - Wakad,Studio,1,1,412,5,6,3,0,Furnished,1,4,6,1.7,3,2540000.0
Delhi NCR - Noida Sector 62,Apartment,2,1,1266,10,15,9,1,Semi-Furnished,0,7,8,8.7,6,11500000.0
Pune - Kalyani Nagar,Apartment,3,3,1540,14,19,12,1,Unfurnished,2,5,7,10.2,6,20660000.0
Chennai - Anna Nagar,Villa,4,3,3043,0,1,10,2,Semi-Furnished,3,6,8,2.5,6,76000000.0
Hyderabad - Gachibowli,Apartment,2,2,1199,2,6,11,2,Semi-Furnished,2,8,7,0.4,6,15170000.0
Mumbai - Worli Sea Face,Independent House,4,4,3024,0,2,4,2,Semi-Furnished,1,8,8,0.5,8,199890000.0
Chennai - Adyar,Apartment,1,1,919,20,24,18,2,Semi-Furnished,2,6,7,0.5,8,15270000.0
Hyderabad - Madhapur,Villa,4,3,2844,0,1,1,1,Semi-Furnished,2,8,5,1.3,5,55150000.0
Bangalore - Koramangala,Apartment,2,2,1087,17,18,3,2,Semi-Furnished,2,8,7,0.7,5,29460000.0
Pune - Kalyani Nagar,Apartment,3,3,1368,4,22,0,2,Semi-Furnished,1,8,7,2.5,10,28560000.0
Delhi NCR - Gurgaon Golf Course Rd,Apartment,1,1,464,5,23,3,1,Furnished,1,9,4,0.7,5,15920000.0
Bangalore - Electronic City,Apartment,2,2,1353,4,12,1,1,Unfurnished,2,4,7,0.4,4,8750000.0
Delhi NCR - Noida Expressway,Apartment,3,2,1649,16,22,0,1,Furnished,3,6,5,0.6,4,15370000.0
Pune - Hinjewadi IT Park,Apartment,3,2,1414,5,17,0,1,Furnished,3,4,8,3.2,9,12300000.0
Hyderabad - Gachibowli,Apartment,1,1,501,14,16,2,1,Unfurnished,0,7,7,9.3,10,7160000.0
Delhi NCR - Gurgaon Cyber City,Apartment,3,2,1424,4,28,0,1,Semi-Furnished,2,6,7,1.5,6,27830000.0
Hyderabad - Gachibowli,Independent House,4,4,3059,0,2,4,3,Semi-Furnished,2,3,8,12.8,8,31130000.0
Bangalore - Whitefield,Penthouse,5,5,4209,33,33,3,3,Semi-Furnished,2,7,9,0.5,7,83680000.0
Delhi NCR - Noida Sector 62,Apartment,3,3,1430,8,11,0,1,Semi-Furnished,2,8,5,3.3,6,12810000.0
Bangalore - Whitefield,Independent House,3,3,2467,0,2,2,2,Furnished,2,5,4,1.6,9,32640000.0
Delhi NCR - Noida Sector 62,Independent House,4,4,3062,0,2,1,2,Semi-Furnished,1,10,7,1.1,9,44600000.0
Bangalore - Koramangala,Apartment,3,2,1462,19,27,10,1,Semi-Furnished,2,7,8,1.8,7,31270000.0
Hyderabad - Madhapur,Independent House,4,3,2982,0,2,6,3,Semi-Furnished,2,6,5,4.2,7,43140000.0
Delhi NCR - Gurgaon Golf Course Rd,Apartment,3,3,1469,1,7,1,1,Semi-Furnished,1,7,6,5.6,6,50960000.0
Delhi NCR - South Extension,Apartment,1,1,654,11,27,3,1,Unfurnished,2,7,8,0.4,8,20930000.0
Hyderabad - Jubilee Hills,Apartment,2,1,1403,3,16,2,1,Furnished,1,5,8,4.5,7,39620000.0
Hyderabad - Jubilee Hills,Independent House,4,3,2784,0,2,0,1,Semi-Furnished,2,5,7,6.0,6,76670000.0
Delhi NCR - South Extension,Independent House,3,3,2296,0,2,12,2,Semi-Furnished,4,8,6,5.9,7,75280000.0
Chennai - OMR IT Corridor,Apartment,3,3,1773,9,28,11,1,Unfurnished,1,7,5,8.0,6,11240000.0
Hyderabad - Jubilee Hills,Apartment,3,3,1470,11,14,0,1,Furnished,2,7,5,1.3,3,38700000.0
Delhi NCR - Gurgaon Cyber City,Studio,1,1,559,14,15,3,0,Semi-Furnished,0,7,8,1.1,10,11410000.0
Pune - Hinjewadi IT Park,Apartment,3,3,1701,1,5,14,0,Unfurnished,1,7,9,2.9,3,10760000.0
Mumbai - Andheri East,Apartment,2,2,1212,8,16,3,0,Furnished,0,5,6,1.0,6,25890000.0
Hyderabad - Gachibowli,Penthouse,4,4,3847,17,17,0,4,Unfurnished,4,8,5,5.4,6,79100000.0
Delhi NCR - Noida Expressway,Independent House,5,5,3893,0,2,3,2,Furnished,4,3,7,1.4,6,35430000.0
Hyderabad - HITEC City,Independent House,3,3,2089,0,1,15,1,Semi-Furnished,2,7,4,1.9,6,25590000.0
Pune - Hinjewadi IT Park,Villa,4,4,2765,0,2,11,2,Unfurnished,2,8,7,0.6,6,32400000.0
Delhi NCR - Noida Expressway,Penthouse,6,7,5414,33,33,0,2,Semi-Furnished,2,6,7,1.8,7,93180000.0
Pune - Wakad,Apartment,3,3,1453,11,22,0,2,Semi-Furnished,1,6,7,1.4,6,13650000.0
Hyderabad - Madhapur,Apartment,2,2,1167,14,20,2,1,Furnished,0,9,5,1.7,7,20540000.0
Chennai - Anna Nagar,Apartment,3,3,1755,17,23,10,1,Unfurnished,0,8,2,2.6,7,25890000.0
Delhi NCR - Gurgaon Golf Course Rd,Studio,1,1,396,2,9,0,1,Semi-Furnished,0,8,8,3.3,8,12550000.0
Delhi NCR - Gurgaon Cyber City,Independent House,3,2,2341,0,1,0,1,Furnished,4,7,6,4.0,4,57370000.0
Hyderabad - Jubilee Hills,Apartment,2,1,978,19,29,6,1,Semi-Furnished,0,6,5,2.1,7,24070000.0
Delhi NCR - South Extension,Penthouse,4,4,3964,24,24,1,3,Semi-Furnished,4,8,6,1.2,5,205040000.0
Mumbai - Navi Mumbai Vashi,Apartment,3,2,1775,7,16,0,2,Furnished,1,5,6,4.3,6,25050000.0
Mumbai - Bandra West,Apartment,2,1,992,10,13,4,1,Furnished,3,8,7,7.5,7,46180000.0
Chennai - Anna Nagar,Apartment,1,1,655,5,12,22,0,Furnished,2,7,8,2.9,6,8900000.0
Mumbai - Worli Sea Face,Apartment,2,2,1382,24,27,19,1,Semi-Furnished,1,6,4,2.2,4,49470000.0
Hyderabad - Jubilee Hills,Penthouse,5,6,4266,31,32,12,3,Semi-Furnished,4,8,5,0.8,6,183060000.0
Pune - Wakad,Apartment,3,2,1492,21,28,2,0,Semi-Furnished,0,7,8,1.2,6,15100000.0
Hyderabad - Madhapur,Villa,3,3,2362,0,2,10,1,Unfurnished,3,6,5,1.0,5,34390000.0
Bangalore - Koramangala,Apartment,2,1,852,1,6,1,2,Unfurnished,3,5,8,0.8,7,17450000.0
Delhi NCR - Gurgaon Golf Course Rd,Apartment,2,2,996,1,12,0,1,Semi-Furnished,2,4,8,2.0,7,28220000.0
Delhi NCR - Noida Expressway,Studio,1,1,461,3,5,1,1,Furnished,0,7,9,4.0,5,4770000.0
Chennai - OMR IT Corridor,Apartment,2,2,948,23,26,0,0,Semi-Furnished,3,6,5,3.1,8,7760000.0
Mumbai - Navi Mumbai Vashi,Apartment,4,3,2001,3,7,3,1,Semi-Furnished,0,8,7,0.6,8,36140000.0
Delhi NCR - Noida Expressway,Apartment,1,1,918,20,22,19,1,Semi-Furnished,2,6,7,4.6,5,6920000.0
Bangalore - Whitefield,Villa,4,3,2677,0,3,18,3,Semi-Furnished,1,6,6,1.4,8,37010000.0
Bangalore - HSR Layout,Apartment,2,2,1371,5,8,12,0,Semi-Furnished,2,4,8,1.8,5,16650000.0
Chennai - Adyar,Apartment,2,2,1189,17,28,10,2,Unfurnished,3,8,7,3.2,3,22040000.0
Pune - Koregaon Park,Apartment,4,3,1947,9,13,21,0,Furnished,2,4,6,6.8,8,24420000.0
Bangalore - Whitefield,Apartment,2,2,1151,16,18,9,1,Semi-Furnished,0,7,8,1.3,7,12540000.0
Mumbai - Bandra West,Villa,3,3,2435,0,1,0,1,Furnished,3,6,7,1.2,6,157410000.0
Delhi NCR - Gurgaon Golf Course Rd,Apartment,2,2,1136,12,15,9,1,Unfurnished,1,6,5,2.4,9,30550000.0
Mumbai - Navi Mumbai Vashi,Apartment,2,2,1280,8,28,16,1,Furnished,1,7,7,0.4,6,18580000.0
Mumbai - Worli Sea Face,Apartment,2,2,1294,3,19,23,1,Furnished,2,6,7,1.1,8,56950000.0
Mumbai - Bandra West,Apartment,2,2,1253,17,23,0,1,Semi-Furnished,3,8,4,4.1,7,55760000.0
Mumbai - Thane West,Penthouse,5,5,4386,38,38,1,2,Semi-Furnished,4,7,8,3.7,4,108100000.0
Bangalore - Whitefield,Apartment,2,2,1285,7,12,1,1,Furnished,2,6,7,4.3,5,14480000.0
Mumbai - Worli Sea Face,Studio,1,1,536,6,12,4,0,Semi-Furnished,0,6,7,0.4,8,24690000.0
Bangalore - HSR Layout,Apartment,3,2,1575,3,17,8,1,Semi-Furnished,1,5,8,0.4,4,20020000.0
Mumbai - Andheri East,Apartment,4,4,1959,11,24,2,2,Furnished,0,6,6,2.9,3,45070000.0
Delhi NCR - South Extension,Penthouse,5,6,3856,34,34,12,3,Semi-Furnished,4,9,3,3.2,7,182800000.0
Chennai - OMR IT Corridor,Apartment,1,1,767,21,27,4,0,Unfurnished,2,4,7,9.9,7,4820000.0
Bangalore - HSR Layout,Independent House,4,3,3193,0,2,0,1,Semi-Furnished,1,7,8,2.9,5,69870000.0
Hyderabad - Gachibowli,Studio,1,1,519,5,6,9,0,Semi-Furnished,1,7,8,0.6,6,4870000.0
Delhi NCR - Noida Sector 62,Apartment,3,2,1123,9,18,8,2,Semi-Furnished,1,7,7,1.7,7,9950000.0
Bangalore - Koramangala,Apartment,4,4,2153,29,29,3,1,Semi-Furnished,1,5,8,1.9,6,45190000.0
Mumbai - Andheri East,Independent House,4,3,3477,0,1,1,2,Furnished,2,8,5,0.7,10,116990000.0
Bangalore - Electronic City,Apartment,3,3,1665,3,5,14,0,Furnished,2,6,6,0.6,5,10420000.0
Pune - Koregaon Park,Apartment,3,3,1800,1,21,7,1,Unfurnished,1,8,5,2.5,7,28580000.0
Delhi NCR - Gurgaon Cyber City,Apartment,3,2,1574,3,8,28,0,Unfurnished,2,8,4,5.4,3,19490000.0
Bangalore - Electronic City,Apartment,2,2,1315,2,7,2,1,Semi-Furnished,1,6,9,4.5,7,10250000.0
Hyderabad - HITEC City,Villa,3,3,2565,0,2,0,2,Furnished,3,7,8,1.7,7,63040000.0
Mumbai - Thane West,Apartment,2,1,1146,2,11,0,1,Furnished,1,7,6,4.2,5,15700000.0
Hyderabad - Jubilee Hills,Apartment,1,1,953,14,16,4,1,Semi-Furnished,2,6,6,1.2,5,25190000.0
Bangalore - HSR Layout,Independent House,5,4,3846,0,2,6,2,Semi-Furnished,1,5,8,3.8,4,57500000.0
Chennai - Adyar,Apartment,2,1,1280,6,22,2,1,Furnished,3,5,6,9.0,8,24540000.0
Chennai - Adyar,Apartment,1,1,653,6,25,1,2,Unfurnished,2,7,8,3.7,6,12670000.0
Hyderabad - Jubilee Hills,Villa,4,4,2836,0,2,1,2,Semi-Furnished,2,8,6,0.7,4,107190000.0
Delhi NCR - Gurgaon Golf Course Rd,Apartment,2,2,860,25,29,6,1,Unfurnished,2,7,5,2.8,5,21200000.0
Pune - Kalyani Nagar,Villa,4,3,3122,0,2,6,2,Unfurnished,2,7,7,8.0,6,62520000.0
Delhi NCR - Noida Sector 62,Penthouse,4,4,3078,23,23,3,3,Semi-Furnished,3,6,7,2.4,8,51760000.0
Delhi NCR - Noida Sector 62,Apartment,3,2,1668,1,6,1,1,Semi-Furnished,1,10,5,2.3,5,18490000.0
Chennai - OMR IT Corridor,Apartment,2,2,1307,1,17,28,1,Semi-Furnished,1,7,5,7.6,6,6660000.0
Mumbai - Andheri East,Apartment,3,3,1468,3,19,2,0,Semi-Furnished,1,8,7,2.7,7,37090000.0
Hyderabad - Gachibowli,Apartment,3,2,1735,21,24,8,1,Semi-Furnished,0,5,8,2.9,7,20210000.0
Chennai - OMR IT Corridor,Penthouse,5,6,4271,23,24,7,2,Semi-Furnished,3,5,7,0.7,7,51550000.0
Hyderabad - HITEC City,Penthouse,4,5,3417,34,35,3,2,Unfurnished,2,7,6,3.2,8,78690000.0
Delhi NCR - South Extension,Apartment,2,2,1290,3,23,11,0,Semi-Furnished,1,5,9,0.8,6,27590000.0
Pune - Koregaon Park,Independent House,4,4,2954,0,1,13,1,Semi-Furnished,2,4,6,1.1,3,45400000.0
Pune - Wakad,Penthouse,3,4,2785,29,30,2,3,Unfurnished,2,5,4,1.1,6,35260000.0
Hyderabad - Madhapur,Studio,1,1,463,1,12,11,0,Furnished,0,3,8,1.1,5,3680000.0
Bangalore - Indiranagar,Apartment,3,2,1584,16,23,5,2,Furnished,2,7,10,0.3,7,44990000.0
Chennai - Anna Nagar,Apartment,3,3,1752,4,27,6,1,Semi-Furnished,2,8,6,0.9,6,31320000.0
Pune - Wakad,Apartment,2,1,1221,5,15,4,0,Semi-Furnished,0,8,6,0.8,7,12320000.0
Mumbai - Navi Mumbai Vashi,Studio,1,1,500,12,13,3,1,Unfurnished,0,8,6,1.2,5,7330000.0
Chennai - Adyar,Apartment,2,2,1135,1,9,13,2,Semi-Furnished,0,8,9,2.1,5,21880000.0
Mumbai - Thane West,Apartment,1,1,536,5,5,3,1,Semi-Furnished,2,5,7,1.2,2,6250000.0
Delhi NCR - Noida Expressway,Apartment,2,2,1154,7,17,1,1,Semi-Furnished,2,7,8,1.7,7,12080000.0
Mumbai - Thane West,Apartment,2,1,1029,6,16,6,1,Furnished,2,7,6,0.5,7,14340000.0
Hyderabad - HITEC City,Apartment,1,1,487,4,6,3,1,Semi-Furnished,1,7,6,4.9,7,5910000.0
Bangalore - HSR Layout,Studio,1,1,408,4,5,2,0,Unfurnished,1,6,7,3.3,4,5160000.0
Chennai - Anna Nagar,Apartment,2,1,1063,2,29,5,1,Furnished,1,6,9,1.6,8,19680000.0
Hyderabad - Jubilee Hills,Apartment,3,2,1648,13,18,1,1,Semi-Furnished,2,7,8,1.5,10,51040000.0
Mumbai - Worli Sea Face,Apartment,2,1,891,24,28,7,1,Semi-Furnished,3,7,9,0.8,8,56100000.0
Chennai - Adyar,Apartment,2,2,961,6,7,21,1,Furnished,2,6,6,2.9,8,14030000.0
Mumbai - Navi Mumbai Vashi,Apartment,1,1,820,2,11,6,0,Furnished,1,7,3,4.4,7,11820000.0
Bangalore - Indiranagar,Apartment,4,3,2206,20,25,7,0,Unfurnished,0,9,6,0.9,8,52580000.0
Hyderabad - Gachibowli,Apartment,2,2,938,17,21,11,0,Semi-Furnished,2,8,8,8.6,3,11340000.0
Hyderabad - Jubilee Hills,Apartment,2,2,1326,1,19,1,2,Furnished,1,6,6,7.6,7,35970000.0
Bangalore - Whitefield,Apartment,3,3,1527,8,12,35,1,Furnished,1,6,5,3.3,8,11820000.0
Bangalore - Koramangala,Apartment,2,2,946,16,18,8,2,Semi-Furnished,2,6,6,6.1,8,20660000.0
Hyderabad - Gachibowli,Studio,1,1,403,2,22,6,0,Semi-Furnished,1,5,7,7.7,6,3660000.0
Bangalore - HSR Layout,Studio,1,1,528,18,20,0,1,Semi-Furnished,0,8,7,1.0,7,9500000.0
Bangalore - Indiranagar,Apartment,2,2,1403,3,16,5,1,Furnished,2,8,5,6.1,7,31810000.0
Delhi NCR - Noida Sector 62,Apartment,2,2,967,21,28,0,0,Unfurnished,2,6,7,0.6,7,9250000.0
Mumbai - Thane West,Penthouse,5,6,3772,33,34,1,3,Semi-Furnished,4,6,6,2.0,5,88960000.0
Chennai - OMR IT Corridor,Apartment,4,4,1974,3,11,9,0,Semi-Furnished,2,7,8,1.5,7,15470000.0
Delhi NCR - Gurgaon Cyber City,Villa,3,3,2169,0,2,5,2,Semi-Furnished,3,5,7,9.0,8,55880000.0
Hyderabad - HITEC City,Studio,1,1,483,4,7,6,0,Semi-Furnished,1,5,8,2.6,6,5180000.0
Pune - Kalyani Nagar,Apartment,4,4,2191,1,9,4,2,Unfurnished,1,6,7,4.6,8,33880000.0
Hyderabad - Madhapur,Apartment,3,3,1619,6,26,0,1,Unfurnished,3,3,6,7.6,7,14910000.0
Bangalore - Koramangala,Studio,1,1,419,5,14,13,1,Semi-Furnished,1,4,7,3.8,10,6300000.0
Mumbai - Thane West,Apartment,3,3,1610,6,18,1,1,Unfurnished,0,7,8,4.6,7,22960000.0
Delhi NCR - Noida Sector 62,Apartment,4,4,2113,6,10,9,0,Unfurnished,2,8,8,4.5,6,19330000.0
Mumbai - Worli Sea Face,Apartment,2,2,1221,15,20,0,1,Unfurnished,1,7,4,0.9,6,63990000.0
Chennai - Anna Nagar,Apartment,4,3,2052,9,24,2,2,Furnished,2,8,5,1.0,4,37880000.0
Mumbai - Navi Mumbai Vashi,Independent House,5,5,3475,0,1,14,2,Semi-Furnished,2,4,5,7.8,7,44890000.0
Pune - Koregaon Park,Independent House,5,5,3807,0,3,2,1,Furnished,2,6,6,1.9,6,75560000.0
Chennai - Adyar,Studio,1,1,597,5,13,6,0,Unfurnished,0,7,4,1.1,5,8310000.0
Hyderabad - Madhapur,Apartment,1,1,831,8,9,1,0,Furnished,2,5,8,5.7,9,11780000.0
Hyderabad - HITEC City,Apartment,3,3,1469,2,5,0,0,Semi-Furnished,2,7,7,2.2,7,20210000.0
Mumbai - Thane West,Apartment,2,2,1164,6,8,0,0,Semi-Furnished,0,7,9,1.7,4,17290000.0
Chennai - Anna Nagar,Apartment,3,2,1518,29,29,4,1,Semi-Furnished,2,7,9,2.5,6,30990000.0
Chennai - Anna Nagar,Apartment,1,1,780,3,7,3,1,Semi-Furnished,2,7,7,4.0,6,13150000.0
Mumbai - Andheri East,Studio,1,1,417,3,8,3,0,Unfurnished,0,8,6,0.8,5,8700000.0
Pune - Hinjewadi IT Park,Villa,4,4,2915,0,3,18,1,Semi-Furnished,1,6,7,9.2,8,30670000.0
Pune - Wakad,Apartment,2,2,1244,18,21,2,1,Unfurnished,2,8,6,9.3,8,11850000.0
Pune - Wakad,Independent House,4,3,2788,0,1,15,2,Furnished,1,8,7,2.7,8,32470000.0
Pune - Kalyani Nagar,Apartment,2,2,1284,25,25,0,0,Semi-Furnished,3,6,6,1.8,9,21710000.0
Delhi NCR - Noida Sector 62,Apartment,1,1,550,4,17,0,2,Semi-Furnished,2,6,8,2.0,7,5040000.0
Pune - Wakad,Independent House,5,4,3627,0,1,6,2,Furnished,2,5,7,5.3,6,33760000.0
Hyderabad - Jubilee Hills,Apartment,1,1,590,9,13,0,2,Semi-Furnished,2,6,6,4.6,5,14240000.0
Chennai - Anna Nagar,Studio,1,1,532,17,22,1,1,Semi-Furnished,1,5,4,3.1,6,7120000.0
Delhi NCR - Gurgaon Cyber City,Independent House,4,4,2623,0,3,9,3,Semi-Furnished,3,5,6,4.9,7,51810000.0
Delhi NCR - Gurgaon Golf Course Rd,Apartment,2,2,1234,12,18,9,0,Semi-Furnished,3,7,8,0.3,5,36680000.0
Chennai - Adyar,Villa,3,3,2400,0,1,0,1,Semi-Furnished,3,6,6,1.0,6,61740000.0
Bangalore - Indiranagar,Apartment,2,1,1210,4,6,2,0,Furnished,2,7,9,2.8,9,29440000.0
Hyderabad - Gachibowli,Apartment,1,1,450,16,23,3,0,Furnished,2,6,7,0.7,6,5550000.0
Mumbai - Thane West,Apartment,3,3,1566,12,13,3,1,Semi-Furnished,2,8,4,2.2,8,23940000.0
Pune - Wakad,Apartment,3,3,1516,4,10,11,1,Furnished,1,6,6,4.6,10,12400000.0
Pune - Koregaon Park,Villa,4,4,2884,0,3,12,3,Furnished,3,9,6,1.5,7,82930000.0
Delhi NCR - Gurgaon Cyber City,Apartment,2,2,1138,14,17,2,0,Semi-Furnished,1,7,4,1.9,5,20890000.0
Mumbai - Thane West,Villa,3,3,2066,0,2,7,2,Semi-Furnished,3,5,6,3.2,6,34290000.0
Hyderabad - Madhapur,Apartment,2,2,842,18,24,0,2,Semi-Furnished,2,6,5,1.5,6,10530000.0
Pune - Kalyani Nagar,Apartment,3,2,1895,3,19,0,1,Semi-Furnished,1,6,4,5.4,9,28460000.0
Hyderabad - Madhapur,Villa,4,4,2389,0,3,4,2,Semi-Furnished,2,6,7,5.0,6,40920000.0
Mumbai - Bandra West,Apartment,4,4,2017,12,13,1,1,Semi-Furnished,1,6,6,1.1,6,87570000.0
Pune - Hinjewadi IT Park,Apartment,4,4,1721,2,8,3,2,Semi-Furnished,0,9,7,1.5,6,17100000.0
Hyderabad - HITEC City,Apartment,3,2,1687,9,21,1,0,Semi-Furnished,1,7,9,0.8,7,27190000.0
Pune - Kalyani Nagar,Apartment,3,3,1381,3,23,3,1,Semi-Furnished,1,8,6,4.0,3,21070000.0
Delhi NCR - Noida Expressway,Apartment,2,2,643,4,4,7,1,Semi-Furnished,1,7,6,0.6,7,6630000.0
Delhi NCR - South Extension,Independent House,5,5,3123,0,1,4,2,Furnished,1,9,7,2.1,5,124920000.0
Chennai - OMR IT Corridor,Apartment,3,3,1867,4,21,9,2,Semi-Furnished,1,5,7,0.6,10,14340000.0
Hyderabad - Jubilee Hills,Apartment,2,2,1328,11,14,9,1,Semi-Furnished,2,5,7,5.3,5,26860000.0
Delhi NCR - Gurgaon Cyber City,Studio,1,1,479,3,7,10,0,Unfurnished,1,8,6,1.7,1,6830000.0
Mumbai - Bandra West,Apartment,2,2,924,10,15,5,1,Unfurnished,2,7,6,12.0,9,36580000.0
Pune - Kalyani Nagar,Penthouse,6,7,5210,38,38,1,2,Semi-Furnished,3,7,8,1.4,3,138980000.0
Bangalore - Indiranagar,Apartment,2,2,1089,18,23,0,1,Furnished,0,7,4,0.7,9,30630000.0
Mumbai - Thane West,Apartment,2,1,1440,6,13,0,1,Furnished,1,3,6,0.8,8,19070000.0
Hyderabad - HITEC City,Penthouse,4,4,3249,42,42,1,3,Semi-Furnished,3,7,8,1.8,5,82690000.0
Pune - Koregaon Park,Independent House,3,3,2633,0,3,14,2,Semi-Furnished,3,6,7,1.4,3,43830000.0
Delhi NCR - Noida Expressway,Independent House,4,4,2588,0,2,2,1,Furnished,2,5,6,3.9,9,31140000.0
Delhi NCR - Noida Expressway,Apartment,2,2,949,8,8,5,1,Semi-Furnished,2,6,7,3.4,8,8640000.0
Bangalore - Indiranagar,Apartment,1,1,713,12,17,5,1,Furnished,1,7,6,2.4,7,16950000.0
Delhi NCR - Noida Expressway,Apartment,3,3,1581,3,11,1,1,Unfurnished,2,8,7,1.1,7,18600000.0
Delhi NCR - Noida Sector 62,Apartment,3,2,1483,15,15,8,2,Furnished,1,6,7,2.4,4,13570000.0
Delhi NCR - South Extension,Penthouse,4,4,4097,17,17,0,3,Unfurnished,4,6,6,1.0,5,187820000.0
Bangalore - Koramangala,Apartment,2,1,1113,3,25,1,2,Unfurnished,1,6,7,4.2,7,21780000.0
Bangalore - Electronic City,Studio,1,1,484,5,7,2,0,Semi-Furnished,1,5,5,5.5,5,2630000.0
Chennai - Adyar,Studio,1,1,477,10,23,10,0,Semi-Furnished,0,8,6,2.0,7,8150000.0
Pune - Koregaon Park,Apartment,4,3,2085,26,29,1,1,Semi-Furnished,1,7,7,2.6,6,43650000.0
Mumbai - Navi Mumbai Vashi,Apartment,3,2,1700,12,23,7,1,Semi-Furnished,2,6,7,3.7,4,23680000.0
Chennai - OMR IT Corridor,Penthouse,5,6,3930,15,15,0,3,Semi-Furnished,4,7,5,6.9,10,60140000.0
Hyderabad - HITEC City,Studio,1,1,533,10,15,3,1,Semi-Furnished,0,7,7,8.3,7,6210000.0
Bangalore - HSR Layout,Apartment,1,1,953,14,20,22,1,Semi-Furnished,1,6,8,1.1,8,12430000.0
Pune - Hinjewadi IT Park,Apartment,2,1,1031,6,7,3,2,Semi-Furnished,1,6,5,4.4,4,8090000.0
Mumbai - Worli Sea Face,Apartment,4,4,1889,12,28,6,1,Semi-Furnished,1,9,5,7.0,7,101430000.0
Delhi NCR - Gurgaon Cyber City,Independent House,4,4,2870,0,3,8,2,Furnished,2,6,6,1.7,4,62830000.0
Delhi NCR - South Extension,Apartment,2,2,1164,14,21,8,0,Semi-Furnished,2,9,7,1.9,6,40010000.0
Pune - Kalyani Nagar,Independent House,4,4,2822,0,2,6,1,Furnished,3,7,7,1.0,6,52090000.0
Hyderabad - Jubilee Hills,Apartment,2,2,971,5,5,0,1,Furnished,1,9,8,7.8,9,36350000.0
Delhi NCR - Gurgaon Cyber City,Apartment,4,4,1702,8,28,9,2,Furnished,2,8,6,3.7,7,35660000.0
Bangalore - Indiranagar,Apartment,3,3,1548,15,16,13,1,Furnished,2,6,8,1.9,7,31030000.0
Pune - Kalyani Nagar,Apartment,2,2,1094,19,19,0,1,Furnished,2,5,7,1.8,6,19140000.0
Delhi NCR - Gurgaon Cyber City,Apartment,3,3,1700,3,6,2,1,Unfurnished,2,8,5,3.8,4,29270000.0
Pune - Wakad,Apartment,3,3,1743,3,8,12,1,Furnished,1,3,5,2.9,9,11250000.0
Hyderabad - Gachibowli,Apartment,2,2,845,8,11,1,1,Semi-Furnished,3,7,7,1.1,5,10640000.0
Pune - Wakad,Apartment,4,4,1876,12,17,5,0,Furnished,2,6,6,5.9,6,15580000.0
Bangalore - HSR Layout,Apartment,3,3,1648,5,6,0,0,Unfurnished,2,9,7,3.0,6,30850000.0
Mumbai - Worli Sea Face,Studio,1,1,490,11,20,1,0,Semi-Furnished,1,7,5,0.8,6,22990000.0
Delhi NCR - Noida Sector 62,Apartment,1,1,618,1,6,4,0,Semi-Furnished,1,7,5,1.1,4,5100000.0
Chennai - Adyar,Apartment,3,3,1385,6,10,7,1,Semi-Furnished,1,8,5,2.9,5,25870000.0
Pune - Wakad,Apartment,3,3,1878,4,17,12,1,Semi-Furnished,2,9,7,0.5,6,17760000.0
Mumbai - Navi Mumbai Vashi,Studio,1,1,518,2,8,3,0,Semi-Furnished,0,5,6,1.2,8,6440000.0
Mumbai - Navi Mumbai Vashi,Apartment,2,2,974,2,6,4,2,Furnished,1,6,6,2.2,6,14110000.0
Hyderabad - HITEC City,Independent House,5,4,3610,0,2,0,2,Unfurnished,3,8,7,2.9,7,66150000.0
Pune - Kalyani Nagar,Independent House,4,4,3118,0,3,4,3,Semi-Furnished,3,6,7,1.2,5,50040000.0
Hyderabad - Gachibowli,Independent House,4,4,2690,0,2,11,2,Semi-Furnished,3,8,4,3.2,4,33580000.0
Bangalore - HSR Layout,Apartment,3,3,1729,1,5,0,0,Semi-Furnished,1,2,6,2.9,9,19420000.0
Mumbai - Navi Mumbai Vashi,Independent House,3,3,2625,0,2,1,3,Semi-Furnished,3,5,6,4.5,9,46620000.0
Mumbai - Thane West,Apartment,2,2,1206,7,17,3,1,Unfurnished,0,6,7,3.0,7,16980000.0
Bangalore - Indiranagar,Independent House,4,4,2705,0,2,1,2,Semi-Furnished,3,7,6,2.7,8,78630000.0
Chennai - Adyar,Independent House,3,2,2644,0,3,2,2,Semi-Furnished,1,6,8,1.5,6,65670000.0
Mumbai - Thane West,Apartment,3,2,1200,9,23,4,1,Furnished,1,7,9,0.4,6,18860000.0
Bangalore - Koramangala,Villa,4,4,3084,0,2,1,2,Unfurnished,2,6,6,0.3,6,85830000.0
Bangalore - Koramangala,Apartment,2,2,1261,2,11,13,1,Semi-Furnished,1,5,5,3.5,8,20890000.0
Pune - Hinjewadi IT Park,Villa,4,4,2881,0,3,0,1,Furnished,2,7,6,2.5,8,38970000.0
Mumbai - Worli Sea Face,Apartment,3,3,1625,25,25,2,1,Furnished,1,6,6,0.9,5,89390000.0
Mumbai - Bandra West,Apartment,3,3,1621,14,23,19,1,Semi-Furnished,2,5,8,8.9,6,50410000.0
Chennai - Anna Nagar,Apartment,1,1,684,4,18,1,1,Unfurnished,2,5,8,8.6,5,9080000.0
Chennai - OMR IT Corridor,Studio,1,1,505,6,14,2,0,Furnished,0,6,6,1.7,5,3220000.0
Mumbai - Thane West,Apartment,2,1,1150,5,13,6,1,Semi-Furnished,1,6,6,7.5,4,13110000.0
Bangalore - Indiranagar,Apartment,2,2,1352,9,15,0,2,Furnished,2,7,7,3.4,4,31950000.0
Bangalore - Electronic City,Apartment,1,1,450,4,8,0,1,Semi-Furnished,1,6,8,9.0,5,3140000.0
Hyderabad - Jubilee Hills,Independent House,4,4,2709,0,2,2,3,Semi-Furnished,1,8,10,0.9,8,114550000.0
Delhi NCR - Noida Sector 62,Apartment,3,3,1561,2,12,2,0,Unfurnished,0,5,6,1.8,6,12320000.0
Delhi NCR - Gurgaon Golf Course Rd,Apartment,3,2,1610,19,29,6,1,Semi-Furnished,1,6,6,2.3,7,48040000.0
Chennai - OMR IT Corridor,Apartment,3,2,1879,1,11,1,1,Unfurnished,2,5,9,3.1,5,14310000.0
Hyderabad - HITEC City,Apartment,2,2,1293,9,9,7,0,Semi-Furnished,0,8,8,1.9,3,16740000.0
Chennai - Anna Nagar,Apartment,1,1,530,3,4,5,0,Furnished,2,7,7,0.9,6,8990000.0
Chennai - OMR IT Corridor,Apartment,2,2,1156,23,25,14,1,Semi-Furnished,2,6,7,1.8,4,7550000.0
Mumbai - Thane West,Independent House,4,3,2811,0,3,3,2,Semi-Furnished,2,6,8,2.3,6,41880000.0
Hyderabad - Gachibowli,Apartment,3,3,1585,5,27,9,1,Unfurnished,2,5,6,3.6,8,15560000.0
Chennai - Anna Nagar,Apartment,2,2,1102,14,16,6,2,Unfurnished,1,7,8,4.5,8,19470000.0
Delhi NCR - Gurgaon Golf Course Rd,Apartment,2,2,1112,9,23,3,0,Furnished,2,8,7,2.6,10,43740000.0
Bangalore - HSR Layout,Studio,1,1,485,2,12,1,0,Furnished,0,10,6,1.8,8,9080000.0
Hyderabad - Jubilee Hills,Studio,1,1,513,2,10,3,1,Furnished,0,4,8,2.0,4,9750000.0
Bangalore - Koramangala,Villa,4,3,2517,0,1,1,3,Unfurnished,1,6,7,0.9,6,76440000.0
Mumbai - Worli Sea Face,Apartment,3,3,1577,1,12,0,1,Unfurnished,3,5,7,3.4,10,72370000.0
Hyderabad - Madhapur,Apartment,1,1,693,6,13,2,1,Semi-Furnished,1,7,6,9.6,5,8500000.0
Delhi NCR - Noida Sector 62,Apartment,1,1,635,14,29,3,0,Semi-Furnished,0,8,7,4.1,6,6760000.0
Chennai - Anna Nagar,Apartment,2,2,1126,3,11,3,1,Semi-Furnished,1,6,6,0.3,8,19120000.0
Bangalore - HSR Layout,Apartment,3,3,1802,12,13,2,1,Semi-Furnished,1,7,8,1.1,8,36400000.0
Pune - Koregaon Park,Villa,4,4,3069,0,3,4,1,Furnished,2,7,5,2.9,7,81240000.0
Pune - Koregaon Park,Villa,4,4,3004,0,3,2,2,Semi-Furnished,3,7,5,1.1,5,79570000.0
Hyderabad - Jubilee Hills,Villa,4,4,2673,0,2,11,1,Furnished,1,8,5,0.8,9,114630000.0
Bangalore - HSR Layout,Apartment,4,4,2323,3,4,17,1,Furnished,1,6,6,2.0,6,27930000.0
Chennai - OMR IT Corridor,Independent House,4,4,2904,0,2,1,1,Unfurnished,1,8,7,2.5,6,30740000.0
Delhi NCR - Gurgaon Cyber City,Apartment,1,1,537,9,13,3,0,Semi-Furnished,0,6,7,2.4,7,10520000.0
Bangalore - Indiranagar,Apartment,3,3,1801,2,7,3,0,Semi-Furnished,2,6,6,3.0,4,31640000.0
Delhi NCR - Gurgaon Golf Course Rd,Independent House,5,5,2912,0,1,15,1,Semi-Furnished,4,7,6,3.3,2,76820000.0
Bangalore - Electronic City,Apartment,3,3,1563,11,23,3,1,Semi-Furnished,1,7,6,3.8,4,11910000.0
Delhi NCR - Gurgaon Cyber City,Apartment,2,1,925,4,21,2,2,Semi-Furnished,1,8,8,5.0,5,19140000.0
Mumbai - Thane West,Apartment,2,2,973,8,9,3,1,Unfurnished,1,8,4,12.2,6,11880000.0
Chennai - Anna Nagar,Independent House,3,2,2521,0,1,7,3,Semi-Furnished,3,5,8,0.6,10,48930000.0
Delhi NCR - South Extension,Villa,3,3,2497,0,1,1,1,Semi-Furnished,4,10,6,4.7,8,130890000.0
Hyderabad - HITEC City,Apartment,1,1,450,10,27,15,1,Furnished,1,8,5,1.2,10,6590000.0
Pune - Hinjewadi IT Park,Villa,3,2,2410,0,2,0,2,Semi-Furnished,2,5,5,0.8,5,26360000.0
Chennai - Adyar,Apartment,4,4,1747,12,25,0,1,Semi-Furnished,1,7,8,1.9,8,39690000.0
Delhi NCR - South Extension,Apartment,3,3,1520,19,29,1,1,Semi-Furnished,1,7,8,3.1,6,52130000.0
Chennai - OMR IT Corridor,Independent House,4,4,2490,0,3,3,3,Semi-Furnished,2,7,6,1.5,8,24360000.0
Hyderabad - Gachibowli,Independent House,4,3,3064,0,2,3,2,Semi-Furnished,1,6,7,3.3,8,43600000.0
Mumbai - Thane West,Studio,1,1,320,8,16,8,0,Furnished,1,8,9,0.4,5,4380000.0
Pune - Hinjewadi IT Park,Apartment,1,1,643,1,25,1,1,Semi-Furnished,2,7,8,0.5,7,6080000.0
Mumbai - Bandra West,Independent House,4,3,2625,0,3,8,1,Unfurnished,2,7,5,1.0,6,111950000.0
Bangalore - Koramangala,Independent House,3,2,2219,0,3,4,2,Furnished,3,8,6,0.8,9,62680000.0
Bangalore - Indiranagar,Penthouse,4,5,3032,34,34,21,4,Semi-Furnished,3,7,5,7.5,2,77280000.0
Delhi NCR - Noida Expressway,Apartment,2,2,1056,21,29,2,1,Semi-Furnished,0,6,6,0.4,4,10560000.0
Pune - Hinjewadi IT Park,Villa,4,4,2689,0,2,2,2,Furnished,2,8,3,4.1,7,35370000.0
Chennai - Anna Nagar,Apartment,2,2,1043,3,5,0,2,Semi-Furnished,2,9,5,3.8,3,18200000.0
Delhi NCR - South Extension,Apartment,2,2,878,2,27,0,2,Semi-Furnished,1,8,7,1.6,7,30500000.0
Hyderabad - HITEC City,Apartment,3,3,1515,7,11,17,0,Semi-Furnished,0,7,6,1.1,8,17200000.0
Chennai - Anna Nagar,Apartment,3,3,1445,1,20,0,1,Unfurnished,0,5,6,3.6,6,20510000.0
Delhi NCR - Noida Expressway,Apartment,2,1,1317,11,14,8,2,Furnished,1,6,5,7.9,8,11940000.0
Pune - Koregaon Park,Penthouse,4,4,3576,17,17,10,2,Furnished,3,5,7,5.6,4,89840000.0
Bangalore - Koramangala,Apartment,3,3,1922,6,29,6,1,Unfurnished,1,7,6,0.3,8,38130000.0
Hyderabad - Gachibowli,Independent House,3,2,2153,0,2,4,3,Semi-Furnished,2,6,8,10.6,5,26900000.0
Bangalore - HSR Layout,Apartment,1,1,837,3,15,9,1,Semi-Furnished,3,6,4,1.2,6,11600000.0
Chennai - Adyar,Apartment,3,3,1301,5,6,6,1,Unfurnished,1,6,7,1.9,7,21910000.0
Delhi NCR - Gurgaon Golf Course Rd,Apartment,2,2,1129,5,26,4,1,Semi-Furnished,1,7,9,1.7,8,39740000.0
Chennai - Anna Nagar,Apartment,3,2,1094,16,19,4,0,Semi-Furnished,1,7,5,4.6,7,18790000.0
Delhi NCR - Noida Sector 62,Apartment,2,2,1514,4,4,0,0,Furnished,1,5,6,2.2,4,12330000.0
Chennai - OMR IT Corridor,Apartment,2,1,1342,19,22,13,1,Furnished,2,7,6,1.8,9,12790000.0
Mumbai - Navi Mumbai Vashi,Apartment,2,2,1113,11,24,10,0,Furnished,1,9,6,2.7,9,21910000.0
Chennai - Adyar,Apartment,2,2,949,1,28,1,1,Unfurnished,0,7,7,1.5,7,17670000.0
Hyderabad - Gachibowli,Apartment,2,2,1269,10,11,0,1,Furnished,2,7,9,2.3,3,16610000.0
Pune - Hinjewadi IT Park,Apartment,2,2,1228,2,8,0,2,Semi-Furnished,1,7,9,3.0,7,12030000.0
Mumbai - Navi Mumbai Vashi,Apartment,3,3,1575,20,26,7,1,Unfurnished,2,6,5,0.8,8,24220000.0
Mumbai - Worli Sea Face,Penthouse,4,4,3963,32,32,8,3,Semi-Furnished,3,6,9,3.7,5,309510000.0
Hyderabad - Madhapur,Penthouse,4,4,3266,43,43,2,2,Semi-Furnished,3,6,8,11.6,7,66710000.0
Chennai - Adyar,Independent House,3,2,2164,0,2,0,2,Semi-Furnished,3,7,6,2.3,5,48570000.0
Mumbai - Navi Mumbai Vashi,Apartment,3,3,1523,2,29,0,1,Semi-Furnished,2,10,6,5.5,9,32240000.0
Chennai - Anna Nagar,Villa,4,4,2961,0,2,11,1,Semi-Furnished,3,6,8,4.5,8,62090000.0
Pune - Kalyani Nagar,Villa,3,3,2290,0,2,9,3,Semi-Furnished,3,6,5,2.1,6,48140000.0
Pune - Wakad,Villa,3,3,2116,0,2,1,1,Unfurnished,2,8,7,8.3,7,28290000.0
Pune - Wakad,Apartment,2,1,1156,5,21,0,1,Unfurnished,1,7,6,0.8,5,10100000.0
Chennai - OMR IT Corridor,Independent House,4,3,2394,0,2,4,2,Unfurnished,2,9,7,1.8,6,26300000.0
Hyderabad - Gachibowli,Villa,4,4,3032,0,1,0,2,Unfurnished,2,3,6,1.3,6,39100000.0
Delhi NCR - Gurgaon Golf Course Rd,Apartment,1,1,634,3,11,3,0,Semi-Furnished,1,5,10,0.5,10,19570000.0
Chennai - OMR IT Corridor,Independent House,3,3,2638,0,2,0,2,Semi-Furnished,2,8,6,9.7,9,26840000.0
Bangalore - Electronic City,Apartment,3,3,1473,9,13,3,1,Unfurnished,0,9,6,2.8,7,13050000.0
Mumbai - Bandra West,Apartment,3,2,1560,5,20,0,1,Semi-Furnished,0,7,7,1.0,9,78850000.0
Pune - Hinjewadi IT Park,Apartment,2,2,1329,9,16,7,1,Unfurnished,1,8,7,3.2,5,10170000.0
Hyderabad - Gachibowli,Independent House,5,4,3627,0,2,17,3,Semi-Furnished,3,7,10,0.5,10,49480000.0
Mumbai - Thane West,Apartment,4,4,2355,6,18,0,0,Semi-Furnished,2,7,6,0.5,7,33740000.0
Bangalore - HSR Layout,Apartment,2,2,1314,28,28,9,1,Semi-Furnished,1,8,7,1.2,7,23790000.0
Chennai - OMR IT Corridor,Apartment,2,2,998,4,17,11,0,Unfurnished,1,6,7,3.4,4,6030000.0
Bangalore - Koramangala,Apartment,3,3,1809,6,28,4,1,Furnished,1,10,5,1.9,5,46730000.0
Hyderabad - Jubilee Hills,Apartment,3,3,1456,5,27,1,1,Semi-Furnished,1,6,8,5.4,6,37580000.0
Hyderabad - Madhapur,Independent House,4,3,2545,0,2,10,1,Semi-Furnished,1,5,6,1.2,9,30790000.0
Mumbai - Bandra West,Villa,3,3,1842,0,2,1,1,Furnished,2,5,6,2.2,6,107380000.0
Pune - Kalyani Nagar,Apartment,2,2,1043,8,20,1,1,Semi-Furnished,1,7,9,1.4,6,18810000.0
Chennai - Anna Nagar,Apartment,2,2,1050,3,19,10,2,Semi-Furnished,3,4,4,1.2,6,13380000.0
Mumbai - Andheri East,Apartment,4,4,2313,17,28,2,0,Semi-Furnished,2,8,4,3.6,7,57080000.0
Chennai - Adyar,Penthouse,4,5,3843,22,22,2,4,Semi-Furnished,4,7,8,3.2,8,159140000.0
Delhi NCR - South Extension,Apartment,2,2,1330,8,20,2,1,Semi-Furnished,2,7,8,4.8,8,43700000.0
Bangalore - Electronic City,Apartment,3,2,1367,4,5,0,1,Semi-Furnished,1,6,5,1.1,5,9450000.0
Bangalore - Koramangala,Apartment,1,1,865,1,13,9,0,Semi-Furnished,2,6,7,3.9,4,15850000.0
Hyderabad - Jubilee Hills,Independent House,5,4,3607,0,2,3,2,Furnished,2,7,8,1.6,3,123950000.0
Pune - Kalyani Nagar,Penthouse,6,7,5297,43,44,0,2,Unfurnished,2,8,7,1.8,7,152050000.0
Pune - Kalyani Nagar,Villa,4,4,2613,0,2,8,2,Semi-Furnished,3,6,7,4.0,6,51940000.0
Mumbai - Andheri East,Independent House,4,3,3213,0,1,9,2,Semi-Furnished,4,7,7,2.4,7,87330000.0
Bangalore - Indiranagar,Apartment,2,2,1297,4,14,3,1,Semi-Furnished,2,7,6,2.4,8,25490000.0
Delhi NCR - Noida Sector 62,Apartment,3,3,1743,16,22,9,1,Semi-Furnished,1,6,8,3.3,10,17440000.0
Bangalore - Indiranagar,Apartment,3,3,1926,1,9,3,1,Semi-Furnished,2,7,7,1.1,5,39970000.0
Mumbai - Andheri East,Apartment,2,2,1033,12,22,0,1,Semi-Furnished,1,5,6,5.1,7,23470000.0
Mumbai - Bandra West,Apartment,3,3,1324,26,28,14,2,Semi-Furnished,2,4,4,0.8,7,42180000.0
Bangalore - HSR Layout,Apartment,2,2,1172,23,29,3,0,Semi-Furnished,1,4,8,5.2,6,17190000.0
Hyderabad - Gachibowli,Apartment,1,1,754,2,4,9,1,Semi-Furnished,1,5,7,2.4,7,8040000.0
Mumbai - Navi Mumbai Vashi,Studio,1,1,537,3,5,0,1,Furnished,1,6,8,5.8,8,8680000.0
Mumbai - Andheri East,Independent House,5,5,3579,0,2,8,2,Semi-Furnished,2,7,6,2.5,4,94200000.0
Hyderabad - Jubilee Hills,Villa,4,4,2659,0,2,6,2,Furnished,2,9,4,1.5,7,111870000.0
Pune - Koregaon Park,Independent House,3,2,1643,0,2,2,2,Furnished,4,8,8,4.3,8,42260000.0
Chennai - OMR IT Corridor,Apartment,1,1,895,7,16,5,2,Unfurnished,2,7,8,0.4,3,7280000.0
Mumbai - Andheri East,Independent House,3,3,2149,0,2,2,1,Semi-Furnished,2,4,6,4.7,5,51220000.0
Bangalore - HSR Layout,Apartment,1,1,536,2,22,12,1,Semi-Furnished,1,5,6,2.2,3,6290000.0
Mumbai - Andheri East,Independent House,4,4,3201,0,2,10,1,Semi-Furnished,2,8,7,2.0,6,95880000.0
Pune - Koregaon Park,Apartment,3,2,1564,1,6,6,2,Unfurnished,2,5,8,3.6,8,24210000.0
Pune - Koregaon Park,Studio,1,1,403,7,15,20,1,Semi-Furnished,0,9,4,1.0,7,5580000.0
Pune - Wakad,Apartment,2,2,1058,6,8,0,2,Semi-Furnished,2,4,5,1.4,4,7290000.0
Bangalore - Koramangala,Apartment,2,2,1337,6,18,1,1,Semi-Furnished,1,7,8,2.1,6,33320000.0
Hyderabad - Jubilee Hills,Penthouse,5,6,4143,18,18,5,3,Unfurnished,3,8,4,6.6,6,171260000.0
Delhi NCR - Gurgaon Golf Course Rd,Apartment,2,2,909,5,5,0,1,Unfurnished,1,7,6,2.0,4,23970000.0
Chennai - Anna Nagar,Independent House,5,5,3292,0,1,3,1,Unfurnished,3,10,5,2.7,6,71950000.0
Delhi NCR - Noida Expressway,Independent House,4,4,3090,0,2,3,2,Furnished,4,9,8,0.3,7,46190000.0
Bangalore - Whitefield,Villa,5,4,3558,0,2,3,1,Furnished,1,7,6,4.6,9,60230000.0
Bangalore - Indiranagar,Studio,1,1,483,10,11,3,0,Furnished,0,5,8,4.8,6,8740000.0
Bangalore - HSR Layout,Studio,1,1,475,4,15,0,0,Furnished,0,6,6,0.9,7,6840000.0
Mumbai - Worli Sea Face,Apartment,1,1,1025,2,19,0,1,Unfurnished,2,6,5,0.4,8,48300000.0
Pune - Wakad,Villa,5,5,3566,0,2,0,1,Furnished,4,8,5,7.8,7,53200000.0
Pune - Kalyani Nagar,Independent House,3,3,2211,0,3,3,2,Furnished,3,5,6,2.3,9,38460000.0
Bangalore - Koramangala,Independent House,4,3,2654,0,1,2,2,Furnished,3,7,6,2.9,7,74100000.0
Hyderabad - Gachibowli,Apartment,1,1,976,10,23,0,1,Furnished,2,8,8,3.2,9,15050000.0
Hyderabad - HITEC City,Independent House,4,4,2727,0,3,1,1,Furnished,2,5,4,9.6,5,37760000.0
Chennai - Adyar,Studio,1,1,411,8,22,2,0,Unfurnished,0,6,8,3.1,7,6100000.0
Mumbai - Thane West,Penthouse,5,5,4466,20,20,11,3,Semi-Furnished,4,7,5,1.9,7,99570000.0
Delhi NCR - Noida Sector 62,Apartment,2,2,956,1,8,8,1,Furnished,1,7,8,0.7,5,8840000.0
Hyderabad - HITEC City,Apartment,2,1,1109,6,9,3,2,Semi-Furnished,1,8,5,10.1,6,14750000.0
Hyderabad - Jubilee Hills,Apartment,1,1,567,1,17,4,1,Semi-Furnished,2,5,8,4.6,4,12480000.0
Delhi NCR - Noida Expressway,Villa,4,3,3098,0,2,4,2,Furnished,2,6,6,0.7,7,46130000.0
Chennai - Anna Nagar,Independent House,3,3,2101,0,1,5,2,Semi-Furnished,2,7,8,4.9,5,39630000.0
Bangalore - Whitefield,Apartment,2,2,1143,12,28,3,0,Semi-Furnished,2,7,5,2.2,7,11550000.0
Hyderabad - Gachibowli,Apartment,3,3,1816,7,20,1,0,Semi-Furnished,1,7,6,0.7,9,24640000.0
Delhi NCR - Noida Expressway,Apartment,3,3,1742,15,17,7,1,Semi-Furnished,2,7,6,0.7,7,19120000.0
Hyderabad - Jubilee Hills,Apartment,3,2,1582,13,21,5,1,Furnished,2,7,8,5.0,9,51690000.0
Hyderabad - HITEC City,Penthouse,4,5,3564,17,18,1,2,Unfurnished,2,8,6,1.5,6,81570000.0
Delhi NCR - Noida Sector 62,Independent House,3,3,2308,0,2,1,1,Unfurnished,3,7,7,0.7,7,24670000.0
Bangalore - Electronic City,Apartment,2,2,1045,4,4,2,1,Unfurnished,1,8,6,5.4,7,7730000.0
Bangalore - Whitefield,Apartment,2,2,1183,3,6,2,1,Furnished,2,7,6,1.0,9,15160000.0
Chennai - Adyar,Apartment,2,2,1178,2,20,3,0,Unfurnished,1,7,7,1.1,5,21940000.0
Chennai - Adyar,Studio,1,1,405,11,13,2,0,Unfurnished,0,7,8,3.9,7,7710000.0
Pune - Kalyani Nagar,Apartment,3,3,1570,7,9,4,1,Unfurnished,1,6,4,3.5,8,20130000.0
Mumbai - Andheri East,Apartment,2,2,1232,20,29,5,1,Furnished,2,5,6,2.9,7,29170000.0
Chennai - OMR IT Corridor,Apartment,2,2,935,2,4,1,0,Semi-Furnished,2,8,6,2.1,1,6710000.0
Chennai - Anna Nagar,Independent House,4,3,2643,0,3,1,3,Unfurnished,3,8,9,1.2,5,56030000.0
Mumbai - Worli Sea Face,Independent House,4,4,2983,0,2,3,3,Semi-Furnished,2,7,6,0.8,7,192990000.0
Bangalore - Whitefield,Independent House,3,3,2346,0,1,19,2,Semi-Furnished,2,6,8,10.8,7,22620000.0
Delhi NCR - Gurgaon Golf Course Rd,Apartment,2,2,1084,15,27,7,0,Unfurnished,0,6,8,0.9,5,28640000.0
Mumbai - Bandra West,Apartment,2,1,1165,4,16,3,2,Semi-Furnished,2,7,9,2.6,6,53890000.0
Bangalore - HSR Layout,Apartment,2,1,1198,16,20,0,2,Semi-Furnished,1,6,5,1.4,7,20800000.0
Hyderabad - HITEC City,Independent House,4,3,2721,0,2,6,3,Semi-Furnished,1,3,7,0.5,7,35010000.0
Mumbai - Worli Sea Face,Apartment,3,3,1564,3,4,4,1,Unfurnished,2,9,10,3.8,7,97890000.0
Bangalore - Indiranagar,Independent House,5,4,3805,0,3,5,2,Furnished,3,7,7,4.5,7,98040000.0
Bangalore - Koramangala,Penthouse,4,5,3022,32,32,17,3,Semi-Furnished,4,4,5,1.9,8,72760000.0
Hyderabad - HITEC City,Penthouse,5,5,4342,24,24,8,2,Semi-Furnished,3,5,6,0.8,5,78370000.0
Hyderabad - Madhapur,Apartment,3,3,1679,4,11,15,0,Unfurnished,2,5,7,4.5,6,14550000.0
Chennai - OMR IT Corridor,Apartment,2,1,1365,16,17,4,1,Semi-Furnished,2,7,8,5.9,9,12660000.0
Pune - Hinjewadi IT Park,Apartment,2,1,1134,9,10,1,1,Unfurnished,1,6,5,3.1,5,8530000.0
Delhi NCR - South Extension,Independent House,3,3,2450,0,2,3,2,Unfurnished,2,8,9,5.0,7,94430000.0
Pune - Wakad,Villa,3,3,1786,0,1,0,1,Furnished,3,7,8,2.0,5,28670000.0
Mumbai - Navi Mumbai Vashi,Apartment,1,1,930,11,19,7,1,Semi-Furnished,3,5,7,0.8,4,11790000.0
Pune - Wakad,Apartment,2,1,944,2,15,3,1,Furnished,2,7,7,15.0,5,8200000.0
Delhi NCR - South Extension,Villa,4,4,3010,0,2,0,2,Semi-Furnished,1,9,4,0.9,6,141490000.0
Chennai - Anna Nagar,Penthouse,4,5,3919,39,40,1,3,Semi-Furnished,3,7,9,2.3,4,119300000.0
Delhi NCR - Gurgaon Golf Course Rd,Apartment,1,1,572,14,15,1,1,Unfurnished,2,7,5,0.7,4,18310000.0
Bangalore - HSR Layout,Apartment,3,3,1501,1,18,0,1,Unfurnished,0,8,7,3.7,6,26100000.0
Bangalore - Whitefield,Apartment,2,2,1013,16,23,4,0,Furnished,2,5,8,8.3,7,10200000.0
Chennai - Anna Nagar,Apartment,2,2,1209,5,7,3,2,Furnished,1,5,5,1.5,5,17710000.0
Bangalore - Electronic City,Penthouse,4,4,3619,19,19,6,3,Semi-Furnished,3,5,6,0.8,9,44720000.0
Mumbai - Thane West,Villa,5,5,3919,0,2,3,2,Semi-Furnished,2,8,4,4.6,5,81220000.0
Mumbai - Navi Mumbai Vashi,Villa,3,3,1597,0,2,6,2,Furnished,3,4,5,3.7,7,28940000.0
Hyderabad - Gachibowli,Apartment,2,1,943,15,18,17,1,Unfurnished,0,5,8,0.8,7,9320000.0
Bangalore - Whitefield,Villa,3,2,2288,0,2,0,1,Unfurnished,4,8,9,1.8,10,44450000.0
Hyderabad - Madhapur,Apartment,1,1,686,12,24,1,1,Semi-Furnished,0,8,6,2.3,7,10370000.0
Bangalore - Electronic City,Apartment,3,3,1649,16,27,1,2,Unfurnished,1,4,6,3.0,6,10330000.0
Delhi NCR - Noida Expressway,Apartment,1,1,910,26,28,7,1,Semi-Furnished,2,7,7,5.1,9,9410000.0
Delhi NCR - Noida Expressway,Apartment,2,1,1084,1,15,11,0,Semi-Furnished,1,6,6,2.4,8,9510000.0
Pune - Koregaon Park,Villa,3,3,2705,0,2,4,1,Semi-Furnished,2,6,7,11.0,6,64380000.0
Delhi NCR - Noida Sector 62,Independent House,4,3,2724,0,2,11,2,Furnished,2,9,8,2.9,8,34320000.0
Bangalore - Whitefield,Apartment,2,2,1123,3,12,4,2,Unfurnished,2,8,6,5.1,3,12160000.0
Pune - Hinjewadi IT Park,Apartment,4,4,1798,2,4,0,0,Semi-Furnished,0,8,5,1.7,5,14400000.0
Bangalore - HSR Layout,Apartment,2,2,1141,6,7,4,1,Semi-Furnished,2,10,6,10.2,9,21340000.0
Hyderabad - HITEC City,Apartment,4,4,2093,8,27,25,1,Semi-Furnished,2,5,6,1.4,5,16240000.0
Bangalore - Indiranagar,Independent House,3,2,2594,0,2,2,1,Furnished,2,8,7,0.9,6,68260000.0
Delhi NCR - Gurgaon Golf Course Rd,Villa,3,3,2255,0,2,5,1,Furnished,2,7,5,3.1,7,99170000.0
Mumbai - Andheri East,Apartment,3,3,1285,6,10,0,0,Semi-Furnished,0,7,4,1.8,9,31860000.0
Bangalore - Koramangala,Apartment,1,1,838,1,5,4,1,Semi-Furnished,1,6,8,0.9,5,17010000.0
Pune - Koregaon Park,Apartment,3,3,1478,18,26,0,1,Semi-Furnished,1,8,6,6.1,8,33200000.0
Mumbai - Worli Sea Face,Villa,4,3,2825,0,2,3,2,Semi-Furnished,3,5,5,7.9,5,165410000.0
Delhi NCR - Gurgaon Cyber City,Apartment,3,3,1454,12,15,1,1,Semi-Furnished,0,7,5,3.1,4,28910000.0
Mumbai - Worli Sea Face,Apartment,2,2,882,2,9,14,0,Semi-Furnished,2,6,8,5.7,10,37240000.0
Pune - Hinjewadi IT Park,Independent House,5,5,3970,0,3,0,2,Semi-Furnished,2,8,7,1.4,5,42680000.0
Delhi NCR - South Extension,Apartment,1,1,1036,2,13,2,1,Unfurnished,2,8,7,2.3,8,32230000.0
Bangalore - Whitefield,Apartment,2,1,1259,9,10,10,0,Semi-Furnished,2,6,7,3.9,5,10230000.0
Bangalore - Indiranagar,Independent House,3,3,2041,0,2,0,2,Semi-Furnished,1,8,8,0.6,10,65050000.0
Mumbai - Bandra West,Independent House,3,3,2208,0,3,11,2,Furnished,2,8,5,1.0,5,110690000.0
Mumbai - Bandra West,Independent House,4,3,3520,0,3,8,2,Semi-Furnished,2,9,5,0.6,7,185960000.0
Hyderabad - Madhapur,Villa,4,3,2379,0,3,3,2,Furnished,1,8,9,2.2,5,51980000.0
Bangalore - Whitefield,Independent House,4,4,2787,0,1,12,1,Semi-Furnished,4,7,7,1.5,3,27490000.0
Mumbai - Navi Mumbai Vashi,Apartment,1,1,877,3,18,9,2,Furnished,0,7,3,0.9,5,12560000.0
Pune - Koregaon Park,Apartment,3,3,1675,9,20,3,0,Semi-Furnished,2,6,6,0.6,4,27820000.0
Delhi NCR - South Extension,Apartment,4,4,2070,3,6,1,0,Semi-Furnished,1,7,6,2.0,4,58050000.0
Mumbai - Navi Mumbai Vashi,Apartment,2,2,1068,2,4,2,1,Semi-Furnished,1,8,5,11.3,5,15520000.0
Mumbai - Thane West,Independent House,3,3,1905,0,2,4,3,Furnished,3,6,8,3.8,9,35530000.0
Bangalore - Indiranagar,Villa,3,3,2309,0,2,2,2,Furnished,2,4,8,4.3,4,62520000.0
Delhi NCR - Noida Sector 62,Studio,1,1,511,17,18,0,0,Semi-Furnished,0,9,5,14.1,9,5160000.0
Hyderabad - Jubilee Hills,Independent House,4,3,3138,0,2,0,1,Furnished,2,5,5,4.4,5,87910000.0
Pune - Wakad,Apartment,2,1,1196,2,11,1,1,Semi-Furnished,1,7,5,1.3,7,10530000.0
Bangalore - Electronic City,Apartment,3,3,1611,7,11,0,1,Semi-Furnished,1,6,5,2.1,5,11060000.0
Delhi NCR - Gurgaon Golf Course Rd,Villa,3,2,2535,0,1,9,2,Semi-Furnished,2,7,5,5.0,4,94880000.0
Delhi NCR - South Extension,Apartment,2,2,1374,8,19,13,1,Semi-Furnished,2,5,6,0.3,5,29000000.0
Delhi NCR - Noida Sector 62,Independent House,4,4,3173,0,2,0,2,Unfurnished,2,8,8,10.0,5,34940000.0
Hyderabad - Madhapur,Villa,3,3,1979,0,3,1,1,Furnished,4,9,6,0.8,5,43290000.0
Pune - Koregaon Park,Independent House,4,3,2632,0,3,17,3,Furnished,3,7,8,10.3,6,48330000.0
Mumbai - Bandra West,Villa,3,3,1935,0,2,1,3,Furnished,3,8,5,0.8,3,130090000.0
Delhi NCR - Gurgaon Cyber City,Apartment,3,3,1473,11,15,10,1,Furnished,2,8,8,1.1,4,34170000.0
Hyderabad - Madhapur,Villa,4,4,2908,0,2,6,1,Furnished,4,6,7,4.2,4,50560000.0
Hyderabad - Gachibowli,Villa,3,3,2516,0,2,7,2,Semi-Furnished,2,6,6,2.5,9,41570000.0
Hyderabad - Gachibowli,Apartment,2,1,1384,9,17,5,1,Semi-Furnished,1,7,8,1.8,7,17950000.0
Delhi NCR - Gurgaon Cyber City,Independent House,4,4,2435,0,1,35,2,Semi-Furnished,3,6,6,0.8,8,44810000.0
Mumbai - Andheri East,Apartment,2,2,1146,4,13,6,0,Semi-Furnished,1,9,7,0.5,5,31940000.0
Mumbai - Thane West,Studio,1,1,559,10,21,2,0,Semi-Furnished,1,8,6,1.2,6,7480000.0
Bangalore - Indiranagar,Apartment,1,1,852,19,26,18,1,Semi-Furnished,2,7,9,7.9,9,16450000.0
Chennai - Adyar,Apartment,2,2,876,17,22,19,1,Furnished,2,7,5,5.3,5,14880000.0
Hyderabad - Madhapur,Apartment,2,2,1157,6,10,5,0,Semi-Furnished,2,5,8,5.0,8,13730000.0
Mumbai - Navi Mumbai Vashi,Independent House,5,5,3455,0,1,4,2,Furnished,3,6,6,0.5,7,65140000.0
Chennai - OMR IT Corridor,Apartment,1,1,619,7,8,1,0,Furnished,2,6,8,5.5,5,4990000.0
Mumbai - Worli Sea Face,Apartment,1,1,679,6,12,7,0,Semi-Furnished,2,5,6,0.9,6,28670000.0
Mumbai - Bandra West,Apartment,2,2,1040,18,29,4,1,Unfurnished,0,8,7,7.2,5,45570000.0
Mumbai - Thane West,Penthouse,3,4,2626,36,36,1,2,Semi-Furnished,3,6,5,0.5,4,56550000.0
Chennai - OMR IT Corridor,Apartment,3,3,1506,2,5,7,2,Furnished,0,8,7,10.9,4,12260000.0
Hyderabad - HITEC City,Apartment,2,2,1310,9,9,2,1,Unfurnished,0,6,5,2.7,7,14900000.0
Mumbai - Andheri East,Villa,4,4,3086,0,2,6,1,Semi-Furnished,2,7,8,0.4,5,113970000.0
Chennai - Adyar,Apartment,3,2,1349,11,21,1,2,Semi-Furnished,2,6,5,0.4,1,23170000.0
Mumbai - Navi Mumbai Vashi,Penthouse,3,4,3036,42,43,2,3,Unfurnished,2,8,6,3.7,5,79010000.0
Mumbai - Worli Sea Face,Apartment,3,3,1442,9,11,12,2,Semi-Furnished,1,8,8,5.4,9,72750000.0
Bangalore - Electronic City,Independent House,3,2,2567,0,2,1,1,Furnished,2,7,7,0.4,7,27050000.0
Hyderabad - HITEC City,Apartment,4,4,1863,10,12,4,2,Semi-Furnished,0,6,8,1.1,7,24970000.0
Bangalore - Indiranagar,Apartment,3,3,1643,10,17,1,0,Semi-Furnished,0,7,5,2.4,6,30420000.0
Pune - Hinjewadi IT Park,Independent House,4,3,2901,0,3,7,2,Semi-Furnished,2,8,7,4.0,6,30370000.0
Bangalore - Indiranagar,Independent House,3,3,2045,0,2,9,1,Semi-Furnished,2,6,5,0.5,9,44740000.0
Pune - Wakad,Villa,4,3,2934,0,2,9,1,Unfurnished,2,8,6,2.3,6,34820000.0
Delhi NCR - Gurgaon Golf Course Rd,Apartment,3,3,1677,1,13,0,2,Unfurnished,2,6,5,6.3,5,45030000.0
Chennai - OMR IT Corridor,Apartment,3,2,1415,23,28,4,1,Unfurnished,1,5,7,0.6,5,10360000.0
Delhi NCR - South Extension,Apartment,2,2,777,5,18,5,2,Unfurnished,2,7,7,0.7,7,24260000.0
Mumbai - Andheri East,Studio,1,1,431,17,21,2,0,Unfurnished,0,6,8,3.5,4,8720000.0
Delhi NCR - Noida Expressway,Apartment,3,2,1385,10,15,1,0,Furnished,3,4,6,1.5,7,12330000.0
Delhi NCR - Gurgaon Golf Course Rd,Apartment,3,3,1528,12,21,5,0,Furnished,1,7,6,1.1,9,53140000.0
Delhi NCR - Gurgaon Golf Course Rd,Apartment,2,1,1098,6,7,4,0,Semi-Furnished,2,6,6,2.4,5,28060000.0
Bangalore - Electronic City,Apartment,1,1,851,27,29,2,1,Unfurnished,1,6,8,2.1,6,6940000.0
Hyderabad - Gachibowli,Apartment,2,2,1223,14,23,9,1,Semi-Furnished,3,8,9,3.2,7,17730000.0
Chennai - Anna Nagar,Penthouse,3,4,2998,21,21,3,3,Semi-Furnished,4,7,7,9.1,5,86280000.0
Mumbai - Andheri East,Apartment,2,1,992,4,26,7,1,Furnished,2,7,7,1.3,2,22560000.0
Hyderabad - Jubilee Hills,Penthouse,4,5,3483,15,15,2,3,Furnished,3,7,6,5.5,6,176420000.0
Mumbai - Worli Sea Face,Apartment,2,1,1127,4,18,3,0,Semi-Furnished,2,6,6,1.4,5,50940000.0
Delhi NCR - Gurgaon Golf Course Rd,Independent House,5,5,3804,0,2,4,2,Furnished,2,6,6,4.0,6,142060000.0
Chennai - Adyar,Penthouse,3,3,2983,17,17,13,2,Semi-Furnished,4,8,5,6.9,4,87030000.0
Pune - Koregaon Park,Apartment,1,1,936,5,24,3,0,Furnished,1,6,8,5.7,10,18360000.0
Hyderabad - Gachibowli,Studio,1,1,558,7,10,0,1,Semi-Furnished,0,8,6,4.9,6,6780000.0
Chennai - Anna Nagar,Apartment,1,1,803,4,6,4,1,Semi-Furnished,2,6,5,1.1,7,11390000.0
Chennai - Adyar,Studio,1,1,598,2,12,4,0,Semi-Furnished,0,8,7,1.2,4,11360000.0
Mumbai - Bandra West,Independent House,4,3,3363,0,2,13,1,Semi-Furnished,2,7,9,0.4,9,200720000.0
Hyderabad - Gachibowli,Apartment,1,1,745,1,18,3,1,Furnished,1,9,7,2.0,7,11770000.0
Mumbai - Worli Sea Face,Apartment,2,2,1277,11,13,1,2,Unfurnished,1,9,7,3.3,6,74470000.0
Hyderabad - HITEC City,Apartment,2,1,864,6,23,5,1,Semi-Furnished,2,6,7,6.5,5,9730000.0
Mumbai - Andheri East,Apartment,2,2,1016,12,16,0,1,Semi-Furnished,2,6,7,0.9,5,26090000.0
Bangalore - Electronic City,Apartment,3,3,1753,2,5,2,1,Semi-Furnished,3,7,3,1.6,4,11450000.0
Pune - Wakad,Apartment,1,1,574,6,16,2,2,Furnished,2,6,5,4.7,7,5220000.0
Delhi NCR - Noida Expressway,Apartment,2,2,1356,7,16,4,0,Unfurnished,1,8,6,2.7,5,13800000.0
Pune - Hinjewadi IT Park,Villa,3,3,2609,0,2,4,1,Semi-Furnished,3,6,8,1.3,4,31150000.0
Chennai - Adyar,Apartment,2,2,1221,28,28,7,2,Semi-Furnished,2,8,4,0.4,8,25130000.0
Delhi NCR - South Extension,Apartment,3,3,1464,2,15,6,2,Furnished,2,7,5,1.3,6,40760000.0
Chennai - OMR IT Corridor,Independent House,4,3,2488,0,1,0,2,Unfurnished,1,5,6,1.9,6,20970000.0
Hyderabad - Madhapur,Apartment,1,1,942,19,22,0,1,Semi-Furnished,1,5,4,5.4,7,11310000.0
Pune - Koregaon Park,Apartment,4,4,2074,16,16,2,0,Furnished,2,7,9,4.1,5,38900000.0
Hyderabad - Jubilee Hills,Apartment,1,1,1026,27,28,14,0,Semi-Furnished,2,4,6,2.4,6,20300000.0
Pune - Kalyani Nagar,Penthouse,3,3,2697,30,30,26,3,Unfurnished,3,6,9,0.8,6,50400000.0
Mumbai - Navi Mumbai Vashi,Villa,5,5,3799,0,2,8,1,Semi-Furnished,3,7,7,15.0,6,79860000.0
Delhi NCR - Gurgaon Golf Course Rd,Apartment,3,3,2025,2,17,6,1,Semi-Furnished,1,5,7,5.7,4,48900000.0
Delhi NCR - South Extension,Independent House,4,4,3058,0,1,0,1,Semi-Furnished,3,7,6,0.6,9,113290000.0
Delhi NCR - Noida Expressway,Apartment,2,2,1231,5,13,3,2,Semi-Furnished,2,7,4,2.5,5,12240000.0
Mumbai - Worli Sea Face,Independent House,3,2,2414,0,2,0,1,Semi-Furnished,4,7,7,4.2,9,158000000.0
Mumbai - Bandra West,Independent House,3,2,2339,0,2,1,1,Furnished,2,7,6,3.3,8,140020000.0
Hyderabad - HITEC City,Independent House,4,3,3210,0,1,0,1,Semi-Furnished,2,7,6,1.8,6,54440000.0
Pune - Koregaon Park,Apartment,3,3,1475,1,5,2,1,Unfurnished,1,8,7,1.8,8,30250000.0
Mumbai - Andheri East,Apartment,2,2,1254,14,22,5,2,Semi-Furnished,3,7,5,14.2,8,30320000.0
Mumbai - Andheri East,Apartment,3,2,1277,8,26,2,1,Semi-Furnished,2,7,7,3.3,7,32200000.0
Mumbai - Worli Sea Face,Penthouse,3,3,2534,18,19,9,2,Semi-Furnished,3,6,6,6.9,4,171160000.0
Bangalore - Whitefield,Apartment,3,3,1544,10,16,1,2,Semi-Furnished,2,7,6,0.6,2,15040000.0
Chennai - Anna Nagar,Villa,3,3,2466,0,3,22,1,Unfurnished,2,4,8,8.2,7,35330000.0
Delhi NCR - Noida Expressway,Studio,1,1,383,11,19,5,0,Semi-Furnished,0,8,7,10.1,6,3370000.0
Bangalore - Koramangala,Apartment,1,1,814,16,25,4,1,Furnished,2,5,9,0.7,6,18820000.0
Bangalore - Indiranagar,Independent House,4,3,2971,0,1,7,2,Unfurnished,2,8,4,0.8,6,74000000.0
Bangalore - Electronic City,Independent House,3,3,2771,0,2,12,2,Semi-Furnished,2,6,7,2.3,7,21920000.0
Hyderabad - HITEC City,Studio,1,1,439,3,5,2,0,Unfurnished,1,9,6,4.5,7,5220000.0
Mumbai - Bandra West,Studio,1,1,372,1,7,5,0,Semi-Furnished,0,7,7,5.2,10,14390000.0
Bangalore - Whitefield,Independent House,4,4,2991,0,2,4,3,Unfurnished,3,9,7,8.3,7,42420000.0
Hyderabad - Madhapur,Apartment,2,2,1288,15,29,5,0,Furnished,1,10,6,2.1,4,21110000.0
Hyderabad - Madhapur,Villa,3,2,2590,0,3,7,1,Semi-Furnished,1,5,6,4.5,3,35570000.0
Mumbai - Worli Sea Face,Apartment,1,1,1058,5,18,5,0,Unfurnished,0,5,8,1.0,7,46640000.0
Mumbai - Thane West,Villa,4,3,3181,0,2,2,3,Furnished,2,7,5,5.8,5,68010000.0
Chennai - Adyar,Penthouse,3,4,2898,43,43,1,3,Furnished,4,5,6,1.5,6,97070000.0
Chennai - OMR IT Corridor,Apartment,2,1,1125,16,23,1,2,Unfurnished,1,8,9,1.5,8,11110000.0
Delhi NCR - Noida Expressway,Independent House,4,4,2806,0,2,7,2,Unfurnished,2,6,7,3.7,1,25710000.0
Bangalore - Indiranagar,Apartment,4,4,2260,6,25,12,1,Furnished,1,9,5,3.8,5,46490000.0
Delhi NCR - Noida Expressway,Apartment,3,3,1571,20,23,0,1,Unfurnished,2,7,6,1.1,9,17910000.0
Hyderabad - Gachibowli,Apartment,2,1,1274,3,7,3,1,Semi-Furnished,1,8,8,0.4,6,16740000.0
Mumbai - Worli Sea Face,Villa,3,3,2450,0,2,0,2,Semi-Furnished,3,6,7,3.2,8,177940000.0
Chennai - OMR IT Corridor,Penthouse,6,7,4529,20,20,11,2,Unfurnished,4,5,6,1.8,7,47060000.0
Hyderabad - Gachibowli,Studio,1,1,432,4,5,0,0,Semi-Furnished,0,7,8,1.3,3,4990000.0
Hyderabad - Gachibowli,Apartment,2,1,1036,5,6,0,2,Furnished,1,6,6,4.7,8,13920000.0
Delhi NCR - Noida Sector 62,Penthouse,4,4,4100,18,18,6,3,Furnished,3,8,6,4.9,8,75870000.0
Hyderabad - HITEC City,Independent House,3,3,1921,0,2,10,2,Semi-Furnished,2,7,5,2.4,6,25910000.0
Delhi NCR - Noida Sector 62,Apartment,1,1,491,17,22,0,0,Semi-Furnished,1,5,5,2.1,6,4060000.0
Mumbai - Thane West,Apartment,1,1,507,10,14,0,1,Unfurnished,1,8,5,2.4,7,7580000.0
Delhi NCR - Gurgaon Golf Course Rd,Apartment,4,4,2012,9,15,5,2,Unfurnished,0,9,6,1.2,7,70950000.0
Pune - Kalyani Nagar,Penthouse,5,6,4488,39,39,10,4,Semi-Furnished,3,8,5,6.4,7,117180000.0
Bangalore - Koramangala,Independent House,3,3,3100,0,1,0,2,Unfurnished,1,6,10,9.2,5,78030000.0
Bangalore - Electronic City,Independent House,3,2,2745,0,2,0,1,Furnished,3,8,6,0.9,5,29660000.0
Mumbai - Worli Sea Face,Apartment,4,3,2167,7,12,1,0,Furnished,1,8,9,6.9,5,123240000.0
Delhi NCR - Gurgaon Cyber City,Independent House,3,3,2121,0,3,1,2,Unfurnished,3,7,5,1.0,5,49310000.0
Delhi NCR - Noida Expressway,Apartment,2,2,1191,3,4,2,2,Furnished,2,6,7,3.4,6,14020000.0
Pune - Hinjewadi IT Park,Apartment,1,1,779,1,12,3,1,Furnished,2,5,5,5.1,5,5310000.0
Pune - Wakad,Independent House,4,4,3352,0,2,16,3,Semi-Furnished,2,7,6,1.5,7,30260000.0
Mumbai - Bandra West,Apartment,2,2,1229,11,11,3,1,Semi-Furnished,1,5,7,0.6,6,47010000.0
Bangalore - Indiranagar,Villa,5,5,3550,0,1,8,2,Unfurnished,4,7,6,2.4,4,88430000.0
Hyderabad - Madhapur,Apartment,1,1,743,7,29,10,1,Furnished,2,6,6,1.8,6,8620000.0
Mumbai - Andheri East,Independent House,4,3,2509,0,2,6,2,Furnished,2,5,8,6.3,5,61220000.0
Chennai - Anna Nagar,Apartment,2,2,1374,16,20,7,1,Semi-Furnished,2,6,7,1.7,4,20610000.0
Delhi NCR - Noida Sector 62,Independent House,4,4,2902,0,3,2,2,Semi-Furnished,3,5,6,0.9,6,26710000.0
Bangalore - Indiranagar,Apartment,4,4,2054,6,26,2,2,Semi-Furnished,3,7,4,8.1,4,35780000.0
Delhi NCR - Noida Sector 62,Apartment,1,1,748,5,5,30,0,Semi-Furnished,2,3,7,5.2,7,3890000.0
Mumbai - Thane West,Penthouse,4,5,3567,35,35,10,3,Unfurnished,3,8,7,4.4,6,81160000.0
Hyderabad - Gachibowli,Apartment,1,1,569,12,17,16,1,Unfurnished,2,8,5,4.9,5,5960000.0
Bangalore - Whitefield,Villa,5,5,3545,0,2,3,1,Furnished,2,7,7,2.3,8,62750000.0
Mumbai - Worli Sea Face,Studio,1,1,563,3,7,1,0,Semi-Furnished,0,6,8,3.5,5,25720000.0
Pune - Wakad,Apartment,2,2,1046,13,18,0,1,Semi-Furnished,2,5,7,2.4,9,10040000.0
Delhi NCR - Noida Sector 62,Apartment,3,3,1630,6,23,0,1,Unfurnished,2,7,7,1.6,10,17300000.0
Hyderabad - HITEC City,Independent House,4,4,2732,0,3,5,3,Unfurnished,2,7,6,0.9,10,46660000.0
Pune - Kalyani Nagar,Studio,1,1,547,6,9,2,1,Furnished,1,10,8,3.4,4,8810000.0
Chennai - OMR IT Corridor,Penthouse,4,4,3254,21,21,7,3,Semi-Furnished,4,6,5,5.8,5,35280000.0
Bangalore - Whitefield,Apartment,2,2,1126,8,17,26,1,Semi-Furnished,1,6,5,4.0,9,7660000.0
Chennai - Anna Nagar,Villa,5,5,3136,0,2,2,2,Furnished,3,7,6,2.6,5,77790000.0
Delhi NCR - Noida Sector 62,Apartment,4,4,1712,6,10,7,0,Furnished,1,6,5,0.8,8,15200000.0
Chennai - Adyar,Studio,1,1,514,4,5,6,0,Semi-Furnished,1,9,7,1.4,6,9350000.0
Bangalore - Indiranagar,Studio,1,1,525,1,15,5,0,Semi-Furnished,0,7,9,2.2,7,10200000.0
Hyderabad - Madhapur,Apartment,3,3,1673,2,28,0,0,Furnished,2,7,7,0.6,9,25910000.0
Hyderabad - Jubilee Hills,Apartment,2,2,1394,25,27,2,1,Semi-Furnished,3,7,8,3.5,8,41030000.0
Pune - Koregaon Park,Apartment,3,2,1852,11,25,8,1,Furnished,2,8,10,4.2,7,40510000.0
Chennai - OMR IT Corridor,Apartment,2,1,891,12,28,1,0,Semi-Furnished,1,8,5,7.6,5,6640000.0
Pune - Wakad,Villa,3,3,2077,0,3,2,3,Semi-Furnished,4,7,8,0.5,10,35700000.0
Delhi NCR - Noida Sector 62,Apartment,2,2,1004,3,5,9,2,Furnished,1,5,5,2.9,7,8280000.0
Pune - Wakad,Apartment,4,3,2236,6,8,1,1,Semi-Furnished,1,6,6,1.6,9,20510000.0
Mumbai - Worli Sea Face,Apartment,1,1,779,9,11,0,1,Furnished,3,9,5,1.5,6,44530000.0
Bangalore - HSR Layout,Studio,1,1,473,7,18,6,0,Semi-Furnished,1,7,5,1.8,6,6270000.0
Pune - Wakad,Independent House,4,4,2956,0,1,9,2,Furnished,2,6,6,0.9,6,28570000.0
Bangalore - Electronic City,Apartment,2,2,1019,12,13,7,1,Semi-Furnished,2,6,5,3.5,7,7590000.0
Hyderabad - HITEC City,Apartment,2,2,1171,6,29,3,1,Furnished,1,7,9,9.9,5,17080000.0
Delhi NCR - Gurgaon Cyber City,Studio,1,1,320,4,9,2,1,Semi-Furnished,1,5,8,3.7,7,4920000.0
Bangalore - Koramangala,Villa,3,3,2299,0,2,4,1,Semi-Furnished,2,7,8,5.3,8,75370000.0
Delhi NCR - Noida Sector 62,Apartment,1,1,508,13,27,35,0,Furnished,3,7,6,4.5,8,3880000.0
Bangalore - Electronic City,Apartment,3,3,1563,1,6,8,1,Semi-Furnished,2,9,5,0.8,3,10980000.0
Hyderabad - Madhapur,Apartment,2,2,1115,3,19,4,1,Furnished,2,7,8,3.9,7,17080000.0
Chennai - OMR IT Corridor,Apartment,2,1,1091,6,23,5,1,Semi-Furnished,2,6,7,5.1,6,7760000.0
Pune - Wakad,Independent House,3,3,1812,0,2,5,1,Furnished,3,7,6,6.8,4,19730000.0
