City,Locality,Property_Type,BHK,Bathrooms,Area_SqFt,Floor_No,Total_Floors,Property_Age,Furnishing_Status,Parking_Spaces,Gated_Community,Metro_Distance_KM,Amenities_Score,Price_per_SqFt,Price_INR_Lakhs
Bangalore,Hebbal,Apartment,3,2,1746,9,11,3,Semi-Furnished,2,Yes,6.9,6,13382.02,233.65
Ahmedabad,Bodakdev,Villa,4,3,2884,0,2,2,Semi-Furnished,1,Yes,9.4,8,13393.2,386.26
Hyderabad,HITEC City,Villa,4,3,3121,0,3,1,Furnished,3,Yes,4.2,6,17687.28,552.02
Delhi NCR,Noida Expressway,Apartment,2,2,1183,11,14,6,Unfurnished,1,Yes,2.9,6,8863.06,104.85
Mumbai,Andheri East,Apartment,3,3,1688,12,14,4,Semi-Furnished,0,Yes,7.0,10,28206.75,476.13
Mumbai,Worli,Apartment,3,3,1764,2,9,1,Semi-Furnished,1,Yes,3.5,8,45757.37,807.16
Mumbai,Navi Mumbai (Vashi),Apartment,2,1,1395,2,21,0,Semi-Furnished,0,Yes,3.7,4,16098.21,224.57
Chennai,Boat Club Road,Apartment,1,1,696,11,28,5,Furnished,1,Yes,10.0,4,31442.53,218.84
Pune,Kalyani Nagar,Independent House,3,2,2262,0,2,6,Semi-Furnished,1,Yes,13.9,8,17446.51,394.64
Pune,Wakad,Apartment,2,2,1026,22,23,0,Furnished,1,Yes,0.9,7,11128.65,114.18
Mumbai,Andheri East,Apartment,4,4,1951,1,7,0,Unfurnished,0,Yes,2.6,9,27998.46,546.25
Ahmedabad,SG Highway,Apartment,2,2,1130,21,29,0,Semi-Furnished,1,Yes,1.7,8,8850.44,100.01
Chennai,Boat Club Road,Independent House,3,3,2205,0,2,14,Semi-Furnished,2,Yes,2.7,8,26892.06,592.97
Mumbai,Navi Mumbai (Vashi),Apartment,3,3,1230,24,27,5,Furnished,1,No,2.0,7,16723.58,205.7
Mumbai,Juhu,Independent House,4,4,3363,0,2,8,Semi-Furnished,2,No,0.4,5,51947.07,1746.98
Mumbai,Thane West,Apartment,2,1,1318,10,16,0,Semi-Furnished,1,No,1.1,8,13789.07,181.74
Bangalore,Koramangala,Penthouse,6,7,4864,18,18,0,Semi-Furnished,2,Yes,1.3,5,26082.85,1268.67
Delhi NCR,Gurgaon Golf Course Rd,Penthouse,4,5,3316,26,26,0,Semi-Furnished,3,Yes,9.0,6,43729.19,1450.06
Delhi NCR,Noida Expressway,Apartment,2,1,1354,4,10,0,Semi-Furnished,1,Yes,0.5,7,11488.92,155.56
Bangalore,Indiranagar,Apartment,1,1,744,13,24,1,Unfurnished,1,Yes,1.2,7,23543.01,175.16
Pune,Koregaon Park,Apartment,4,3,2252,12,23,7,Semi-Furnished,0,Yes,0.8,8,18922.74,426.14
Mumbai,Bandra West,Apartment,4,4,1859,3,4,2,Unfurnished,1,Yes,0.9,7,49742.87,924.72
Bangalore,Hebbal,Independent House,5,5,3464,0,2,2,Unfurnished,3,Yes,0.9,8,13683.03,473.98
Bangalore,Koramangala,Villa,4,4,2047,0,1,1,Semi-Furnished,2,Yes,5.8,7,27744.5,567.93
Delhi NCR,Gurgaon Golf Course Rd,Independent House,4,4,2780,0,2,2,Furnished,1,Yes,5.9,8,39281.65,1092.03
Hyderabad,Madhapur,Villa,3,3,1819,0,2,1,Semi-Furnished,3,Yes,5.7,7,18263.33,332.21
Mumbai,Juhu,Apartment,2,2,1245,3,5,1,Unfurnished,1,Yes,1.9,9,53546.99,666.66
Delhi NCR,Gurgaon Golf Course Rd,Apartment,1,1,729,25,25,1,Furnished,1,Yes,0.7,8,34709.19,253.03
Delhi NCR,Gurgaon Cyber City,Independent House,4,3,3044,0,2,2,Semi-Furnished,3,Yes,0.4,8,22259.86,677.59
Mumbai,Thane West,Apartment,4,4,1826,20,29,11,Unfurnished,1,Yes,2.0,8,12378.42,226.03
Pune,Kalyani Nagar,Independent House,4,4,2913,0,3,14,Semi-Furnished,2,Yes,4.7,8,15592.17,454.2
Mumbai,Thane West,Apartment,2,2,1142,1,26,1,Semi-Furnished,1,Yes,3.2,7,11612.96,132.62
Mumbai,Thane West,Apartment,1,1,450,2,15,9,Furnished,0,Yes,2.3,8,15042.22,67.69
Kolkata,Alipore,Studio,1,1,379,1,9,3,Furnished,0,Yes,0.8,7,22192.61,84.11
Ahmedabad,Bopal,Apartment,3,3,1305,12,18,1,Semi-Furnished,1,Yes,6.4,7,6842.15,89.29
Hyderabad,Jubilee Hills,Studio,1,1,385,3,4,1,Furnished,0,No,0.3,7,24857.14,95.7
Bangalore,Electronic City,Studio,1,1,480,6,7,10,Furnished,1,Yes,4.1,8,7460.42,35.81
Mumbai,Navi Mumbai (Vashi),Villa,4,4,2418,0,2,9,Unfurnished,1,Yes,1.6,7,19179.07,463.75
Pune,Baner,Independent House,3,3,2042,0,3,6,Semi-Furnished,1,Yes,0.5,6,11891.28,242.82
Delhi NCR,Gurgaon Golf Course Rd,Apartment,2,2,1129,4,5,3,Unfurnished,1,No,4.4,8,24542.96,277.09
Mumbai,Juhu,Penthouse,3,4,2389,32,32,0,Unfurnished,2,Yes,1.1,3,83761.83,2001.07
Delhi NCR,South Extension,Apartment,2,2,1048,21,21,0,Furnished,1,Yes,1.6,7,39959.92,418.78
Mumbai,Thane West,Apartment,2,1,908,10,12,2,Furnished,1,Yes,5.0,7,14262.11,129.5
Kolkata,New Town,Independent House,3,3,2115,0,1,4,Semi-Furnished,1,Yes,5.2,8,8873.29,187.67
Bangalore,HSR Layout,Apartment,1,1,795,10,25,10,Semi-Furnished,1,Yes,1.0,9,14047.8,111.68
Pune,Wakad,Apartment,3,3,1664,5,25,5,Furnished,0,No,1.2,6,10467.55,174.18
Bangalore,Electronic City,Apartment,2,2,1107,19,24,7,Semi-Furnished,2,Yes,1.1,6,7130.98,78.94
Delhi NCR,Noida Expressway,Apartment,3,3,1569,13,13,3,Furnished,1,Yes,4.0,6,10674.95,167.49
Delhi NCR,Vasant Kunj,Villa,4,4,3367,0,1,4,Unfurnished,2,Yes,0.6,6,28903.77,973.19
Mumbai,Navi Mumbai (Vashi),Apartment,2,1,1140,21,23,6,Furnished,1,Yes,1.0,5,16960.53,193.35
Ahmedabad,SG Highway,Penthouse,4,4,3277,27,27,3,Furnished,2,Yes,3.5,5,14010.38,459.12
Hyderabad,Madhapur,Independent House,3,3,2284,0,2,1,Furnished,1,Yes,1.0,5,17777.15,406.03
Kolkata,Ballygunge,Villa,3,3,2007,0,2,0,Unfurnished,2,Yes,1.1,9,23545.09,472.55
Chennai,Velachery,Apartment,3,3,1240,10,20,4,Semi-Furnished,1,Yes,5.3,3,8910.48,110.49
Delhi NCR,Gurgaon Cyber City,Villa,4,4,3000,0,1,2,Unfurnished,2,Yes,6.7,7,24713.33,741.4
Kolkata,Salt Lake Sector V,Apartment,2,2,985,10,31,6,Semi-Furnished,1,Yes,4.8,5,10014.21,98.64
Mumbai,Worli,Villa,3,3,2018,0,1,6,Semi-Furnished,2,Yes,2.7,5,67368.68,1359.5
Mumbai,Navi Mumbai (Vashi),Apartment,2,1,957,17,25,3,Furnished,0,Yes,0.4,4,18939.39,181.25
Mumbai,Bandra West,Penthouse,4,4,3578,28,28,5,Semi-Furnished,3,Yes,7.8,9,79718.0,2852.31
Bangalore,Electronic City,Studio,1,1,515,6,9,11,Semi-Furnished,0,Yes,3.8,6,6056.31,31.19
Bangalore,Hebbal,Apartment,1,1,649,5,6,2,Semi-Furnished,2,Yes,1.3,6,13362.1,86.72
Bangalore,Electronic City,Apartment,3,3,1622,19,23,1,Furnished,2,Yes,2.7,9,7101.73,115.19
Chennai,Velachery,Villa,4,3,2478,0,2,0,Unfurnished,1,Yes,0.3,7,12787.33,316.87
Bangalore,Electronic City,Apartment,2,2,1095,1,9,3,Furnished,1,Yes,1.1,8,7849.32,85.95
Bangalore,Whitefield,Penthouse,4,4,4030,30,30,0,Unfurnished,3,Yes,0.6,8,14340.45,577.92
Delhi NCR,South Extension,Apartment,2,1,1211,5,20,20,Furnished,0,No,1.6,4,18276.63,221.33
Mumbai,Bandra West,Apartment,2,2,962,7,7,0,Semi-Furnished,2,Yes,2.3,4,47794.18,459.78
Hyderabad,Gachibowli,Studio,1,1,447,10,22,17,Semi-Furnished,1,Yes,8.2,7,10049.22,44.92
Mumbai,Thane West,Independent House,4,4,2581,0,2,2,Semi-Furnished,2,Yes,0.6,3,18435.49,475.82
Ahmedabad,SG Highway,Villa,3,3,2220,0,2,2,Semi-Furnished,2,Yes,3.0,7,11365.77,252.32
Hyderabad,HITEC City,Apartment,3,3,1454,1,24,1,Semi-Furnished,1,No,5.3,7,11167.13,162.37
Mumbai,Juhu,Independent House,5,4,3311,0,2,4,Semi-Furnished,1,Yes,2.0,9,59985.5,1986.12
Mumbai,Andheri East,Apartment,1,1,812,5,13,0,Semi-Furnished,1,No,4.5,9,25342.36,205.78
Hyderabad,Gachibowli,Independent House,4,4,2139,0,1,1,Semi-Furnished,3,Yes,1.7,8,15109.4,323.19
Pune,Hinjewadi,Independent House,4,4,2922,0,2,1,Unfurnished,1,Yes,0.5,9,8058.52,235.47
Hyderabad,Madhapur,Apartment,3,3,1710,15,15,5,Furnished,1,Yes,2.6,4,14501.17,247.97
Hyderabad,Madhapur,Apartment,2,1,937,10,20,3,Semi-Furnished,1,Yes,0.7,7,12057.63,112.98
Mumbai,Navi Mumbai (Vashi),Apartment,2,1,1323,4,24,1,Semi-Furnished,1,Yes,6.6,5,16234.32,214.78
Bangalore,Indiranagar,Villa,3,2,2339,0,2,8,Semi-Furnished,2,Yes,2.7,10,27578.02,645.05
Mumbai,Andheri East,Apartment,4,4,2062,6,7,5,Semi-Furnished,2,Yes,1.6,7,22108.15,455.87
Chennai,Velachery,Independent House,4,3,2885,0,1,1,Furnished,1,Yes,1.7,5,12665.51,365.4
Pune,Koregaon Park,Apartment,2,2,1239,1,21,18,Furnished,1,Yes,6.4,4,13703.79,169.79
Bangalore,Indiranagar,Independent House,3,3,2236,0,3,4,Furnished,3,Yes,1.1,7,25837.21,577.72
Mumbai,Andheri East,Villa,4,3,2967,0,1,4,Furnished,2,No,6.5,9,33293.56,987.82
Bangalore,Electronic City,Apartment,2,2,1264,4,21,1,Semi-Furnished,2,Yes,1.4,5,7618.67,96.3
Bangalore,Koramangala,Apartment,2,1,1403,14,30,5,Semi-Furnished,2,Yes,1.4,4,18802.57,263.8
Hyderabad,Madhapur,Apartment,3,3,1515,8,16,2,Unfurnished,0,No,3.9,9,12046.2,182.5
Pune,Koregaon Park,Independent House,4,4,2422,0,3,3,Semi-Furnished,1,Yes,2.5,6,22099.09,535.24
Chennai,Velachery,Villa,4,4,2890,0,3,12,Furnished,2,Yes,0.8,2,10777.16,311.46
Delhi NCR,Gurgaon Cyber City,Apartment,2,1,1283,7,8,2,Unfurnished,1,Yes,1.8,5,17166.02,220.24
Mumbai,Thane West,Independent House,3,2,1956,0,2,6,Unfurnished,2,No,0.4,5,13460.63,263.29
Pune,Wakad,Apartment,2,1,1458,4,18,7,Semi-Furnished,1,Yes,4.4,7,7019.2,102.34
Hyderabad,Banjara Hills,Apartment,3,3,1580,11,26,7,Semi-Furnished,1,Yes,2.8,5,21051.27,332.61
Delhi NCR,Noida Sector 62,Penthouse,6,7,4844,25,25,9,Unfurnished,3,Yes,0.5,6,12187.45,590.36
Hyderabad,Gachibowli,Apartment,3,3,1521,3,20,4,Semi-Furnished,1,Yes,2.0,6,11312.95,172.07
Delhi NCR,South Extension,Apartment,3,3,1526,27,29,13,Unfurnished,1,Yes,1.2,6,25952.82,396.04
Delhi NCR,South Extension,Apartment,4,3,2145,10,13,2,Furnished,0,Yes,1.0,7,31607.46,677.98
Delhi NCR,Gurgaon Cyber City,Apartment,2,2,1086,11,12,1,Furnished,2,Yes,3.1,8,24128.91,262.04
Mumbai,Navi Mumbai (Vashi),Apartment,3,3,1502,8,11,10,Semi-Furnished,1,No,0.8,4,12094.54,181.66
Mumbai,Juhu,Apartment,2,1,1071,8,12,13,Semi-Furnished,2,Yes,6.1,5,46420.17,497.16
Mumbai,Navi Mumbai (Vashi),Independent House,4,3,2792,0,2,2,Unfurnished,3,No,2.2,5,14627.15,408.39
Pune,Baner,Apartment,2,1,962,25,28,9,Unfurnished,1,Yes,2.2,9,13773.39,132.5
Bangalore,Koramangala,Apartment,2,1,1282,2,4,0,Semi-Furnished,1,Yes,3.2,9,23453.2,300.67
Delhi NCR,Gurgaon Cyber City,Apartment,2,2,850,6,6,1,Furnished,1,Yes,5.3,7,24109.41,204.93
Kolkata,Alipore,Apartment,3,2,1523,6,12,20,Unfurnished,1,Yes,1.2,7,19761.65,300.97
Bangalore,Indiranagar,Independent House,4,3,2984,0,3,6,Semi-Furnished,1,Yes,1.0,6,24602.21,734.13
Bangalore,Electronic City,Studio,1,1,529,4,23,6,Furnished,0,No,4.2,8,6461.25,34.18
Hyderabad,Jubilee Hills,Apartment,2,2,1467,5,5,3,Semi-Furnished,1,No,2.0,5,22055.9,323.56
Bangalore,Indiranagar,Penthouse,4,5,3137,38,38,2,Semi-Furnished,2,Yes,3.5,8,35114.12,1101.53
Mumbai,Bandra West,Apartment,2,1,1001,15,18,3,Semi-Furnished,1,Yes,3.9,10,54278.72,543.33
Bangalore,Hebbal,Apartment,2,2,970,9,29,1,Semi-Furnished,2,Yes,5.4,7,13714.43,133.03
Mumbai,Thane West,Apartment,3,3,1503,6,13,1,Furnished,2,Yes,1.5,4,13697.94,205.88
Kolkata,Ballygunge,Apartment,2,2,1013,3,8,7,Unfurnished,0,Yes,1.8,9,18536.03,187.77
Hyderabad,Banjara Hills,Apartment,2,2,1173,15,16,3,Semi-Furnished,1,Yes,2.6,3,27437.34,321.84
Pune,Baner,Independent House,3,3,2474,0,2,1,Semi-Furnished,3,Yes,2.6,4,12510.91,309.52
Chennai,OMR IT Corridor,Apartment,2,1,1112,4,31,7,Furnished,1,Yes,0.6,7,6895.68,76.68
Hyderabad,HITEC City,Penthouse,3,3,3086,26,26,2,Semi-Furnished,3,Yes,0.9,9,20871.68,644.1
Mumbai,Bandra West,Apartment,2,2,1114,7,25,14,Furnished,1,Yes,0.4,8,50166.97,558.86
Chennai,Boat Club Road,Apartment,2,1,1079,19,19,5,Furnished,2,No,5.5,5,31100.09,335.57
Delhi NCR,Vasant Kunj,Independent House,3,2,2144,0,3,10,Semi-Furnished,1,No,1.1,4,22043.38,472.61
Hyderabad,Banjara Hills,Apartment,2,2,1062,8,8,0,Furnished,2,Yes,4.5,7,24972.69,265.21
Chennai,Anna Nagar,Apartment,1,1,686,24,31,6,Semi-Furnished,1,Yes,4.5,6,14297.38,98.08
Bangalore,Indiranagar,Independent House,3,3,2302,0,1,3,Furnished,3,Yes,1.2,9,27926.15,642.86
Mumbai,Andheri East,Penthouse,6,7,5500,31,31,1,Semi-Furnished,3,Yes,1.7,5,32282.91,1775.56
Bangalore,Hebbal,Villa,3,3,2381,0,1,0,Furnished,2,Yes,2.5,7,22301.55,531.0
Delhi NCR,Noida Expressway,Independent House,3,3,2533,0,2,6,Furnished,2,Yes,0.3,6,9936.44,251.69
Hyderabad,Jubilee Hills,Independent House,3,3,2218,0,2,0,Furnished,2,Yes,2.4,6,37210.1,825.32
Chennai,Velachery,Studio,1,1,620,10,19,5,Unfurnished,0,Yes,2.0,6,8311.29,51.53
Mumbai,Juhu,Apartment,3,3,1799,1,5,1,Unfurnished,1,Yes,1.4,7,57509.73,1034.6
Delhi NCR,Noida Sector 62,Apartment,2,1,1237,13,25,3,Furnished,1,Yes,0.5,4,9340.34,115.54
Bangalore,Electronic City,Apartment,3,3,1518,13,17,3,Semi-Furnished,2,Yes,2.2,6,7276.68,110.46
Bangalore,Electronic City,Apartment,3,3,1606,8,18,0,Semi-Furnished,1,Yes,2.8,5,6734.12,108.15
Mumbai,Andheri East,Independent House,4,4,2612,0,2,2,Unfurnished,3,Yes,1.1,9,30237.37,789.8
Bangalore,Hebbal,Independent House,5,4,3252,0,2,1,Semi-Furnished,1,Yes,1.2,9,18153.75,590.36
Kolkata,Ballygunge,Apartment,1,1,454,8,8,0,Semi-Furnished,1,Yes,1.0,7,17491.19,79.41
Bangalore,Indiranagar,Apartment,3,3,1502,5,5,13,Furnished,1,Yes,1.8,4,20377.5,306.07
Delhi NCR,Noida Sector 62,Independent House,4,3,2514,0,1,8,Semi-Furnished,2,Yes,0.3,6,9067.22,227.95
Pune,Wakad,Apartment,1,1,500,4,8,8,Unfurnished,1,Yes,5.6,8,8734.0,43.67
Bangalore,Koramangala,Independent House,3,2,2230,0,3,1,Semi-Furnished,1,Yes,4.6,6,24206.73,539.81
Ahmedabad,SG Highway,Apartment,1,1,778,9,15,10,Furnished,1,Yes,4.4,8,8940.87,69.56
Ahmedabad,Prahlad Nagar,Apartment,3,3,1293,16,24,8,Furnished,0,Yes,1.0,7,11115.24,143.72
Bangalore,HSR Layout,Apartment,1,1,583,15,19,0,Semi-Furnished,1,Yes,1.6,6,17663.81,102.98
Delhi NCR,Gurgaon Golf Course Rd,Apartment,2,2,1404,16,26,1,Semi-Furnished,1,Yes,0.4,6,35841.17,503.21
Bangalore,Electronic City,Villa,4,3,3183,0,1,0,Semi-Furnished,3,Yes,0.5,8,8474.4,269.74
Bangalore,Whitefield,Penthouse,4,5,3908,40,41,2,Unfurnished,2,Yes,6.2,6,15407.37,602.12
Mumbai,Andheri East,Independent House,3,3,2324,0,2,11,Furnished,1,Yes,1.6,5,28679.0,666.5
Pune,Baner,Apartment,2,1,980,16,25,1,Furnished,0,Yes,4.9,8,13988.78,137.09
Delhi NCR,South Extension,Apartment,3,2,1601,10,14,1,Unfurnished,0,No,4.9,7,27919.43,446.99
Mumbai,Juhu,Independent House,4,4,3252,0,1,1,Semi-Furnished,2,Yes,1.3,9,78979.7,2568.42
Bangalore,Electronic City,Villa,5,4,3033,0,1,1,Furnished,2,Yes,1.4,7,11088.36,336.31
Kolkata,Park Street,Apartment,1,1,648,9,14,7,Semi-Furnished,2,Yes,3.7,9,17651.23,114.38
Bangalore,Electronic City,Apartment,1,1,816,3,14,6,Unfurnished,0,Yes,1.4,5,5514.71,45.0
Mumbai,Andheri East,Independent House,4,4,2940,0,3,1,Furnished,2,Yes,6.0,9,32411.22,952.89
Delhi NCR,Gurgaon Golf Course Rd,Apartment,3,2,1811,10,17,9,Unfurnished,0,Yes,3.2,10,27561.57,499.14
Ahmedabad,SG Highway,Apartment,1,1,666,5,7,12,Semi-Furnished,1,Yes,3.8,2,6534.53,43.52
Bangalore,Hebbal,Apartment,2,1,1204,2,4,6,Furnished,2,Yes,3.3,7,12065.61,145.27
Pune,Koregaon Park,Apartment,2,1,1149,19,22,3,Semi-Furnished,1,Yes,2.6,6,16995.65,195.28
Hyderabad,Banjara Hills,Villa,4,3,2758,0,2,2,Semi-Furnished,1,Yes,0.4,4,33652.28,928.13
Bangalore,Electronic City,Studio,1,1,546,3,12,1,Semi-Furnished,0,Yes,3.1,4,6686.81,36.51
Hyderabad,Jubilee Hills,Apartment,2,2,1107,17,28,0,Semi-Furnished,2,Yes,2.3,6,28443.54,314.87
Bangalore,Electronic City,Apartment,3,3,1550,8,25,4,Unfurnished,2,Yes,1.5,4,6400.0,99.2
Pune,Kalyani Nagar,Apartment,2,2,1183,10,29,4,Furnished,1,Yes,0.6,3,15131.02,179.0
Pune,Baner,Apartment,2,2,780,4,5,6,Semi-Furnished,1,Yes,1.2,4,10047.44,78.37
Delhi NCR,South Extension,Apartment,2,1,1128,13,22,21,Semi-Furnished,0,Yes,1.5,7,21876.77,246.77
Mumbai,Thane West,Independent House,4,3,2679,0,2,1,Semi-Furnished,2,Yes,0.6,8,14106.76,377.92
Chennai,OMR IT Corridor,Apartment,3,2,1629,11,12,0,Semi-Furnished,1,Yes,6.8,6,9699.82,158.01
Bangalore,Whitefield,Apartment,3,3,1370,3,12,5,Furnished,1,Yes,1.5,8,11079.56,151.79
Mumbai,Andheri East,Apartment,1,1,450,5,13,7,Semi-Furnished,1,Yes,2.5,6,21968.89,98.86
Mumbai,Bandra West,Apartment,4,4,2065,7,13,17,Semi-Furnished,1,Yes,1.7,8,39017.92,805.72
Delhi NCR,Gurgaon Golf Course Rd,Apartment,2,1,1391,1,15,3,Furnished,1,Yes,2.4,6,31002.16,431.24
Pune,Kalyani Nagar,Apartment,2,2,961,9,16,0,Unfurnished,2,Yes,2.4,4,13467.22,129.42
Mumbai,Juhu,Studio,1,1,454,17,20,10,Unfurnished,0,No,3.2,9,37295.15,169.32
Delhi NCR,Noida Expressway,Apartment,1,1,688,1,5,1,Semi-Furnished,2,No,4.4,4,8789.24,60.47
Bangalore,HSR Layout,Apartment,3,2,1805,13,29,27,Furnished,1,Yes,4.5,9,12559.0,226.69
Pune,Hinjewadi,Penthouse,4,5,3460,28,28,1,Semi-Furnished,3,Yes,1.4,7,12956.65,448.3
Mumbai,Bandra West,Studio,1,1,460,13,16,5,Furnished,0,No,3.7,10,38119.57,175.35
Pune,Kalyani Nagar,Apartment,2,2,1144,8,16,0,Furnished,1,Yes,1.0,7,19007.87,217.45
Bangalore,Whitefield,Villa,3,2,1992,0,1,5,Semi-Furnished,2,Yes,1.7,5,12166.67,242.36
Kolkata,Ballygunge,Apartment,2,1,950,7,13,2,Furnished,1,Yes,4.0,5,18885.26,179.41
Mumbai,Andheri East,Apartment,3,2,1585,13,16,2,Furnished,2,Yes,0.6,7,27364.04,433.72
Bangalore,Electronic City,Apartment,2,1,971,12,24,1,Furnished,1,Yes,11.3,7,7598.35,73.78
Mumbai,Navi Mumbai (Vashi),Independent House,4,4,2999,0,2,5,Furnished,3,Yes,0.5,8,21246.08,637.17
Kolkata,Salt Lake Sector V,Independent House,3,3,2225,0,3,7,Furnished,3,No,0.5,8,10935.73,243.32
Chennai,Anna Nagar,Apartment,2,2,1224,8,8,8,Unfurnished,0,Yes,4.1,5,15980.39,195.6
Bangalore,Whitefield,Apartment,2,1,832,16,27,5,Furnished,1,Yes,0.3,4,10901.44,90.7
Pune,Hinjewadi,Independent House,4,4,3594,0,1,0,Furnished,1,Yes,4.2,5,10242.9,368.13
Hyderabad,Banjara Hills,Apartment,2,1,938,16,17,0,Furnished,1,Yes,0.4,5,29085.29,272.82
Delhi NCR,Gurgaon Golf Course Rd,Apartment,1,1,710,14,28,5,Unfurnished,1,Yes,0.8,6,29618.31,210.29
Delhi NCR,Gurgaon Cyber City,Independent House,5,5,3293,0,2,1,Semi-Furnished,2,Yes,4.7,5,24690.25,813.05
Bangalore,Electronic City,Independent House,3,3,2152,0,1,2,Semi-Furnished,2,No,0.4,9,7881.51,169.61
Mumbai,Navi Mumbai (Vashi),Villa,3,3,2240,0,1,0,Unfurnished,2,Yes,3.2,8,26280.36,588.68
Chennai,Velachery,Penthouse,6,6,4916,19,20,6,Semi-Furnished,3,Yes,0.8,6,14850.69,730.06
Kolkata,New Town,Apartment,3,3,1436,7,7,0,Semi-Furnished,0,Yes,6.2,8,8495.13,121.99
Pune,Baner,Independent House,5,4,3575,0,1,1,Furnished,3,Yes,1.5,5,14304.34,511.38
Bangalore,Indiranagar,Independent House,4,4,2473,0,2,20,Semi-Furnished,2,Yes,4.0,6,16006.07,395.83
Bangalore,Electronic City,Apartment,2,1,1205,5,16,3,Furnished,1,Yes,2.2,6,7166.8,86.36
Hyderabad,Gachibowli,Apartment,2,1,1406,2,4,1,Semi-Furnished,2,Yes,2.2,6,11955.9,168.1
Chennai,Anna Nagar,Apartment,2,2,1171,2,27,1,Furnished,1,Yes,3.9,3,17606.32,206.17
Chennai,OMR IT Corridor,Apartment,3,2,1431,1,4,1,Semi-Furnished,0,Yes,11.9,7,6471.0,92.6
Hyderabad,Gachibowli,Independent House,3,3,1946,0,3,3,Furnished,2,No,1.1,6,13872.05,269.95
Pune,Baner,Villa,4,4,2414,0,2,3,Furnished,1,Yes,1.4,6,17715.82,427.66
Mumbai,Andheri East,Apartment,4,4,2147,12,16,0,Semi-Furnished,1,Yes,0.8,4,21671.63,465.29
Mumbai,Thane West,Apartment,2,2,837,11,17,0,Unfurnished,1,Yes,5.6,5,13176.82,110.29
Chennai,Velachery,Studio,1,1,479,5,19,2,Semi-Furnished,0,Yes,4.8,6,9843.42,47.15
Pune,Baner,Apartment,3,2,1628,7,16,0,Semi-Furnished,1,Yes,1.5,10,13615.48,221.66
Mumbai,Worli,Apartment,3,2,1646,16,21,7,Furnished,1,Yes,0.4,6,47461.73,781.22
Mumbai,Worli,Apartment,3,2,1592,6,14,2,Furnished,2,Yes,4.4,6,52707.29,839.1
Pune,Baner,Apartment,3,2,1333,2,10,4,Furnished,0,No,1.4,3,11897.97,158.6
Mumbai,Bandra West,Apartment,2,1,838,6,6,3,Furnished,0,Yes,0.7,7,55128.88,461.98
Mumbai,Bandra West,Apartment,3,3,1472,16,19,12,Furnished,1,Yes,2.1,7,44860.73,660.35
Delhi NCR,Gurgaon Cyber City,Apartment,2,2,948,2,12,8,Furnished,1,Yes,0.6,4,20224.68,191.73
Pune,Kalyani Nagar,Apartment,3,3,1764,11,15,4,Semi-Furnished,1,Yes,2.2,5,15544.78,274.21
Pune,Hinjewadi,Apartment,2,2,1076,25,29,5,Furnished,1,Yes,1.6,7,9194.24,98.93
Bangalore,Whitefield,Apartment,2,1,1158,7,17,2,Semi-Furnished,2,Yes,3.6,7,11016.41,127.57
Pune,Hinjewadi,Independent House,5,5,3401,0,2,0,Semi-Furnished,2,Yes,1.4,6,10958.25,372.69
Bangalore,HSR Layout,Villa,4,3,2880,0,1,16,Semi-Furnished,2,Yes,4.7,3,16580.21,477.51
Bangalore,Electronic City,Apartment,2,1,993,2,26,11,Semi-Furnished,1,No,0.9,8,6215.51,61.72
Hyderabad,Gachibowli,Apartment,2,1,983,24,27,8,Furnished,1,Yes,4.5,9,10775.18,105.92
Pune,Hinjewadi,Independent House,4,4,2261,0,1,2,Furnished,1,Yes,4.3,7,8794.78,198.85
Chennai,Velachery,Apartment,2,2,1104,9,14,1,Semi-Furnished,1,Yes,2.1,9,10690.22,118.02
Pune,Koregaon Park,Apartment,3,2,1480,10,24,5,Unfurnished,0,Yes,1.7,5,14722.97,217.9
Delhi NCR,Gurgaon Golf Course Rd,Independent House,4,4,3108,0,2,5,Furnished,3,Yes,1.9,7,34277.99,1065.36
Mumbai,Worli,Penthouse,5,6,4018,26,26,3,Furnished,2,Yes,2.5,5,78567.94,3156.86
Bangalore,Hebbal,Villa,3,2,2100,0,2,3,Unfurnished,1,Yes,0.6,7,15574.76,327.07
Bangalore,Koramangala,Apartment,2,2,1203,1,18,6,Semi-Furnished,1,Yes,6.2,10,23537.82,283.16
Bangalore,Electronic City,Independent House,3,2,2260,0,2,3,Semi-Furnished,1,Yes,1.5,8,7891.59,178.35
Ahmedabad,Bopal,Apartment,3,2,1391,15,26,6,Semi-Furnished,2,No,1.7,10,6894.32,95.9
Bangalore,HSR Layout,Independent House,4,4,2851,0,2,9,Furnished,3,Yes,2.0,4,17237.46,491.44
Chennai,Boat Club Road,Apartment,1,1,851,1,8,30,Semi-Furnished,1,Yes,0.7,4,21494.71,182.92
Pune,Kalyani Nagar,Apartment,3,3,1717,15,28,3,Semi-Furnished,1,Yes,4.9,10,17747.23,304.72
Hyderabad,Jubilee Hills,Independent House,4,4,2928,0,3,2,Furnished,1,Yes,0.8,8,38496.24,1127.17
Delhi NCR,Vasant Kunj,Apartment,3,3,1385,13,19,6,Semi-Furnished,1,No,3.1,4,21054.15,291.6
Delhi NCR,Gurgaon Golf Course Rd,Apartment,2,2,1096,4,4,1,Semi-Furnished,1,Yes,4.8,4,31625.91,346.62
Delhi NCR,Gurgaon Golf Course Rd,Penthouse,6,6,5030,27,27,2,Semi-Furnished,3,Yes,0.4,7,46284.69,2328.12
Mumbai,Juhu,Apartment,3,2,1528,1,10,1,Furnished,2,Yes,0.5,8,58979.71,901.21
Hyderabad,Banjara Hills,Apartment,2,2,1089,21,22,0,Semi-Furnished,1,Yes,5.3,6,21877.87,238.25
Bangalore,Koramangala,Apartment,2,1,1068,13,29,2,Semi-Furnished,1,Yes,0.5,7,19088.95,203.87
Mumbai,Juhu,Villa,3,2,2160,0,2,5,Semi-Furnished,2,Yes,0.6,2,69690.74,1505.32
Pune,Hinjewadi,Independent House,3,3,1888,0,2,0,Semi-Furnished,2,Yes,0.7,6,10999.47,207.67
Mumbai,Andheri East,Apartment,2,1,1405,15,30,4,Furnished,1,Yes,2.5,6,26004.27,365.36
Kolkata,Salt Lake Sector V,Independent House,4,3,2853,0,1,11,Semi-Furnished,2,No,2.4,7,9171.75,261.67
Ahmedabad,Prahlad Nagar,Apartment,2,1,903,2,5,2,Semi-Furnished,2,Yes,0.4,6,10228.13,92.36
Kolkata,Salt Lake Sector V,Villa,3,3,2292,0,2,30,Furnished,2,Yes,7.3,8,11393.54,261.14
Bangalore,Electronic City,Apartment,3,3,1563,1,4,2,Semi-Furnished,1,Yes,1.8,9,6296.23,98.41
Mumbai,Worli,Apartment,1,1,903,18,22,30,Semi-Furnished,1,Yes,4.4,9,39879.29,360.11
Kolkata,Ballygunge,Penthouse,5,6,3889,21,21,1,Semi-Furnished,2,Yes,0.9,3,23095.65,898.19
Delhi NCR,Noida Sector 62,Apartment,3,2,1605,3,18,1,Furnished,2,Yes,2.1,10,9877.26,158.53
Ahmedabad,Prahlad Nagar,Apartment,2,2,696,19,24,11,Semi-Furnished,0,Yes,0.4,9,9593.39,66.77
Ahmedabad,Bopal,Apartment,3,2,1452,10,13,2,Unfurnished,1,Yes,9.0,6,5259.64,76.37
Chennai,OMR IT Corridor,Studio,1,1,431,3,22,2,Semi-Furnished,0,Yes,4.1,6,6603.25,28.46
Bangalore,Indiranagar,Apartment,4,4,1961,16,29,0,Unfurnished,1,Yes,3.8,4,19853.14,389.32
Bangalore,Electronic City,Apartment,4,4,1837,3,29,5,Unfurnished,1,Yes,0.5,5,7394.67,135.84
Chennai,Boat Club Road,Apartment,2,2,842,24,28,5,Furnished,1,Yes,7.2,7,35571.26,299.51
Bangalore,Electronic City,Apartment,4,4,2288,1,4,30,Semi-Furnished,1,No,3.3,8,4004.81,91.63
Mumbai,Andheri East,Apartment,3,2,1686,5,8,1,Semi-Furnished,2,Yes,1.7,3,20897.98,352.34
Delhi NCR,Gurgaon Cyber City,Independent House,3,2,2236,0,1,7,Unfurnished,2,Yes,2.3,6,21077.82,471.3
Kolkata,Park Street,Studio,1,1,371,1,5,6,Furnished,0,No,0.4,9,14778.98,54.83
Pune,Koregaon Park,Apartment,2,1,882,4,6,8,Unfurnished,1,Yes,0.9,9,14300.45,126.13
Delhi NCR,Gurgaon Cyber City,Apartment,2,1,1137,6,27,4,Semi-Furnished,1,Yes,1.9,10,22043.98,250.64
Mumbai,Juhu,Apartment,1,1,621,2,6,9,Semi-Furnished,1,Yes,1.7,4,51729.47,321.24
Pune,Kalyani Nagar,Apartment,3,2,1594,16,28,8,Furnished,2,Yes,2.1,9,15396.49,245.42
Ahmedabad,Bopal,Penthouse,4,5,2925,30,30,0,Furnished,2,Yes,2.9,9,10000.0,292.5
Mumbai,Juhu,Apartment,2,1,954,22,30,10,Semi-Furnished,1,Yes,3.8,8,53814.47,513.39
Delhi NCR,Vasant Kunj,Apartment,2,2,1042,18,20,4,Furnished,0,Yes,1.8,8,25643.95,267.21
Chennai,Anna Nagar,Independent House,5,5,3739,0,1,6,Unfurnished,1,Yes,2.6,7,18987.16,709.93
Hyderabad,Jubilee Hills,Apartment,2,2,1099,2,4,1,Furnished,1,No,3.3,7,27324.84,300.3
Pune,Koregaon Park,Independent House,3,3,2478,0,2,5,Semi-Furnished,1,Yes,5.6,4,16070.62,398.23
Pune,Hinjewadi,Apartment,2,1,1078,2,21,2,Semi-Furnished,1,Yes,2.2,8,10328.39,111.34
Bangalore,Electronic City,Villa,3,3,1609,0,2,0,Semi-Furnished,1,Yes,7.3,5,11057.18,177.91
Bangalore,Koramangala,Studio,1,1,558,1,15,10,Semi-Furnished,1,Yes,2.9,6,14526.88,81.06
Hyderabad,Gachibowli,Independent House,4,4,2589,0,1,9,Semi-Furnished,2,No,4.3,5,9994.98,258.77
Hyderabad,HITEC City,Studio,1,1,360,4,19,24,Furnished,1,Yes,2.6,8,8983.33,32.34
Chennai,OMR IT Corridor,Apartment,3,3,1690,2,5,0,Furnished,1,Yes,4.4,6,9024.26,152.51
Kolkata,Alipore,Apartment,2,1,1229,6,31,13,Semi-Furnished,1,Yes,0.8,5,22017.09,270.59
Delhi NCR,South Extension,Independent House,4,4,2680,0,2,0,Semi-Furnished,3,Yes,2.0,5,34125.0,914.55
Delhi NCR,Gurgaon Cyber City,Apartment,4,4,1811,23,25,2,Semi-Furnished,1,Yes,3.4,9,23530.65,426.14
Hyderabad,Madhapur,Apartment,2,1,935,3,5,16,Semi-Furnished,1,Yes,1.1,9,11304.81,105.7
Pune,Kalyani Nagar,Apartment,3,3,1648,25,27,10,Semi-Furnished,1,Yes,3.3,7,15879.25,261.69
Pune,Kalyani Nagar,Apartment,2,2,819,5,6,6,Semi-Furnished,1,Yes,2.0,9,15167.28,124.22
Hyderabad,Madhapur,Apartment,2,2,1166,4,17,2,Furnished,0,Yes,1.6,5,13952.83,162.69
Chennai,Anna Nagar,Apartment,4,3,2098,9,15,7,Semi-Furnished,1,Yes,1.0,8,16793.14,352.32
Bangalore,Electronic City,Independent House,5,5,3220,0,2,2,Unfurnished,2,Yes,0.7,7,9247.83,297.78
Bangalore,Indiranagar,Apartment,2,2,1123,17,25,22,Unfurnished,1,Yes,5.3,5,14699.91,165.08
Mumbai,Andheri East,Apartment,2,1,1476,9,27,7,Semi-Furnished,1,Yes,1.2,8,19980.35,294.91
Delhi NCR,South Extension,Apartment,2,1,1121,19,24,0,Semi-Furnished,1,Yes,1.7,6,26791.26,300.33
Mumbai,Andheri East,Apartment,1,1,754,14,18,0,Unfurnished,1,Yes,7.0,5,23891.25,180.14
Delhi NCR,South Extension,Penthouse,4,5,3490,32,32,1,Semi-Furnished,3,Yes,1.9,4,40129.8,1400.53
Delhi NCR,Gurgaon Cyber City,Apartment,2,1,1237,15,16,12,Furnished,1,Yes,4.1,6,21148.75,261.61
Bangalore,Electronic City,Apartment,3,2,1330,4,19,16,Furnished,1,Yes,5.8,5,6478.2,86.16
Delhi NCR,Noida Expressway,Villa,3,3,2233,0,3,6,Semi-Furnished,2,Yes,4.0,5,14053.74,313.82
Mumbai,Worli,Apartment,2,2,1205,14,25,5,Unfurnished,0,No,2.9,5,42711.2,514.67
Mumbai,Juhu,Apartment,2,1,1000,8,26,13,Semi-Furnished,1,Yes,2.7,5,50701.0,507.01
Chennai,Adyar,Apartment,3,3,1273,2,14,16,Furnished,1,Yes,2.5,6,17067.56,217.27
Bangalore,Electronic City,Penthouse,3,3,3207,39,39,12,Furnished,2,Yes,1.4,5,11007.48,353.01
Mumbai,Navi Mumbai (Vashi),Apartment,3,3,1597,4,27,0,Semi-Furnished,1,Yes,1.0,6,16234.82,259.27
Delhi NCR,Noida Sector 62,Apartment,3,3,1329,14,18,2,Unfurnished,1,No,3.5,7,9043.64,120.19
Hyderabad,Banjara Hills,Apartment,2,2,1503,1,5,1,Semi-Furnished,1,No,0.4,6,27375.91,411.46
Mumbai,Andheri East,Apartment,4,4,1833,20,20,3,Semi-Furnished,2,Yes,4.7,4,19789.42,362.74
Pune,Hinjewadi,Apartment,3,2,1560,20,30,5,Furnished,1,Yes,7.1,7,7764.74,121.13
Mumbai,Andheri East,Apartment,2,1,1143,2,27,0,Unfurnished,2,Yes,1.0,6,24420.82,279.13
Mumbai,Juhu,Apartment,3,2,1374,18,19,15,Semi-Furnished,1,Yes,1.3,6,49485.44,679.93
Delhi NCR,Noida Expressway,Penthouse,4,4,3484,21,21,13,Furnished,3,Yes,0.3,6,13700.92,477.34
Delhi NCR,Noida Sector 62,Villa,3,2,2136,0,1,2,Semi-Furnished,3,Yes,3.7,10,11820.22,252.48
Pune,Baner,Apartment,2,1,928,6,9,3,Furnished,1,Yes,1.3,6,12175.65,112.99
Hyderabad,Jubilee Hills,Villa,5,5,3406,0,1,7,Furnished,2,Yes,2.6,5,35180.27,1198.24
Ahmedabad,Bodakdev,Apartment,2,2,1035,5,13,0,Furnished,1,Yes,1.4,8,12380.68,128.14
Delhi NCR,Gurgaon Golf Course Rd,Apartment,4,3,2089,6,10,3,Furnished,1,Yes,4.6,7,35914.31,750.25
Bangalore,HSR Layout,Independent House,5,5,3354,0,2,0,Semi-Furnished,1,No,9.5,6,16541.44,554.8
Hyderabad,Madhapur,Villa,3,3,2364,0,2,2,Semi-Furnished,2,Yes,2.7,8,17360.83,410.41
Bangalore,Electronic City,Villa,5,4,3832,0,2,6,Semi-Furnished,2,No,5.5,5,8948.85,342.92
Delhi NCR,Noida Expressway,Apartment,4,4,2001,17,19,2,Semi-Furnished,2,Yes,0.7,7,10247.88,205.06
Mumbai,Thane West,Studio,1,1,555,11,22,7,Furnished,1,Yes,3.8,10,12513.51,69.45
Mumbai,Bandra West,Apartment,3,3,1489,10,29,4,Furnished,1,Yes,2.7,6,52139.69,776.36
Ahmedabad,Prahlad Nagar,Penthouse,4,5,3646,29,29,5,Semi-Furnished,3,Yes,1.4,8,15738.89,573.84
Chennai,OMR IT Corridor,Studio,1,1,402,1,4,4,Semi-Furnished,1,No,7.6,7,6298.51,25.32
Pune,Kalyani Nagar,Apartment,3,2,1579,19,30,0,Furnished,1,Yes,2.4,10,20889.8,329.85
Bangalore,Hebbal,Independent House,4,4,2667,0,1,1,Unfurnished,2,Yes,1.2,6,12609.3,336.29
Mumbai,Juhu,Apartment,3,3,1678,6,12,0,Semi-Furnished,1,Yes,9.4,4,47666.27,799.84
Mumbai,Worli,Apartment,2,2,678,1,27,1,Unfurnished,1,Yes,4.1,5,43988.2,298.24
Bangalore,Indiranagar,Apartment,1,1,722,18,25,0,Semi-Furnished,1,No,1.7,5,20821.33,150.33
Delhi NCR,Gurgaon Cyber City,Apartment,2,2,1463,10,18,1,Furnished,1,Yes,2.2,9,24766.23,362.33
Pune,Wakad,Penthouse,4,5,3070,26,26,0,Semi-Furnished,3,Yes,3.2,7,17777.85,545.78
Pune,Wakad,Independent House,3,3,2216,0,2,4,Furnished,3,Yes,3.4,7,11928.25,264.33
Bangalore,HSR Layout,Apartment,1,1,799,4,5,13,Semi-Furnished,0,No,1.3,8,10797.25,86.27
Ahmedabad,Bopal,Villa,4,3,2859,0,1,3,Furnished,1,Yes,2.7,7,8767.05,250.65
Hyderabad,Jubilee Hills,Studio,1,1,473,1,16,3,Unfurnished,0,No,1.3,7,18460.89,87.32
Delhi NCR,Vasant Kunj,Apartment,3,3,1406,28,29,4,Furnished,1,Yes,2.3,5,26159.32,367.8
Pune,Hinjewadi,Studio,1,1,478,15,16,2,Unfurnished,0,Yes,3.3,5,7414.23,35.44
Bangalore,Indiranagar,Apartment,2,1,1280,20,26,2,Unfurnished,1,Yes,0.5,8,19885.16,254.53
Bangalore,Electronic City,Villa,3,3,2507,0,2,1,Semi-Furnished,1,Yes,2.8,4,9405.27,235.79
Bangalore,HSR Layout,Apartment,3,3,1678,17,25,6,Semi-Furnished,1,No,3.6,7,16186.53,271.61
Hyderabad,Gachibowli,Apartment,2,2,1228,3,10,0,Semi-Furnished,1,Yes,3.2,6,11249.19,138.14
Mumbai,Worli,Apartment,2,1,1214,16,20,2,Unfurnished,1,Yes,2.6,5,53284.18,646.87
Mumbai,Juhu,Independent House,4,4,2597,0,2,9,Semi-Furnished,2,Yes,6.8,7,47647.29,1237.4
Mumbai,Thane West,Apartment,3,2,1550,24,24,4,Semi-Furnished,0,Yes,10.9,3,12724.52,197.23
Mumbai,Worli,Apartment,3,3,1845,1,6,12,Semi-Furnished,1,Yes,0.6,4,39234.69,723.88
Chennai,OMR IT Corridor,Apartment,2,1,1044,5,5,2,Unfurnished,1,Yes,3.8,7,8177.2,85.37
Pune,Kalyani Nagar,Penthouse,6,6,4849,28,28,14,Semi-Furnished,3,Yes,2.2,7,19133.84,927.8
Delhi NCR,South Extension,Apartment,2,1,1160,9,14,0,Semi-Furnished,1,Yes,0.7,6,35433.62,411.03
Mumbai,Juhu,Apartment,2,1,1171,22,29,2,Semi-Furnished,0,Yes,2.2,8,58415.88,684.05
Delhi NCR,Noida Sector 62,Apartment,2,1,1250,10,16,4,Unfurnished,1,Yes,2.7,7,8888.0,111.1
Delhi NCR,Gurgaon Golf Course Rd,Apartment,3,3,1559,4,25,4,Semi-Furnished,1,Yes,1.2,10,33861.45,527.9
Mumbai,Worli,Villa,4,4,2530,0,2,2,Furnished,2,Yes,0.7,4,64494.07,1631.7
Delhi NCR,Gurgaon Golf Course Rd,Villa,3,3,1843,0,2,3,Semi-Furnished,2,Yes,6.6,5,40081.93,738.71
Bangalore,HSR Layout,Apartment,3,2,1685,5,6,9,Unfurnished,1,Yes,2.2,7,13370.92,225.3
Pune,Hinjewadi,Apartment,2,1,1115,4,22,11,Semi-Furnished,1,Yes,1.4,8,7573.99,84.45
Pune,Baner,Villa,3,3,1980,0,1,15,Unfurnished,2,Yes,8.0,8,12652.53,250.52
Mumbai,Juhu,Apartment,2,2,1040,11,21,0,Furnished,1,Yes,6.8,7,59289.42,616.61
Bangalore,Indiranagar,Villa,3,3,2661,0,3,12,Semi-Furnished,2,Yes,0.8,5,23690.72,630.41
Pune,Wakad,Independent House,3,3,1988,0,2,12,Semi-Furnished,3,Yes,4.8,9,9049.8,179.91
Delhi NCR,South Extension,Villa,4,4,2414,0,2,7,Unfurnished,2,Yes,2.1,10,45383.18,1095.55
Chennai,Velachery,Apartment,3,3,1238,9,10,12,Furnished,1,Yes,1.6,6,9504.85,117.67
Pune,Baner,Apartment,3,3,1685,1,9,4,Unfurnished,1,No,6.0,5,10243.32,172.6
Mumbai,Navi Mumbai (Vashi),Studio,1,1,422,5,14,3,Semi-Furnished,0,No,3.0,7,13206.16,55.73
Mumbai,Navi Mumbai (Vashi),Apartment,2,2,1087,6,26,15,Furnished,1,Yes,1.5,10,14188.59,154.23
Pune,Wakad,Independent House,4,4,3058,0,2,1,Furnished,3,Yes,15.0,10,12600.72,385.33
Mumbai,Andheri East,Apartment,2,2,1087,4,15,1,Furnished,1,Yes,3.1,10,29633.85,322.12
Delhi NCR,Gurgaon Golf Course Rd,Independent House,4,4,2671,0,2,6,Semi-Furnished,2,Yes,0.7,4,36433.92,973.15
Kolkata,Park Street,Apartment,2,1,1318,7,7,11,Furnished,1,Yes,2.7,6,15994.69,210.81
Delhi NCR,South Extension,Apartment,4,3,1995,17,19,2,Furnished,0,Yes,0.3,10,36673.68,731.64
Bangalore,Indiranagar,Apartment,2,2,1162,2,27,6,Unfurnished,2,Yes,1.2,8,20318.42,236.1
Pune,Koregaon Park,Independent House,4,4,2433,0,2,13,Furnished,2,Yes,5.7,5,20818.33,506.51
Delhi NCR,Gurgaon Golf Course Rd,Villa,3,3,2460,0,2,0,Furnished,2,Yes,0.8,5,44780.89,1101.61
Delhi NCR,Noida Expressway,Apartment,3,2,1892,4,17,1,Semi-Furnished,1,Yes,1.5,9,10969.34,207.54
Kolkata,Ballygunge,Apartment,2,1,1371,2,15,13,Semi-Furnished,2,No,1.2,5,13201.31,180.99
Bangalore,Whitefield,Independent House,3,3,2505,0,2,0,Semi-Furnished,1,No,2.5,7,10934.93,273.92
Ahmedabad,Bopal,Apartment,3,2,1491,13,23,7,Semi-Furnished,1,Yes,1.5,5,5198.52,77.51
Kolkata,Salt Lake Sector V,Apartment,2,2,1269,13,19,6,Semi-Furnished,1,Yes,1.4,5,11300.24,143.4
Mumbai,Bandra West,Apartment,2,2,843,19,21,5,Semi-Furnished,2,Yes,1.5,7,53290.63,449.24
Mumbai,Navi Mumbai (Vashi),Apartment,1,1,715,1,6,3,Furnished,1,Yes,2.7,3,16358.04,116.96
Mumbai,Andheri East,Apartment,3,2,1878,10,27,1,Furnished,1,Yes,1.2,6,25503.19,478.95
Mumbai,Navi Mumbai (Vashi),Apartment,2,2,1240,9,31,15,Semi-Furnished,1,No,3.2,6,12570.16,155.87
Mumbai,Thane West,Apartment,3,3,1578,17,22,6,Semi-Furnished,1,Yes,4.2,5,15133.08,238.8
Pune,Kalyani Nagar,Apartment,2,1,1125,15,23,0,Semi-Furnished,1,Yes,3.5,9,17013.33,191.4
Mumbai,Bandra West,Apartment,2,1,1275,5,19,0,Semi-Furnished,1,Yes,5.7,6,43437.65,553.83
Bangalore,Indiranagar,Apartment,2,2,1125,7,17,8,Semi-Furnished,0,Yes,1.2,6,18868.44,212.27
Chennai,Adyar,Apartment,2,2,1104,7,26,1,Furnished,0,Yes,2.4,9,24015.4,265.13
Mumbai,Andheri East,Villa,4,3,2714,0,2,6,Furnished,3,Yes,1.7,8,35940.68,975.43
Hyderabad,Banjara Hills,Apartment,3,3,1737,17,25,0,Semi-Furnished,1,Yes,5.3,8,25552.1,443.84
Bangalore,Electronic City,Apartment,2,2,840,13,20,11,Semi-Furnished,0,Yes,0.9,7,7529.76,63.25
Mumbai,Worli,Apartment,2,2,785,3,25,6,Semi-Furnished,0,Yes,6.8,6,49064.97,385.16
Pune,Baner,Apartment,4,3,1918,1,6,3,Furnished,1,Yes,0.8,4,10823.25,207.59
Pune,Kalyani Nagar,Apartment,3,2,1841,4,5,4,Semi-Furnished,1,Yes,8.5,7,16036.39,295.23
Chennai,Adyar,Apartment,1,1,674,2,20,11,Unfurnished,1,Yes,3.9,7,17918.4,120.77
Hyderabad,HITEC City,Penthouse,4,5,3657,39,39,17,Furnished,3,Yes,0.4,10,22277.28,814.68
Hyderabad,Jubilee Hills,Apartment,2,2,1281,2,29,0,Semi-Furnished,1,Yes,5.8,5,27141.3,347.68
Bangalore,Indiranagar,Studio,1,1,495,18,23,9,Unfurnished,0,Yes,1.3,7,17206.06,85.17
Mumbai,Worli,Apartment,1,1,730,7,26,3,Semi-Furnished,1,Yes,4.5,5,54653.42,398.97
Hyderabad,HITEC City,Apartment,1,1,641,16,18,10,Semi-Furnished,1,Yes,3.8,9,13109.2,84.03
Hyderabad,Gachibowli,Apartment,2,2,1137,5,8,9,Furnished,1,Yes,4.1,8,10964.82,124.67
Ahmedabad,SG Highway,Apartment,3,3,1569,6,10,0,Semi-Furnished,1,Yes,6.4,10,9850.22,154.55
Bangalore,Indiranagar,Apartment,2,2,938,9,31,4,Furnished,1,Yes,2.5,6,22378.46,209.91
Bangalore,Hebbal,Independent House,5,5,3758,0,2,4,Unfurnished,2,No,2.4,4,15132.25,568.67
Hyderabad,Gachibowli,Apartment,2,1,1125,4,4,4,Semi-Furnished,2,Yes,3.1,8,14663.11,164.96
Bangalore,HSR Layout,Studio,1,1,474,9,16,16,Semi-Furnished,0,Yes,7.1,8,9843.88,46.66
Kolkata,Ballygunge,Villa,4,3,3328,0,1,1,Semi-Furnished,1,Yes,0.4,5,25693.81,855.09
Chennai,OMR IT Corridor,Apartment,3,3,1645,2,14,2,Semi-Furnished,1,No,2.3,6,7815.2,128.56
Delhi NCR,South Extension,Apartment,1,1,512,6,23,1,Semi-Furnished,0,Yes,4.0,9,32542.97,166.62
Hyderabad,Jubilee Hills,Apartment,2,1,1125,29,29,11,Unfurnished,2,Yes,7.0,6,23377.78,263.0
Hyderabad,Gachibowli,Apartment,3,3,1418,6,9,2,Unfurnished,1,Yes,0.9,5,13233.43,187.65
Mumbai,Andheri East,Apartment,2,2,926,10,23,11,Semi-Furnished,2,Yes,9.2,7,22163.07,205.23
Kolkata,Salt Lake Sector V,Apartment,3,3,1204,6,10,8,Unfurnished,1,Yes,1.5,9,10591.36,127.52
Delhi NCR,Noida Expressway,Apartment,4,3,1927,3,9,1,Semi-Furnished,1,Yes,0.5,6,11397.51,219.63
Chennai,Anna Nagar,Apartment,2,2,913,4,9,4,Semi-Furnished,1,Yes,1.5,5,18076.67,165.04
Bangalore,Whitefield,Studio,1,1,451,5,8,0,Semi-Furnished,0,No,0.3,5,8509.98,38.38
Chennai,Boat Club Road,Independent House,3,2,1762,0,1,0,Furnished,3,Yes,7.8,5,35743.47,629.8
Bangalore,Koramangala,Studio,1,1,471,11,16,0,Furnished,0,Yes,2.2,7,21507.43,101.3
Mumbai,Navi Mumbai (Vashi),Apartment,2,2,931,3,5,10,Furnished,1,Yes,0.6,6,13752.95,128.04
Kolkata,Ballygunge,Apartment,3,3,1464,2,14,3,Semi-Furnished,2,Yes,4.4,9,17549.18,256.92
Mumbai,Andheri East,Apartment,2,2,795,8,19,2,Semi-Furnished,1,Yes,2.1,6,22499.37,178.87
Bangalore,Electronic City,Apartment,3,2,1495,20,26,4,Semi-Furnished,1,Yes,2.3,8,8372.58,125.17
Ahmedabad,Bodakdev,Apartment,2,1,1067,5,23,4,Unfurnished,1,Yes,2.3,6,9058.11,96.65
Ahmedabad,Bodakdev,Independent House,3,2,2265,0,2,7,Semi-Furnished,2,Yes,3.5,10,12878.59,291.7
Delhi NCR,Gurgaon Golf Course Rd,Independent House,4,3,2862,0,1,7,Semi-Furnished,1,Yes,1.4,6,35645.7,1020.18
Pune,Kalyani Nagar,Apartment,2,1,1309,5,9,0,Furnished,1,Yes,4.2,8,16496.56,215.94
Delhi NCR,Gurgaon Golf Course Rd,Apartment,3,3,1286,1,6,0,Furnished,1,Yes,1.8,3,36746.5,472.56
Bangalore,Electronic City,Apartment,2,2,951,5,20,12,Semi-Furnished,1,Yes,8.8,7,5952.68,56.61
Bangalore,Koramangala,Apartment,2,2,988,7,7,2,Semi-Furnished,1,Yes,1.1,5,18256.07,180.37
Pune,Koregaon Park,Apartment,2,2,1293,1,5,10,Semi-Furnished,1,Yes,1.6,7,16293.12,210.67
Hyderabad,Jubilee Hills,Apartment,2,2,934,23,28,3,Furnished,1,Yes,0.7,5,29645.61,276.89
Hyderabad,Jubilee Hills,Apartment,1,1,450,3,13,12,Semi-Furnished,0,Yes,2.2,2,21742.22,97.84
Hyderabad,Gachibowli,Studio,1,1,445,2,17,1,Furnished,1,Yes,0.5,6,11946.07,53.16
Mumbai,Juhu,Apartment,3,3,1693,24,27,3,Furnished,1,Yes,4.1,3,58536.33,991.02
Delhi NCR,Vasant Kunj,Independent House,4,3,2566,0,2,3,Furnished,2,Yes,1.4,7,33618.86,862.66
Mumbai,Bandra West,Apartment,1,1,1009,3,9,0,Furnished,1,No,2.1,8,46329.04,467.46
Delhi NCR,South Extension,Apartment,1,1,770,22,24,6,Furnished,2,Yes,2.2,6,27646.75,212.88
Delhi NCR,Gurgaon Golf Course Rd,Apartment,1,1,519,30,31,8,Furnished,1,Yes,2.1,10,35541.43,184.46
Chennai,Velachery,Apartment,2,1,1160,7,10,5,Unfurnished,1,Yes,0.7,7,8963.79,103.98
Bangalore,Electronic City,Apartment,1,1,956,3,8,3,Furnished,2,Yes,1.6,10,8811.72,84.24
Mumbai,Worli,Villa,4,4,2604,0,3,6,Furnished,2,No,2.9,8,66137.86,1722.23
Mumbai,Juhu,Independent House,5,5,3312,0,2,3,Furnished,3,Yes,2.0,8,70201.99,2325.09
Hyderabad,Jubilee Hills,Apartment,2,2,1332,5,5,2,Semi-Furnished,1,No,8.4,7,21376.13,284.73
Pune,Koregaon Park,Apartment,3,3,1371,9,31,11,Furnished,1,Yes,0.5,5,17334.06,237.65
Mumbai,Worli,Penthouse,3,3,2752,25,26,4,Unfurnished,3,Yes,7.0,6,83154.8,2288.42
Mumbai,Bandra West,Apartment,3,2,1696,5,12,1,Unfurnished,1,Yes,3.0,5,44840.21,760.49
Pune,Koregaon Park,Apartment,1,1,529,3,4,5,Furnished,1,No,2.0,9,18597.35,98.38
Mumbai,Worli,Apartment,3,3,1382,4,13,4,Semi-Furnished,0,Yes,2.9,1,36365.41,502.57
Chennai,OMR IT Corridor,Villa,4,4,2712,0,2,3,Furnished,1,Yes,2.4,6,10729.72,290.99
Pune,Wakad,Studio,1,1,392,3,4,0,Semi-Furnished,0,No,3.5,5,7387.76,28.96
Mumbai,Navi Mumbai (Vashi),Apartment,3,2,1657,4,9,3,Semi-Furnished,2,Yes,11.9,7,13507.54,223.82
Mumbai,Bandra West,Penthouse,3,4,3735,37,37,8,Furnished,3,Yes,1.5,8,82418.21,3078.32
Ahmedabad,Bopal,Villa,4,3,2805,0,2,0,Furnished,2,Yes,0.7,7,9125.85,255.98
Bangalore,Indiranagar,Apartment,3,2,1441,6,17,0,Semi-Furnished,1,Yes,5.5,8,24855.66,358.17
Bangalore,HSR Layout,Apartment,2,2,1047,8,30,4,Semi-Furnished,1,Yes,11.7,6,12851.0,134.55
Hyderabad,Jubilee Hills,Apartment,3,2,1153,1,8,0,Furnished,1,No,1.7,7,24495.23,282.43
Kolkata,Alipore,Studio,1,1,473,8,9,0,Semi-Furnished,0,Yes,3.8,5,20763.21,98.21
Ahmedabad,SG Highway,Apartment,3,3,1853,4,7,0,Semi-Furnished,1,Yes,1.4,8,8781.98,162.73
Hyderabad,Gachibowli,Villa,5,4,3585,0,2,1,Unfurnished,3,No,1.6,6,15144.77,542.94
Bangalore,Hebbal,Apartment,3,3,1676,19,19,1,Furnished,2,Yes,0.6,6,15186.75,254.53
Mumbai,Thane West,Independent House,3,2,2349,0,2,4,Semi-Furnished,1,Yes,1.0,6,16077.91,377.67
Hyderabad,Gachibowli,Apartment,1,1,450,7,17,0,Semi-Furnished,2,Yes,2.5,6,13262.22,59.68
Delhi NCR,South Extension,Apartment,2,2,869,2,4,0,Furnished,2,Yes,2.6,6,29970.08,260.44
Delhi NCR,Noida Sector 62,Villa,4,3,3006,0,2,2,Semi-Furnished,2,Yes,0.9,7,12905.52,387.94
Kolkata,Park Street,Villa,5,5,3010,0,2,2,Semi-Furnished,3,Yes,0.9,7,22449.5,675.73
Mumbai,Thane West,Penthouse,4,5,3886,19,20,3,Unfurnished,2,Yes,4.9,4,15896.29,617.73
Delhi NCR,Gurgaon Golf Course Rd,Apartment,2,2,1319,24,27,2,Furnished,1,Yes,0.8,8,37313.87,492.17
Mumbai,Andheri East,Independent House,5,5,3491,0,2,5,Semi-Furnished,2,Yes,0.6,6,21620.74,754.78
Delhi NCR,Vasant Kunj,Apartment,3,2,1322,3,8,8,Semi-Furnished,1,Yes,0.8,10,25130.86,332.23
Mumbai,Juhu,Apartment,2,2,1341,24,31,4,Unfurnished,2,Yes,0.6,7,53394.48,716.02
Mumbai,Worli,Apartment,3,3,1592,14,16,2,Semi-Furnished,0,No,8.1,8,53349.87,849.33
Mumbai,Bandra West,Apartment,2,1,1215,8,15,1,Unfurnished,1,Yes,3.0,7,48453.5,588.71
Pune,Baner,Apartment,2,1,1268,1,4,2,Unfurnished,1,Yes,0.5,6,10376.18,131.57
Hyderabad,Jubilee Hills,Studio,1,1,513,3,8,4,Furnished,0,Yes,1.2,3,26128.65,134.04
Delhi NCR,Gurgaon Golf Course Rd,Apartment,3,3,1575,4,7,1,Unfurnished,1,No,1.4,6,28521.9,449.22
Ahmedabad,Satellite,Independent House,4,4,2706,0,1,0,Unfurnished,1,Yes,1.8,5,10375.46,280.76
Bangalore,Indiranagar,Apartment,2,2,1319,19,27,6,Furnished,1,Yes,5.1,2,18560.27,244.81
Bangalore,HSR Layout,Apartment,1,1,881,10,14,13,Semi-Furnished,1,Yes,2.7,5,11189.56,98.58
Chennai,OMR IT Corridor,Apartment,3,3,1448,1,26,13,Semi-Furnished,1,Yes,3.0,4,5463.4,79.11
Bangalore,Hebbal,Studio,1,1,683,17,19,1,Furnished,1,Yes,0.6,6,13434.85,91.76
Ahmedabad,Prahlad Nagar,Penthouse,5,6,4272,23,24,5,Furnished,3,Yes,1.1,9,17843.16,762.26
Mumbai,Worli,Penthouse,4,5,4059,43,43,2,Furnished,3,Yes,4.4,7,82249.08,3338.49
Ahmedabad,Bopal,Studio,1,1,409,8,19,10,Furnished,0,Yes,1.8,3,5437.65,22.24
Mumbai,Andheri East,Apartment,2,2,1007,5,15,2,Semi-Furnished,1,Yes,3.5,5,23504.47,236.69
Chennai,Anna Nagar,Apartment,1,1,693,13,30,3,Furnished,1,Yes,4.7,8,20639.25,143.03
Delhi NCR,South Extension,Independent House,5,5,3653,0,2,9,Unfurnished,2,No,1.2,5,23103.75,843.98
Ahmedabad,Prahlad Nagar,Apartment,1,1,662,13,18,0,Semi-Furnished,1,Yes,0.7,5,9309.67,61.63
Mumbai,Thane West,Apartment,3,3,1546,6,10,0,Furnished,1,Yes,0.3,10,18439.84,285.08
Delhi NCR,Noida Expressway,Apartment,2,2,875,2,8,6,Semi-Furnished,1,Yes,0.7,6,9474.29,82.9
Ahmedabad,SG Highway,Apartment,3,3,1513,4,5,4,Semi-Furnished,1,Yes,1.3,10,9171.84,138.77
Delhi NCR,Noida Expressway,Apartment,3,3,1638,6,27,6,Unfurnished,1,Yes,3.6,8,10351.65,169.56
Pune,Wakad,Apartment,3,3,1613,4,16,0,Furnished,0,Yes,2.4,10,10597.02,170.93
Pune,Hinjewadi,Apartment,3,3,1433,1,9,0,Furnished,0,Yes,0.6,5,7859.04,112.62
Delhi NCR,Gurgaon Golf Course Rd,Apartment,2,1,813,31,31,18,Unfurnished,1,Yes,1.7,10,31246.0,254.03
Pune,Baner,Apartment,3,3,1714,6,29,1,Unfurnished,0,Yes,2.3,9,12564.18,215.35
Delhi NCR,Noida Sector 62,Apartment,2,2,1430,9,11,1,Semi-Furnished,0,Yes,1.5,7,9237.76,132.1
Kolkata,New Town,Villa,5,5,3336,0,2,1,Semi-Furnished,1,Yes,1.3,9,10501.2,350.32
Mumbai,Juhu,Apartment,2,2,1048,7,12,8,Furnished,2,Yes,0.5,5,58919.85,617.48
Bangalore,Whitefield,Apartment,2,2,1031,12,21,4,Semi-Furnished,1,Yes,0.8,6,12436.47,128.22
Ahmedabad,Bopal,Villa,4,4,2906,0,1,2,Furnished,1,Yes,3.2,9,10367.17,301.27
Chennai,Boat Club Road,Apartment,1,1,582,4,13,3,Furnished,0,Yes,0.4,7,35900.34,208.94
Delhi NCR,Noida Sector 62,Apartment,3,3,1220,24,24,15,Unfurnished,0,Yes,2.8,7,7611.48,92.86
Pune,Hinjewadi,Independent House,3,3,2094,0,2,1,Furnished,2,Yes,1.9,8,11349.57,237.66
Bangalore,HSR Layout,Apartment,4,4,1943,13,15,1,Semi-Furnished,1,Yes,0.6,4,15780.75,306.62
Mumbai,Bandra West,Villa,4,4,2947,0,2,19,Unfurnished,1,No,3.8,6,39106.89,1152.48
Delhi NCR,Gurgaon Golf Course Rd,Independent House,4,4,3043,0,2,1,Furnished,1,No,6.8,7,36442.98,1108.96
Bangalore,Hebbal,Independent House,4,3,2867,0,2,3,Unfurnished,2,Yes,0.4,7,15200.56,435.8
Delhi NCR,Noida Sector 62,Apartment,4,4,1836,17,27,14,Unfurnished,1,Yes,3.0,7,7648.15,140.42
Mumbai,Thane West,Apartment,1,1,489,21,29,7,Semi-Furnished,1,Yes,1.2,6,13083.84,63.98
Ahmedabad,SG Highway,Apartment,4,3,1983,16,22,8,Furnished,1,Yes,2.5,7,7999.5,158.63
Ahmedabad,Prahlad Nagar,Apartment,2,2,885,16,30,0,Furnished,1,Yes,3.9,6,12297.18,108.83
Pune,Koregaon Park,Apartment,2,2,1184,13,20,1,Semi-Furnished,1,Yes,1.5,9,20036.32,237.23
Delhi NCR,Vasant Kunj,Apartment,3,2,1735,17,23,2,Furnished,0,Yes,4.9,6,24892.8,431.89
Bangalore,Hebbal,Apartment,3,3,1647,11,23,1,Furnished,1,No,4.3,7,11779.6,194.01
Hyderabad,Madhapur,Apartment,2,2,1208,10,13,4,Unfurnished,1,Yes,4.5,6,10422.19,125.9
Pune,Kalyani Nagar,Apartment,4,4,1906,13,14,11,Furnished,1,Yes,1.1,9,17363.59,330.95
Mumbai,Navi Mumbai (Vashi),Apartment,2,2,1398,21,29,8,Semi-Furnished,0,Yes,0.6,5,14300.43,199.92
Kolkata,New Town,Independent House,5,5,3357,0,2,0,Furnished,3,No,3.6,5,8171.88,274.33
Chennai,OMR IT Corridor,Apartment,3,3,1603,13,28,8,Semi-Furnished,1,Yes,1.7,9,9215.85,147.73
Kolkata,Ballygunge,Apartment,3,2,1338,1,4,15,Unfurnished,1,Yes,0.9,8,13730.94,183.72
Hyderabad,Banjara Hills,Studio,1,1,439,20,24,8,Furnished,1,Yes,1.0,8,21082.0,92.55
Pune,Hinjewadi,Apartment,3,3,1590,8,25,1,Furnished,1,Yes,1.4,6,9261.64,147.26
Bangalore,Indiranagar,Apartment,4,4,2054,12,27,0,Semi-Furnished,1,Yes,5.6,5,19215.68,394.69
Kolkata,Alipore,Apartment,2,2,1245,14,27,0,Semi-Furnished,1,Yes,1.8,8,25947.79,323.05
Chennai,Velachery,Independent House,3,2,2442,0,2,6,Semi-Furnished,1,Yes,0.8,9,10823.91,264.32
Mumbai,Juhu,Apartment,4,4,2188,8,15,6,Furnished,0,Yes,2.3,5,45909.96,1004.51
Mumbai,Navi Mumbai (Vashi),Apartment,3,3,1553,7,26,4,Furnished,1,Yes,1.1,8,14178.36,220.19
Bangalore,Electronic City,Apartment,3,3,1539,6,13,4,Unfurnished,1,Yes,8.3,5,6770.63,104.2
Hyderabad,HITEC City,Penthouse,5,5,4112,26,27,6,Unfurnished,2,Yes,2.3,5,20044.02,824.21
Ahmedabad,Prahlad Nagar,Apartment,3,3,1900,9,13,6,Semi-Furnished,1,Yes,4.5,4,8848.95,168.13
Mumbai,Navi Mumbai (Vashi),Apartment,3,3,1435,4,22,16,Unfurnished,1,Yes,0.6,8,12232.06,175.53
Delhi NCR,Gurgaon Golf Course Rd,Penthouse,4,5,3474,29,29,7,Semi-Furnished,2,Yes,1.7,7,47359.53,1645.27
Bangalore,Electronic City,Apartment,3,2,1686,3,17,0,Semi-Furnished,1,Yes,2.3,3,6604.39,111.35
Ahmedabad,Prahlad Nagar,Penthouse,4,4,2620,30,30,1,Furnished,3,Yes,3.1,6,18757.25,491.44
Chennai,OMR IT Corridor,Apartment,3,2,1540,9,28,0,Semi-Furnished,2,Yes,8.1,6,7499.35,115.49
Chennai,Anna Nagar,Villa,4,3,2662,0,3,20,Semi-Furnished,2,No,2.1,6,17803.91,473.94
Delhi NCR,Noida Expressway,Apartment,3,3,1666,30,31,12,Furnished,1,Yes,1.3,7,9619.45,160.26
Bangalore,HSR Layout,Villa,4,4,2897,0,2,0,Semi-Furnished,2,Yes,5.2,5,18356.92,531.8
Bangalore,HSR Layout,Penthouse,3,4,2934,41,41,1,Semi-Furnished,2,Yes,0.4,8,21494.55,630.65
Mumbai,Bandra West,Apartment,3,3,1777,3,7,1,Semi-Furnished,1,Yes,4.6,8,50708.5,901.09
Chennai,Velachery,Apartment,2,2,1142,8,19,2,Semi-Furnished,2,No,3.6,9,9365.15,106.95
Hyderabad,Madhapur,Apartment,1,1,468,4,5,8,Unfurnished,1,No,1.0,3,9570.51,44.79
Ahmedabad,Bodakdev,Apartment,3,2,1434,2,29,11,Furnished,1,Yes,1.7,6,11861.92,170.1
Ahmedabad,Bopal,Apartment,2,2,1030,14,17,10,Semi-Furnished,1,Yes,2.2,8,5277.67,54.36
Delhi NCR,South Extension,Apartment,3,2,1755,14,16,1,Semi-Furnished,0,Yes,0.3,6,27166.38,476.77
Hyderabad,Madhapur,Apartment,3,3,1569,8,11,3,Semi-Furnished,0,Yes,0.7,9,13532.19,212.32
Kolkata,Salt Lake Sector V,Apartment,2,1,1108,1,5,1,Semi-Furnished,1,Yes,1.4,6,10335.74,114.52
Chennai,Anna Nagar,Apartment,3,2,1246,2,5,0,Furnished,0,Yes,1.3,10,19666.13,245.04
Bangalore,Koramangala,Independent House,4,3,2611,0,2,10,Unfurnished,1,Yes,1.5,10,22068.56,576.21
Delhi NCR,Vasant Kunj,Apartment,2,2,1207,18,22,0,Semi-Furnished,1,No,4.1,9,25710.85,310.33
Mumbai,Worli,Apartment,2,1,1403,14,14,4,Unfurnished,1,Yes,0.5,6,48001.43,673.46
Ahmedabad,Prahlad Nagar,Apartment,2,1,1131,13,18,3,Semi-Furnished,1,Yes,1.6,7,9874.45,111.68
Pune,Wakad,Apartment,2,2,946,6,9,2,Semi-Furnished,0,No,1.6,5,9031.71,85.44
Bangalore,HSR Layout,Apartment,2,1,1319,2,5,4,Unfurnished,1,Yes,0.7,10,16470.05,217.24
Pune,Kalyani Nagar,Apartment,2,1,1161,8,24,2,Semi-Furnished,1,Yes,3.0,6,16787.25,194.9
Pune,Baner,Apartment,2,2,1151,2,9,2,Semi-Furnished,1,Yes,1.6,4,11753.26,135.28
Bangalore,Electronic City,Villa,5,4,3296,0,2,3,Semi-Furnished,3,Yes,1.5,5,8574.33,282.61
Mumbai,Andheri East,Apartment,2,1,1338,3,30,1,Unfurnished,2,Yes,5.7,6,22570.25,301.99
Pune,Hinjewadi,Independent House,4,3,2577,0,2,2,Semi-Furnished,1,Yes,7.1,7,9532.79,245.66
Delhi NCR,Gurgaon Cyber City,Independent House,5,5,3351,0,2,2,Semi-Furnished,3,Yes,1.9,8,25082.07,840.5
Hyderabad,Gachibowli,Villa,4,3,2941,0,2,3,Furnished,1,Yes,0.9,4,17505.61,514.84
Delhi NCR,Noida Sector 62,Penthouse,6,7,4736,31,31,5,Unfurnished,3,Yes,4.9,7,14790.96,700.5
Chennai,Velachery,Apartment,2,1,946,3,5,2,Furnished,1,No,3.5,6,9397.46,88.9
Delhi NCR,Noida Expressway,Apartment,2,2,983,29,29,11,Semi-Furnished,0,Yes,0.4,8,11380.47,111.87
Delhi NCR,South Extension,Penthouse,5,5,4061,29,29,0,Semi-Furnished,3,Yes,0.7,8,44833.29,1820.68
Chennai,Anna Nagar,Apartment,2,2,812,6,17,3,Semi-Furnished,1,No,1.5,8,14476.6,117.55
Bangalore,Koramangala,Apartment,2,2,1238,22,27,8,Semi-Furnished,1,Yes,3.5,8,22810.99,282.4
Mumbai,Bandra West,Independent House,5,4,3432,0,1,4,Furnished,2,Yes,1.1,8,55847.03,1916.67
Mumbai,Worli,Independent House,5,5,3593,0,1,11,Semi-Furnished,1,Yes,0.6,10,62543.84,2247.2
Hyderabad,Jubilee Hills,Penthouse,4,5,3382,28,28,0,Semi-Furnished,3,Yes,1.2,4,43143.11,1459.1
Pune,Baner,Studio,1,1,509,1,12,11,Unfurnished,1,No,0.8,6,7506.88,38.21
Pune,Wakad,Independent House,4,4,2770,0,2,30,Furnished,3,Yes,0.8,7,8553.79,236.94
Mumbai,Andheri East,Apartment,3,2,1564,5,25,1,Unfurnished,0,No,0.4,4,20966.11,327.91
Mumbai,Thane West,Penthouse,5,6,4224,22,22,4,Semi-Furnished,2,Yes,3.3,5,20413.83,862.28
Mumbai,Navi Mumbai (Vashi),Apartment,3,2,1231,16,25,0,Unfurnished,1,Yes,3.9,8,16480.1,202.87
Bangalore,HSR Layout,Apartment,2,1,518,2,19,14,Semi-Furnished,2,Yes,4.8,6,16359.07,84.74
Delhi NCR,South Extension,Penthouse,5,5,4440,25,26,3,Semi-Furnished,3,Yes,2.8,5,41863.74,1858.75
Bangalore,Hebbal,Apartment,2,2,913,7,12,5,Unfurnished,1,Yes,2.2,10,13405.26,122.39
Delhi NCR,Vasant Kunj,Apartment,1,1,450,8,8,1,Unfurnished,2,Yes,1.7,8,23553.33,105.99
Kolkata,Alipore,Apartment,2,1,818,6,7,4,Semi-Furnished,1,Yes,4.4,5,19836.19,162.26
Bangalore,Whitefield,Villa,4,4,2483,0,2,9,Furnished,2,Yes,1.6,8,13296.01,330.14
Delhi NCR,Gurgaon Golf Course Rd,Apartment,4,4,2160,4,10,4,Semi-Furnished,2,Yes,0.9,7,30052.31,649.13
Hyderabad,HITEC City,Independent House,4,4,2651,0,1,4,Semi-Furnished,3,Yes,0.5,6,14912.11,395.32
Bangalore,Indiranagar,Apartment,2,2,1043,8,20,6,Furnished,1,Yes,4.6,7,21629.91,225.6
Pune,Koregaon Park,Villa,4,4,2612,0,2,1,Furnished,2,No,2.5,4,28246.17,737.79
Chennai,Adyar,Villa,3,3,2346,0,1,1,Unfurnished,1,Yes,5.5,8,25419.44,596.34
Kolkata,New Town,Apartment,2,1,1172,14,16,6,Furnished,0,Yes,3.4,9,8332.76,97.66
Mumbai,Juhu,Apartment,2,1,1208,8,9,0,Semi-Furnished,2,Yes,1.3,7,54646.52,660.13
Kolkata,Park Street,Apartment,2,1,1128,8,13,7,Furnished,1,No,1.5,5,17866.13,201.53
Delhi NCR,Noida Sector 62,Studio,1,1,655,1,7,0,Semi-Furnished,0,No,1.3,7,7352.67,48.16
Bangalore,Electronic City,Independent House,3,3,1575,0,2,1,Furnished,3,Yes,2.2,7,9361.9,147.45
Delhi NCR,Noida Sector 62,Penthouse,3,4,2907,34,34,5,Furnished,2,Yes,1.8,5,13579.98,394.77
Ahmedabad,Bodakdev,Apartment,2,1,1085,16,26,5,Semi-Furnished,1,No,0.9,4,9513.36,103.22
Delhi NCR,Vasant Kunj,Villa,4,4,2596,0,2,4,Unfurnished,2,Yes,0.4,6,30924.5,802.8
Bangalore,HSR Layout,Villa,3,3,1925,0,2,6,Furnished,3,Yes,1.4,6,24064.94,463.25
Pune,Wakad,Independent House,3,2,1829,0,1,10,Semi-Furnished,1,Yes,2.9,5,8396.94,153.58
Bangalore,HSR Layout,Studio,1,1,406,5,23,1,Semi-Furnished,0,Yes,1.6,5,12940.89,52.54
Mumbai,Thane West,Apartment,3,3,1534,3,7,2,Unfurnished,1,Yes,9.0,7,14188.4,217.65
Mumbai,Bandra West,Apartment,1,1,540,1,5,0,Semi-Furnished,2,Yes,5.9,8,39837.04,215.12
Mumbai,Navi Mumbai (Vashi),Independent House,3,2,1903,0,2,7,Semi-Furnished,2,Yes,0.6,9,20178.67,384.0
Mumbai,Bandra West,Independent House,4,4,2519,0,2,30,Semi-Furnished,1,Yes,1.7,7,37234.22,937.93
Mumbai,Juhu,Apartment,2,2,989,5,7,2,Unfurnished,0,Yes,2.7,6,53506.57,529.18
Pune,Kalyani Nagar,Apartment,3,2,1286,3,5,9,Furnished,2,Yes,1.2,8,14818.82,190.57
Mumbai,Navi Mumbai (Vashi),Apartment,3,2,1603,12,12,0,Semi-Furnished,0,Yes,1.3,7,15625.7,250.48
Bangalore,HSR Layout,Apartment,2,1,1292,14,22,1,Unfurnished,1,Yes,0.7,7,16413.31,212.06
Chennai,Boat Club Road,Apartment,2,2,1111,1,19,5,Semi-Furnished,1,No,0.5,5,26777.68,297.5
Delhi NCR,Gurgaon Cyber City,Independent House,5,5,3084,0,3,0,Semi-Furnished,1,Yes,1.2,9,23361.22,720.46
Pune,Baner,Villa,3,3,1931,0,2,0,Semi-Furnished,2,Yes,1.6,7,16910.41,326.54
Mumbai,Andheri East,Apartment,2,1,1038,5,27,4,Semi-Furnished,1,Yes,4.4,6,25141.62,260.97
Mumbai,Worli,Apartment,1,1,613,6,10,9,Semi-Furnished,1,Yes,9.3,6,40507.34,248.31
Mumbai,Navi Mumbai (Vashi),Apartment,2,2,1090,8,9,0,Semi-Furnished,1,Yes,3.0,5,17144.04,186.87
Mumbai,Thane West,Apartment,2,2,1047,2,25,9,Semi-Furnished,2,Yes,6.7,8,11168.1,116.93
Bangalore,Hebbal,Villa,4,4,2179,0,2,0,Semi-Furnished,1,Yes,0.9,9,17129.42,373.25
Mumbai,Juhu,Penthouse,3,3,2377,41,41,4,Unfurnished,2,Yes,1.5,6,86466.55,2055.31
Mumbai,Juhu,Apartment,2,2,1141,7,7,2,Furnished,1,No,3.0,6,53892.2,614.91
Mumbai,Worli,Villa,4,4,2736,0,2,0,Semi-Furnished,1,Yes,2.0,8,67513.16,1847.16
Delhi NCR,Gurgaon Golf Course Rd,Penthouse,3,3,2877,22,22,6,Semi-Furnished,3,Yes,1.5,4,38186.31,1098.62
Mumbai,Juhu,Villa,4,4,2833,0,2,16,Semi-Furnished,2,No,1.7,7,63294.39,1793.13
Bangalore,HSR Layout,Apartment,2,2,867,5,5,2,Furnished,1,Yes,0.4,3,14283.74,123.84
Delhi NCR,Gurgaon Cyber City,Studio,1,1,472,11,18,0,Semi-Furnished,0,Yes,0.3,4,21783.9,102.82
Pune,Koregaon Park,Apartment,2,2,1419,7,30,0,Unfurnished,0,Yes,2.8,10,20787.17,294.97
Mumbai,Thane West,Apartment,3,2,1623,1,19,1,Semi-Furnished,1,Yes,0.3,8,15052.37,244.3
Hyderabad,Jubilee Hills,Apartment,1,1,548,19,27,1,Unfurnished,2,Yes,0.3,9,30958.03,169.65
Pune,Hinjewadi,Apartment,3,3,1403,5,5,1,Unfurnished,1,Yes,4.3,7,9522.45,133.6
Mumbai,Andheri East,Apartment,2,2,1106,8,10,3,Furnished,1,Yes,0.9,5,22665.46,250.68
Chennai,Boat Club Road,Apartment,1,1,500,7,26,1,Furnished,0,Yes,2.5,10,32558.0,162.79
Kolkata,Ballygunge,Apartment,3,3,1427,11,23,0,Unfurnished,1,Yes,1.1,5,17393.83,248.21
Mumbai,Worli,Villa,4,4,2911,0,1,12,Unfurnished,2,Yes,1.2,8,63070.77,1835.99
Bangalore,Koramangala,Penthouse,4,4,3446,20,21,11,Furnished,3,Yes,2.1,6,31105.34,1071.89
Hyderabad,Madhapur,Apartment,2,1,1053,4,12,1,Furnished,1,Yes,4.1,8,13834.76,145.68
Hyderabad,HITEC City,Villa,5,4,3290,0,2,2,Furnished,2,Yes,2.8,6,18499.39,608.63
Mumbai,Bandra West,Villa,4,4,2707,0,3,14,Unfurnished,3,Yes,1.0,8,55536.76,1503.38
Mumbai,Worli,Villa,3,3,1982,0,2,2,Furnished,3,Yes,1.5,6,76120.59,1508.71
Bangalore,Electronic City,Apartment,2,2,644,11,22,0,Semi-Furnished,1,Yes,2.0,6,7242.24,46.64
Delhi NCR,Noida Sector 62,Independent House,4,3,2329,0,3,9,Unfurnished,2,Yes,1.7,4,9295.84,216.5
Pune,Hinjewadi,Studio,1,1,451,10,12,2,Furnished,0,No,4.2,6,6709.53,30.26
Bangalore,Electronic City,Independent House,5,4,3727,0,2,0,Semi-Furnished,3,No,0.8,6,7508.18,279.83
Delhi NCR,Noida Expressway,Apartment,3,2,1488,27,28,4,Furnished,1,Yes,3.0,5,11506.05,171.21
Hyderabad,HITEC City,Apartment,2,2,1215,6,18,1,Unfurnished,1,Yes,3.1,4,11438.68,138.98
Mumbai,Andheri East,Independent House,3,2,2032,0,1,1,Furnished,2,Yes,3.8,5,28761.32,584.43
Bangalore,HSR Layout,Apartment,2,1,1160,1,27,1,Semi-Furnished,1,Yes,2.1,5,14600.0,169.36
Pune,Hinjewadi,Apartment,3,3,1691,20,20,11,Semi-Furnished,2,Yes,0.5,8,8668.84,146.59
Chennai,OMR IT Corridor,Apartment,3,3,1286,4,4,0,Furnished,1,Yes,4.3,10,8826.59,113.51
Delhi NCR,Vasant Kunj,Villa,3,3,1995,0,2,7,Furnished,3,Yes,0.9,6,30197.99,602.45
Delhi NCR,Noida Sector 62,Penthouse,3,4,2549,26,27,4,Semi-Furnished,2,Yes,0.6,7,16805.81,428.38
Mumbai,Andheri East,Apartment,4,3,1998,4,9,8,Furnished,2,Yes,7.1,5,23014.01,459.82
Delhi NCR,Noida Sector 62,Studio,1,1,484,20,23,0,Unfurnished,0,Yes,8.0,9,7896.69,38.22
Delhi NCR,Vasant Kunj,Apartment,1,1,601,17,18,1,Unfurnished,1,Yes,0.5,6,27184.69,163.38
Bangalore,HSR Layout,Independent House,3,3,1972,0,1,5,Semi-Furnished,2,Yes,0.9,8,19668.86,387.87
Bangalore,Indiranagar,Villa,5,5,3027,0,3,19,Semi-Furnished,1,No,3.4,9,23726.46,718.2
Bangalore,Hebbal,Villa,5,5,3621,0,2,3,Semi-Furnished,3,Yes,0.7,6,18188.35,658.6
Mumbai,Andheri East,Studio,1,1,466,7,8,9,Unfurnished,0,No,0.7,7,17206.01,80.18
Bangalore,Electronic City,Apartment,1,1,661,8,8,7,Semi-Furnished,2,Yes,2.2,7,6986.38,46.18
Mumbai,Juhu,Villa,3,3,2048,0,2,1,Furnished,1,Yes,1.4,8,87054.2,1782.87
Bangalore,Koramangala,Apartment,2,2,1187,7,9,1,Furnished,1,Yes,11.9,7,19877.0,235.94
Mumbai,Thane West,Independent House,3,2,2279,0,1,9,Semi-Furnished,3,Yes,4.2,5,14775.34,336.73
Chennai,Adyar,Villa,4,3,2790,0,2,2,Semi-Furnished,3,Yes,1.8,6,24055.56,671.15
Delhi NCR,Gurgaon Golf Course Rd,Independent House,3,3,2158,0,2,12,Semi-Furnished,2,Yes,2.5,8,35986.1,776.58
Pune,Koregaon Park,Apartment,2,2,1080,13,27,1,Furnished,1,No,4.9,5,16071.3,173.57
Hyderabad,Madhapur,Penthouse,6,6,4626,44,44,9,Semi-Furnished,2,Yes,2.6,7,21014.48,972.13
Delhi NCR,Gurgaon Cyber City,Apartment,3,3,1414,15,27,9,Furnished,0,Yes,0.4,8,19979.49,282.51
Mumbai,Navi Mumbai (Vashi),Apartment,3,3,1603,12,20,3,Furnished,1,Yes,1.4,5,16792.89,269.19
Delhi NCR,Noida Expressway,Independent House,4,4,2567,0,2,11,Semi-Furnished,2,Yes,0.6,5,10293.73,264.24
Delhi NCR,Gurgaon Golf Course Rd,Apartment,2,2,992,2,22,2,Furnished,1,Yes,10.2,7,27561.49,273.41
Hyderabad,Banjara Hills,Villa,5,4,3462,0,2,0,Semi-Furnished,1,Yes,1.0,7,33335.07,1154.06
Delhi NCR,Noida Expressway,Apartment,3,3,1765,4,16,1,Semi-Furnished,1,No,1.5,6,9291.78,164.0
Mumbai,Navi Mumbai (Vashi),Apartment,3,3,1466,6,7,4,Semi-Furnished,1,Yes,1.4,5,12343.11,180.95
Bangalore,Indiranagar,Villa,3,3,2274,0,2,2,Semi-Furnished,2,Yes,4.0,6,26239.23,596.68
Bangalore,HSR Layout,Apartment,3,3,1636,10,11,2,Furnished,0,Yes,3.0,4,15986.55,261.54
Pune,Wakad,Apartment,3,2,1750,7,11,2,Furnished,1,Yes,1.6,7,10144.0,177.52
Delhi NCR,Gurgaon Golf Course Rd,Independent House,3,3,2105,0,2,1,Unfurnished,2,Yes,0.4,6,38455.11,809.48
Bangalore,Electronic City,Apartment,2,2,1201,1,27,10,Semi-Furnished,1,Yes,5.3,7,6337.22,76.11
Ahmedabad,Bopal,Independent House,3,3,1595,0,2,0,Semi-Furnished,2,Yes,1.9,7,7825.71,124.82
Pune,Koregaon Park,Apartment,1,1,736,11,20,2,Furnished,1,Yes,4.8,6,19404.89,142.82
Bangalore,HSR Layout,Villa,3,3,2209,0,3,0,Semi-Furnished,3,No,0.7,8,21135.81,466.89
Mumbai,Juhu,Villa,3,3,1758,0,2,2,Semi-Furnished,2,Yes,0.8,8,87702.5,1541.81
Mumbai,Navi Mumbai (Vashi),Independent House,3,3,2155,0,2,9,Semi-Furnished,2,No,9.5,7,13897.45,299.49
Bangalore,Whitefield,Apartment,2,2,1021,8,18,1,Semi-Furnished,1,No,0.9,3,9914.79,101.23
Mumbai,Worli,Villa,3,3,1945,0,2,3,Furnished,1,No,0.4,9,63453.47,1234.17
Mumbai,Andheri East,Independent House,4,4,2535,0,3,1,Furnished,1,Yes,11.5,5,31774.75,805.49
Bangalore,Hebbal,Independent House,3,2,2221,0,3,4,Unfurnished,1,Yes,0.4,7,12450.25,276.52
Mumbai,Thane West,Apartment,1,1,738,2,7,6,Unfurnished,1,Yes,1.3,6,13457.99,99.32
Chennai,Boat Club Road,Penthouse,5,6,3887,22,22,7,Furnished,2,Yes,1.9,7,44624.39,1734.55
Mumbai,Andheri East,Independent House,5,5,2992,0,1,5,Semi-Furnished,3,Yes,1.0,6,24943.18,746.3
Delhi NCR,Noida Expressway,Apartment,3,3,1350,19,21,0,Furnished,1,Yes,2.0,4,11408.15,154.01
Bangalore,Whitefield,Apartment,2,2,1195,8,20,2,Furnished,2,Yes,1.8,5,10425.1,124.58
Ahmedabad,SG Highway,Penthouse,4,5,3410,27,27,8,Semi-Furnished,3,Yes,3.9,6,10665.4,363.69
Mumbai,Thane West,Apartment,1,1,832,14,19,7,Furnished,1,Yes,0.8,6,13335.34,110.95
Bangalore,Koramangala,Studio,1,1,412,10,12,3,Semi-Furnished,0,Yes,2.1,7,17946.6,73.94
Ahmedabad,Bopal,Independent House,3,3,2106,0,2,2,Semi-Furnished,1,No,0.4,6,6106.84,128.61
Chennai,Anna Nagar,Independent House,4,4,3261,0,2,4,Furnished,3,Yes,3.6,6,18979.45,618.92
Hyderabad,Gachibowli,Apartment,3,3,1327,9,16,1,Furnished,2,Yes,3.8,8,12951.02,171.86
Bangalore,Electronic City,Apartment,2,2,1088,6,16,1,Unfurnished,2,Yes,2.1,6,6281.25,68.34
Mumbai,Juhu,Studio,1,1,545,6,7,0,Furnished,0,No,1.0,7,50348.62,274.4
Pune,Baner,Apartment,2,1,1149,22,30,3,Semi-Furnished,1,Yes,2.6,7,13713.66,157.57
Kolkata,Salt Lake Sector V,Villa,4,4,2654,0,3,6,Semi-Furnished,1,Yes,2.4,4,10937.08,290.27
Delhi NCR,Gurgaon Golf Course Rd,Apartment,1,1,485,20,29,0,Semi-Furnished,1,Yes,2.9,4,32084.54,155.61
Delhi NCR,Noida Sector 62,Apartment,1,1,496,1,11,6,Furnished,1,Yes,0.7,8,10312.5,51.15
Bangalore,Whitefield,Apartment,2,2,1048,4,10,0,Furnished,1,Yes,0.6,6,12354.96,129.48
Hyderabad,HITEC City,Apartment,2,2,946,8,9,5,Furnished,2,Yes,1.8,9,13970.4,132.16
Mumbai,Juhu,Studio,1,1,510,2,7,5,Furnished,1,Yes,4.5,6,44984.31,229.42
Bangalore,Koramangala,Apartment,2,2,1115,2,8,2,Semi-Furnished,1,Yes,2.5,9,22769.51,253.88
Delhi NCR,Gurgaon Cyber City,Apartment,2,2,1139,4,16,0,Semi-Furnished,0,No,3.2,5,21833.19,248.68
Delhi NCR,Gurgaon Cyber City,Apartment,3,3,1609,4,4,2,Furnished,1,Yes,0.8,7,17934.74,288.57
Bangalore,Electronic City,Apartment,2,2,1052,15,20,2,Furnished,1,Yes,1.2,5,8499.05,89.41
Mumbai,Thane West,Apartment,2,2,1262,4,4,0,Semi-Furnished,2,Yes,0.8,6,13542.0,170.9
Pune,Hinjewadi,Penthouse,6,7,4757,22,23,3,Semi-Furnished,3,Yes,4.2,6,11998.74,570.78
Bangalore,Hebbal,Apartment,3,2,1426,11,17,0,Unfurnished,0,Yes,1.3,7,16164.8,230.51
Delhi NCR,Noida Expressway,Apartment,2,1,933,4,14,0,Semi-Furnished,1,No,2.8,9,11786.71,109.97
Mumbai,Worli,Apartment,3,2,1615,5,6,24,Semi-Furnished,1,No,1.5,7,39566.56,639.0
Delhi NCR,Gurgaon Cyber City,Studio,1,1,411,2,4,4,Semi-Furnished,1,No,3.3,7,15138.69,62.22
Delhi NCR,Gurgaon Golf Course Rd,Apartment,2,1,1051,2,7,17,Unfurnished,2,Yes,4.1,6,24679.35,259.38
Mumbai,Navi Mumbai (Vashi),Apartment,2,1,1156,30,31,1,Unfurnished,2,Yes,4.4,7,15508.65,179.28
Bangalore,HSR Layout,Independent House,3,3,2452,0,1,3,Semi-Furnished,2,Yes,0.6,2,15276.51,374.58
Mumbai,Worli,Apartment,3,3,1485,7,13,11,Furnished,1,Yes,2.6,6,40067.34,595.0
Mumbai,Juhu,Apartment,3,2,1749,6,20,7,Furnished,1,Yes,9.3,7,51217.84,895.8
Ahmedabad,SG Highway,Apartment,1,1,593,5,12,1,Semi-Furnished,2,Yes,0.9,7,7929.17,47.02
Bangalore,Hebbal,Villa,4,3,2970,0,3,0,Semi-Furnished,2,Yes,5.4,9,20325.93,603.68
Hyderabad,Gachibowli,Apartment,2,2,1041,4,7,2,Semi-Furnished,1,Yes,0.3,8,13170.99,137.11
Bangalore,Electronic City,Villa,3,2,2336,0,2,1,Furnished,2,No,0.5,6,9292.38,217.07
Pune,Koregaon Park,Independent House,5,5,3859,0,1,12,Semi-Furnished,2,Yes,2.8,6,17045.61,657.79
Hyderabad,Gachibowli,Apartment,2,2,1084,29,31,4,Unfurnished,1,Yes,3.5,8,13031.37,141.26
Delhi NCR,Vasant Kunj,Apartment,1,1,548,7,25,3,Furnished,1,Yes,5.0,7,25308.39,138.69
Delhi NCR,Noida Sector 62,Apartment,2,2,972,3,9,6,Semi-Furnished,1,Yes,0.4,5,8485.6,82.48
Bangalore,Whitefield,Villa,3,3,2159,0,2,2,Semi-Furnished,2,Yes,0.4,6,13106.53,282.97
Bangalore,HSR Layout,Apartment,2,2,1488,9,27,0,Unfurnished,0,Yes,2.7,5,17231.85,256.41
Kolkata,Alipore,Apartment,1,1,450,9,20,2,Unfurnished,0,Yes,1.2,8,23891.11,107.51
Chennai,Adyar,Apartment,3,2,1290,27,29,11,Semi-Furnished,1,Yes,10.4,5,18039.53,232.71
Ahmedabad,Bopal,Studio,1,1,446,9,24,12,Semi-Furnished,0,Yes,2.4,6,4856.5,21.66
Mumbai,Juhu,Apartment,1,1,649,5,5,6,Unfurnished,0,Yes,0.4,5,48069.34,311.97
Hyderabad,Banjara Hills,Penthouse,4,5,3771,44,44,11,Semi-Furnished,3,Yes,3.8,6,37932.64,1430.44
Kolkata,Ballygunge,Apartment,3,2,1388,9,12,0,Furnished,1,Yes,4.6,7,18788.9,260.79
Mumbai,Worli,Apartment,3,3,1742,9,11,14,Semi-Furnished,1,Yes,4.2,6,41710.1,726.59
Mumbai,Navi Mumbai (Vashi),Apartment,2,1,1164,3,12,7,Furnished,1,Yes,2.9,10,19655.5,228.79
Hyderabad,Jubilee Hills,Apartment,3,3,1600,12,17,5,Semi-Furnished,1,Yes,0.4,10,29565.62,473.05
Delhi NCR,Noida Sector 62,Apartment,3,3,1664,12,27,1,Unfurnished,0,No,1.3,5,8760.82,145.78
Chennai,Velachery,Apartment,3,3,1413,5,6,8,Semi-Furnished,1,Yes,4.3,6,8263.27,116.76
Mumbai,Thane West,Penthouse,5,5,4285,30,31,4,Semi-Furnished,3,Yes,1.0,9,22526.49,965.26
Hyderabad,Banjara Hills,Villa,4,4,2528,0,2,3,Furnished,2,No,1.6,8,32965.59,833.37
Mumbai,Juhu,Villa,3,2,2234,0,2,1,Semi-Furnished,1,Yes,1.3,8,73480.75,1641.56
Mumbai,Juhu,Apartment,2,2,1257,16,26,1,Furnished,1,Yes,0.9,7,55988.86,703.78
Mumbai,Juhu,Apartment,2,1,1053,10,10,2,Furnished,1,Yes,1.3,6,51027.54,537.32
Hyderabad,Gachibowli,Apartment,3,3,1368,4,6,4,Semi-Furnished,0,Yes,3.7,4,12565.79,171.9
Pune,Hinjewadi,Independent House,5,5,3412,0,3,4,Furnished,1,Yes,0.5,6,9580.01,326.87
Delhi NCR,Noida Sector 62,Penthouse,3,4,2849,21,21,1,Semi-Furnished,3,Yes,10.1,8,14567.92,415.04
Bangalore,Koramangala,Apartment,1,1,450,2,22,2,Semi-Furnished,2,Yes,3.6,6,21446.67,96.51
Chennai,Anna Nagar,Apartment,1,1,870,3,20,15,Unfurnished,0,Yes,0.6,7,14733.33,128.18
Bangalore,Hebbal,Apartment,4,4,2012,16,22,2,Semi-Furnished,1,Yes,6.0,7,13660.04,274.84
Hyderabad,Jubilee Hills,Apartment,2,1,1191,14,18,6,Furnished,2,Yes,3.0,7,26709.49,318.11
Delhi NCR,Gurgaon Cyber City,Apartment,4,4,2123,10,24,2,Furnished,0,No,0.4,6,20948.66,444.74
Bangalore,Indiranagar,Independent House,5,5,3368,0,1,25,Semi-Furnished,1,Yes,3.0,7,17886.88,602.43
Delhi NCR,Noida Expressway,Independent House,5,5,3215,0,1,6,Semi-Furnished,2,Yes,6.8,5,11359.56,365.21
Bangalore,Electronic City,Apartment,2,2,968,17,20,3,Semi-Furnished,1,Yes,1.4,7,7334.71,71.0
Hyderabad,Madhapur,Apartment,1,1,580,10,28,0,Semi-Furnished,1,Yes,2.5,6,13282.76,77.04
Delhi NCR,Vasant Kunj,Studio,1,1,359,3,9,10,Furnished,1,Yes,2.7,2,21618.38,77.61
Bangalore,Electronic City,Apartment,3,3,1471,3,4,9,Semi-Furnished,1,Yes,4.6,7,7069.34,103.99
Chennai,Adyar,Apartment,3,3,1439,18,25,1,Semi-Furnished,2,No,1.2,5,17571.23,252.85
Bangalore,Electronic City,Apartment,2,1,1331,7,8,0,Furnished,1,Yes,1.6,8,9208.11,122.56
Delhi NCR,Noida Sector 62,Apartment,2,1,1392,1,4,4,Furnished,1,Yes,2.5,9,8998.56,125.26
Kolkata,New Town,Apartment,3,3,1429,16,21,10,Furnished,1,Yes,2.2,2,7552.83,107.93
Pune,Kalyani Nagar,Villa,4,4,2435,0,3,2,Furnished,2,Yes,0.3,8,21886.24,532.93
Mumbai,Thane West,Apartment,3,3,1456,18,18,0,Semi-Furnished,1,Yes,2.4,7,16302.2,237.36
Kolkata,Alipore,Apartment,1,1,720,10,13,2,Furnished,1,Yes,2.9,10,30066.67,216.48
Pune,Koregaon Park,Independent House,3,3,1793,0,1,0,Furnished,3,No,0.5,7,21586.17,387.04
Bangalore,Koramangala,Apartment,3,3,1268,8,19,6,Furnished,2,Yes,0.7,6,21731.86,275.56
Mumbai,Navi Mumbai (Vashi),Penthouse,4,5,3537,32,32,2,Unfurnished,3,Yes,0.5,9,26880.97,950.78
Hyderabad,Gachibowli,Penthouse,4,4,3527,41,42,1,Unfurnished,3,Yes,1.1,7,16572.44,584.51
Pune,Hinjewadi,Apartment,2,2,1236,1,21,2,Furnished,0,Yes,0.4,7,8491.1,104.95
Delhi NCR,Vasant Kunj,Villa,4,4,2676,0,3,9,Semi-Furnished,2,Yes,2.0,5,31719.73,848.82
Chennai,Velachery,Apartment,2,1,782,1,8,5,Furnished,1,Yes,0.4,7,10768.54,84.21
Hyderabad,HITEC City,Studio,1,1,458,3,4,4,Semi-Furnished,1,Yes,1.6,10,12561.14,57.53
Mumbai,Navi Mumbai (Vashi),Apartment,2,1,1272,9,23,0,Furnished,1,Yes,0.8,9,15676.1,199.4
Bangalore,Koramangala,Studio,1,1,425,15,17,3,Semi-Furnished,0,Yes,0.4,7,19000.0,80.75
Bangalore,HSR Layout,Villa,5,5,3312,0,3,0,Semi-Furnished,2,Yes,2.2,7,18030.19,597.16
Hyderabad,Gachibowli,Apartment,2,2,1386,3,9,12,Unfurnished,1,Yes,1.2,8,13007.22,180.28
Mumbai,Navi Mumbai (Vashi),Apartment,1,1,547,21,23,6,Furnished,2,Yes,1.7,10,19091.41,104.43
Delhi NCR,Vasant Kunj,Studio,1,1,408,2,24,8,Unfurnished,0,No,1.5,9,19693.63,80.35
Hyderabad,Banjara Hills,Villa,3,2,2463,0,2,0,Semi-Furnished,3,No,0.5,5,37408.85,921.38
Chennai,Boat Club Road,Apartment,2,1,1294,6,12,30,Furnished,1,Yes,1.5,5,27442.81,355.11
Bangalore,Indiranagar,Independent House,3,3,2291,0,2,1,Semi-Furnished,1,Yes,2.0,7,24221.74,554.92
Chennai,Velachery,Apartment,1,1,450,12,17,3,Furnished,1,Yes,2.7,7,11322.22,50.95
Mumbai,Navi Mumbai (Vashi),Apartment,3,3,1418,4,4,7,Furnished,1,Yes,3.9,6,13765.16,195.19
Chennai,Velachery,Apartment,3,3,1577,12,30,1,Furnished,0,Yes,0.8,6,10097.65,159.24
Mumbai,Thane West,Apartment,4,4,2084,12,13,0,Semi-Furnished,0,Yes,5.2,4,15418.91,321.33
Bangalore,Whitefield,Villa,4,3,2419,0,2,1,Semi-Furnished,2,Yes,3.6,6,16364.61,395.86
Hyderabad,Jubilee Hills,Apartment,3,3,1750,16,16,7,Unfurnished,2,Yes,0.8,6,26613.14,465.73
Mumbai,Bandra West,Villa,3,3,2039,0,2,1,Furnished,2,No,1.5,10,62733.2,1279.13
Bangalore,Hebbal,Apartment,3,3,1451,1,7,4,Unfurnished,1,No,5.2,8,13153.69,190.86
Hyderabad,Jubilee Hills,Apartment,3,3,1366,14,29,0,Furnished,2,Yes,2.8,4,28625.92,391.03
Hyderabad,Madhapur,Apartment,4,4,2253,24,28,17,Semi-Furnished,1,Yes,1.0,6,11006.21,247.97
Pune,Baner,Apartment,2,1,1544,4,8,1,Semi-Furnished,1,Yes,5.8,8,11691.06,180.51
Pune,Baner,Apartment,2,2,904,22,29,2,Furnished,1,Yes,2.8,9,13139.38,118.78
Delhi NCR,South Extension,Apartment,2,2,1190,3,7,2,Unfurnished,0,Yes,0.3,9,31768.07,378.04
Bangalore,Koramangala,Apartment,2,1,1189,26,28,2,Furnished,1,Yes,1.5,7,22392.77,266.25
Bangalore,Indiranagar,Apartment,4,4,2040,17,20,0,Semi-Furnished,1,Yes,3.5,9,21451.96,437.62
Mumbai,Navi Mumbai (Vashi),Apartment,4,4,2128,2,14,7,Semi-Furnished,1,Yes,0.8,5,14884.87,316.75
Kolkata,Ballygunge,Apartment,2,1,1437,6,9,0,Semi-Furnished,1,Yes,0.5,10,16748.09,240.67
Delhi NCR,Noida Expressway,Penthouse,6,7,5202,27,28,2,Semi-Furnished,2,Yes,1.3,9,14544.21,756.59
Bangalore,HSR Layout,Penthouse,3,3,2476,44,44,0,Semi-Furnished,3,Yes,15.0,8,23216.07,574.83
Delhi NCR,Gurgaon Golf Course Rd,Apartment,4,4,1930,13,19,1,Furnished,1,Yes,1.8,3,31166.84,601.52
Kolkata,Salt Lake Sector V,Apartment,1,1,544,5,20,13,Semi-Furnished,1,Yes,6.8,9,8181.99,44.51
Mumbai,Worli,Apartment,3,3,1581,1,5,4,Unfurnished,0,Yes,1.7,6,48537.0,767.37
Delhi NCR,South Extension,Studio,1,1,538,9,17,1,Furnished,0,Yes,0.6,6,27710.04,149.08
Delhi NCR,Gurgaon Cyber City,Apartment,3,2,1255,7,14,1,Furnished,1,No,1.8,9,22512.35,282.53
Pune,Wakad,Apartment,3,3,1645,6,6,0,Semi-Furnished,0,Yes,1.1,4,9816.41,161.48
Mumbai,Worli,Apartment,2,1,1119,17,22,6,Semi-Furnished,1,Yes,6.9,4,43562.11,487.46
Chennai,Anna Nagar,Apartment,2,1,1093,26,30,2,Semi-Furnished,1,Yes,3.2,8,20103.39,219.73
Kolkata,New Town,Apartment,2,2,1069,9,12,2,Furnished,1,Yes,2.7,8,7975.68,85.26
Delhi NCR,Vasant Kunj,Villa,3,2,2266,0,2,3,Semi-Furnished,2,Yes,0.7,3,33904.68,768.28
Pune,Baner,Apartment,2,1,1227,2,26,1,Furnished,1,Yes,1.8,5,11853.3,145.44
Kolkata,Salt Lake Sector V,Independent House,3,2,2101,0,2,6,Semi-Furnished,1,Yes,0.8,5,11287.48,237.15
Pune,Koregaon Park,Apartment,3,3,1472,18,26,7,Semi-Furnished,1,No,4.6,7,16081.52,236.72
Mumbai,Andheri East,Apartment,2,1,938,13,28,7,Furnished,0,Yes,3.9,5,19782.52,185.56
Delhi NCR,Vasant Kunj,Penthouse,4,5,3636,32,33,1,Semi-Furnished,3,Yes,4.2,5,44903.47,1632.69
Pune,Koregaon Park,Apartment,2,2,1315,1,6,9,Unfurnished,1,Yes,5.1,7,14014.45,184.29
Delhi NCR,Noida Sector 62,Villa,3,3,2212,0,2,0,Semi-Furnished,2,Yes,1.3,6,13377.49,295.91
Hyderabad,Gachibowli,Apartment,2,1,1257,16,19,4,Unfurnished,1,Yes,10.8,7,10852.03,136.41
Kolkata,New Town,Apartment,3,2,1869,4,4,0,Semi-Furnished,1,Yes,3.7,6,7164.79,133.91
Kolkata,Salt Lake Sector V,Studio,1,1,437,1,4,11,Semi-Furnished,1,No,1.6,6,6560.64,28.67
Delhi NCR,Noida Expressway,Apartment,2,1,1303,10,14,9,Furnished,0,Yes,2.7,6,9805.07,127.76
Mumbai,Navi Mumbai (Vashi),Villa,3,3,2699,0,2,0,Furnished,1,No,1.9,6,19795.48,534.28
Ahmedabad,SG Highway,Apartment,3,3,1470,14,21,0,Furnished,1,Yes,6.0,7,9438.78,138.75
Chennai,OMR IT Corridor,Villa,4,4,2598,0,1,0,Semi-Furnished,1,No,0.7,1,9725.17,252.66
Mumbai,Navi Mumbai (Vashi),Apartment,2,1,1095,1,6,1,Unfurnished,1,Yes,2.3,8,15290.41,167.43
Kolkata,New Town,Apartment,4,4,2168,6,14,1,Semi-Furnished,2,Yes,0.9,6,7590.41,164.56
Chennai,OMR IT Corridor,Villa,4,4,2783,0,2,3,Semi-Furnished,2,Yes,2.6,8,10812.79,300.92
Delhi NCR,Vasant Kunj,Penthouse,4,4,3799,23,23,18,Semi-Furnished,3,Yes,1.7,5,31154.25,1183.55
Delhi NCR,Gurgaon Cyber City,Penthouse,5,6,3861,27,28,17,Semi-Furnished,3,Yes,4.5,9,25883.45,999.36
Bangalore,HSR Layout,Villa,3,2,1835,0,2,5,Semi-Furnished,3,Yes,4.5,10,23622.89,433.48
Mumbai,Bandra West,Penthouse,3,4,2422,25,25,14,Semi-Furnished,3,Yes,6.2,8,67575.97,1636.69
Bangalore,Hebbal,Apartment,3,3,1360,5,10,15,Semi-Furnished,2,Yes,0.6,5,10818.38,147.13
Hyderabad,HITEC City,Apartment,3,3,1421,9,26,2,Furnished,1,Yes,5.6,6,15671.36,222.69
Mumbai,Navi Mumbai (Vashi),Apartment,3,2,1634,9,22,0,Unfurnished,1,Yes,0.8,6,13872.71,226.68
Bangalore,Indiranagar,Apartment,3,3,1452,26,30,4,Furnished,1,No,1.9,10,22462.12,326.15
Bangalore,Hebbal,Apartment,3,3,1546,19,24,3,Furnished,1,No,2.3,7,14823.42,229.17
Delhi NCR,Vasant Kunj,Apartment,2,2,1131,1,6,0,Unfurnished,1,Yes,10.7,4,24531.39,277.45
Kolkata,Salt Lake Sector V,Apartment,2,2,877,3,6,7,Furnished,1,Yes,2.4,7,9245.15,81.08
Bangalore,Hebbal,Independent House,4,3,2571,0,2,1,Semi-Furnished,2,Yes,3.2,9,15762.35,405.25
Bangalore,Whitefield,Apartment,4,4,1908,4,4,1,Semi-Furnished,0,No,0.3,6,8455.97,161.34
Hyderabad,Gachibowli,Apartment,2,2,1343,1,14,3,Semi-Furnished,2,Yes,3.2,8,12052.12,161.86
Delhi NCR,Noida Sector 62,Apartment,1,1,660,9,15,0,Furnished,0,Yes,4.3,6,10265.15,67.75
Bangalore,Whitefield,Villa,3,3,2002,0,1,1,Semi-Furnished,2,Yes,1.7,8,14538.46,291.06
Delhi NCR,Noida Expressway,Independent House,5,5,3265,0,1,2,Semi-Furnished,1,No,1.0,5,10685.45,348.88
Mumbai,Andheri East,Independent House,4,3,2965,0,2,2,Semi-Furnished,1,No,1.6,7,24191.91,717.29
Mumbai,Andheri East,Apartment,3,3,1701,4,19,9,Semi-Furnished,1,Yes,1.7,5,20289.24,345.12
Delhi NCR,South Extension,Apartment,3,3,1628,7,14,2,Unfurnished,1,Yes,0.7,3,28908.48,470.63
Bangalore,Indiranagar,Apartment,3,3,1466,7,15,1,Furnished,1,Yes,6.4,8,26072.31,382.22
Kolkata,Park Street,Apartment,2,2,1035,22,26,1,Semi-Furnished,0,No,0.4,8,17071.5,176.69
Bangalore,Hebbal,Apartment,2,1,1079,13,16,0,Semi-Furnished,1,Yes,3.0,5,12374.42,133.52
Delhi NCR,Vasant Kunj,Apartment,2,1,1078,28,31,14,Unfurnished,2,No,2.9,7,18582.56,200.32
Pune,Koregaon Park,Apartment,4,4,2074,9,27,0,Furnished,1,No,1.7,7,18393.44,381.48
Mumbai,Juhu,Studio,1,1,459,4,18,1,Semi-Furnished,0,No,1.6,6,44063.18,202.25
Pune,Kalyani Nagar,Studio,1,1,514,6,19,7,Unfurnished,1,Yes,1.3,5,11910.51,61.22
Mumbai,Andheri East,Apartment,2,2,1112,7,22,1,Furnished,1,Yes,1.8,8,28726.62,319.44
Ahmedabad,Prahlad Nagar,Apartment,1,1,450,17,24,0,Unfurnished,1,Yes,1.8,5,8793.33,39.57
Mumbai,Bandra West,Apartment,4,3,2187,25,30,2,Furnished,1,Yes,3.6,5,52182.44,1141.23
Bangalore,Indiranagar,Apartment,2,2,988,17,19,10,Semi-Furnished,1,Yes,0.8,8,21328.95,210.73
Mumbai,Bandra West,Studio,1,1,333,2,23,8,Unfurnished,0,Yes,0.5,10,44603.6,148.53
Ahmedabad,Prahlad Nagar,Apartment,2,1,1019,27,29,4,Semi-Furnished,1,Yes,1.7,6,9307.16,94.84
Delhi NCR,Noida Sector 62,Villa,4,4,2437,0,2,3,Semi-Furnished,2,Yes,1.0,8,14127.62,344.29
Delhi NCR,Vasant Kunj,Apartment,3,3,1445,21,26,5,Furnished,0,Yes,1.0,8,27191.7,392.92
Mumbai,Andheri East,Studio,1,1,400,2,10,1,Unfurnished,1,No,6.1,6,19272.5,77.09
Hyderabad,Madhapur,Apartment,3,2,1490,11,13,1,Semi-Furnished,1,No,0.7,5,12936.91,192.76
Mumbai,Worli,Villa,4,4,2484,0,1,3,Furnished,2,Yes,5.5,6,66695.25,1656.71
Chennai,Boat Club Road,Apartment,2,2,818,13,18,24,Semi-Furnished,1,Yes,1.6,8,27097.8,221.66
Mumbai,Worli,Independent House,5,5,3042,0,2,5,Semi-Furnished,2,Yes,1.9,4,56706.77,1725.02
Mumbai,Worli,Apartment,3,3,1512,18,22,1,Furnished,0,Yes,0.9,8,56897.49,860.29
Mumbai,Thane West,Apartment,2,2,1352,9,24,7,Furnished,1,Yes,6.2,8,15533.28,210.01
Delhi NCR,South Extension,Penthouse,4,4,4024,42,42,0,Furnished,3,Yes,0.5,6,43850.4,1764.54
Delhi NCR,Noida Expressway,Penthouse,5,6,4008,35,35,15,Semi-Furnished,3,Yes,3.0,8,15161.18,607.66
Mumbai,Juhu,Penthouse,4,5,2951,43,44,1,Semi-Furnished,3,Yes,2.6,6,85197.56,2514.18
Hyderabad,HITEC City,Independent House,3,3,1961,0,3,6,Semi-Furnished,2,Yes,0.5,8,14540.03,285.13
Delhi NCR,Vasant Kunj,Villa,4,3,2840,0,3,6,Unfurnished,1,No,1.3,7,34854.23,989.86
Delhi NCR,Noida Sector 62,Apartment,2,2,1142,8,21,0,Unfurnished,1,Yes,2.4,8,9428.2,107.67
Delhi NCR,Vasant Kunj,Apartment,3,3,1479,2,16,0,Semi-Furnished,2,Yes,0.7,6,23820.82,352.31
Bangalore,Indiranagar,Apartment,3,3,1614,1,9,7,Furnished,1,Yes,2.5,6,23172.86,374.01
Delhi NCR,Gurgaon Golf Course Rd,Independent House,3,2,2306,0,2,7,Semi-Furnished,1,Yes,0.5,5,33063.31,762.44
Mumbai,Worli,Apartment,2,2,936,16,20,0,Semi-Furnished,1,Yes,3.6,6,52011.75,486.83
Mumbai,Bandra West,Apartment,2,2,1437,5,6,0,Semi-Furnished,1,Yes,1.3,5,47683.37,685.21
Chennai,Velachery,Apartment,3,2,1481,4,8,1,Semi-Furnished,1,No,6.0,6,10060.77,149.0
Kolkata,Ballygunge,Villa,4,3,2741,0,2,1,Semi-Furnished,1,Yes,0.4,4,21372.49,585.82
Bangalore,Hebbal,Apartment,2,2,1377,27,31,0,Unfurnished,1,Yes,4.3,6,12867.1,177.18
Bangalore,Whitefield,Apartment,4,3,2072,6,6,0,Furnished,0,Yes,1.2,4,9013.03,186.75
Pune,Baner,Apartment,4,4,2297,4,15,19,Semi-Furnished,1,Yes,3.0,9,9636.05,221.34
Bangalore,Whitefield,Apartment,1,1,908,2,11,1,Furnished,1,Yes,2.7,9,10813.88,98.19
Mumbai,Worli,Apartment,1,1,566,19,25,4,Unfurnished,0,Yes,0.5,6,53017.67,300.08
Mumbai,Andheri East,Independent House,3,3,1718,0,2,0,Furnished,2,Yes,1.3,5,33153.08,569.57
Pune,Kalyani Nagar,Independent House,3,2,2218,0,2,0,Furnished,2,Yes,3.8,9,19849.41,440.26
Pune,Kalyani Nagar,Independent House,4,4,2636,0,2,2,Semi-Furnished,2,Yes,3.0,7,15615.33,411.62
Mumbai,Navi Mumbai (Vashi),Apartment,1,1,581,10,26,0,Semi-Furnished,1,Yes,9.8,7,14499.14,84.24
Bangalore,Koramangala,Villa,3,3,1518,0,2,4,Furnished,2,Yes,6.1,7,25655.47,389.45
Bangalore,Hebbal,Apartment,3,3,1654,1,10,16,Semi-Furnished,1,Yes,2.5,7,10527.81,174.13
Pune,Kalyani Nagar,Apartment,2,2,1295,15,15,0,Semi-Furnished,0,Yes,3.3,7,19561.39,253.32
Mumbai,Navi Mumbai (Vashi),Villa,3,2,2027,0,2,2,Furnished,2,No,0.4,10,21834.24,442.58
Mumbai,Juhu,Apartment,3,3,1669,1,9,1,Furnished,1,Yes,0.7,4,57381.67,957.7
Hyderabad,HITEC City,Apartment,2,2,1183,8,10,5,Unfurnished,1,Yes,9.0,7,12565.51,148.65
Mumbai,Andheri East,Penthouse,4,4,3512,35,35,11,Semi-Furnished,3,Yes,0.7,8,32383.54,1137.31
Pune,Hinjewadi,Apartment,2,2,1221,29,30,0,Semi-Furnished,1,Yes,0.3,4,7647.01,93.37
Bangalore,Whitefield,Independent House,4,4,2738,0,2,0,Semi-Furnished,3,No,1.3,9,10629.66,291.04
Mumbai,Thane West,Apartment,4,3,2018,8,22,7,Furnished,1,No,2.2,5,13114.47,264.65
Bangalore,Electronic City,Independent House,4,4,2705,0,2,1,Furnished,2,No,1.3,8,8024.77,217.07
Hyderabad,HITEC City,Apartment,3,3,1476,3,12,6,Furnished,1,No,0.8,6,13188.35,194.66
Chennai,Boat Club Road,Apartment,3,3,1438,2,11,0,Unfurnished,1,Yes,0.7,10,29417.94,423.03
Chennai,Anna Nagar,Independent House,4,3,2352,0,2,0,Unfurnished,2,Yes,1.1,6,16721.51,393.29
Bangalore,Whitefield,Apartment,4,4,1876,2,11,8,Semi-Furnished,1,Yes,0.5,5,9949.36,186.65
Pune,Koregaon Park,Apartment,2,2,1048,11,15,2,Furnished,1,Yes,0.5,6,20941.79,219.47
Mumbai,Juhu,Apartment,2,2,1034,16,22,6,Furnished,2,Yes,1.7,8,65576.4,678.06
Bangalore,Indiranagar,Apartment,2,2,1145,9,15,6,Semi-Furnished,2,Yes,1.4,8,25604.37,293.17
Chennai,Boat Club Road,Apartment,3,3,1508,5,22,18,Semi-Furnished,1,Yes,2.9,5,28466.18,429.27
Mumbai,Andheri East,Apartment,4,4,2422,17,29,1,Furnished,2,No,2.2,9,23114.78,559.84
Mumbai,Bandra West,Penthouse,5,5,4434,44,44,17,Unfurnished,3,Yes,5.0,6,59786.2,2650.92
Mumbai,Worli,Apartment,2,2,1027,25,26,2,Semi-Furnished,1,Yes,1.3,8,54313.53,557.8
Mumbai,Navi Mumbai (Vashi),Apartment,2,1,958,5,8,3,Unfurnished,1,No,1.0,8,12498.96,119.74
Mumbai,Navi Mumbai (Vashi),Apartment,3,3,1589,9,16,1,Semi-Furnished,1,Yes,15.0,10,15829.45,251.53
Delhi NCR,Noida Sector 62,Apartment,2,1,923,14,23,1,Semi-Furnished,1,Yes,0.8,4,8949.08,82.6
Delhi NCR,Gurgaon Golf Course Rd,Penthouse,4,4,3696,37,37,1,Semi-Furnished,3,Yes,3.6,6,43672.89,1614.15
Chennai,Velachery,Apartment,2,2,763,13,20,2,Semi-Furnished,2,Yes,2.5,7,8432.5,64.34
Hyderabad,Madhapur,Studio,1,1,420,7,24,4,Semi-Furnished,1,No,7.6,7,10411.9,43.73
Bangalore,HSR Layout,Apartment,1,1,576,6,8,0,Semi-Furnished,2,Yes,4.5,5,16480.9,94.93
Bangalore,Whitefield,Villa,4,4,2853,0,1,3,Semi-Furnished,2,Yes,3.8,6,16376.45,467.22
Bangalore,Indiranagar,Apartment,3,3,1593,5,9,6,Unfurnished,1,Yes,3.6,7,16801.63,267.65
Delhi NCR,Noida Expressway,Penthouse,3,4,3073,30,30,1,Semi-Furnished,2,Yes,3.5,5,17867.56,549.07
Bangalore,HSR Layout,Apartment,2,2,1170,19,22,11,Semi-Furnished,1,Yes,1.2,7,15238.46,178.29
Pune,Wakad,Apartment,3,3,1600,7,8,4,Unfurnished,1,Yes,0.8,4,8419.38,134.71
Bangalore,Hebbal,Apartment,1,1,466,5,30,2,Furnished,1,Yes,1.6,6,13542.92,63.11
Delhi NCR,Vasant Kunj,Apartment,2,2,1211,5,12,3,Furnished,1,Yes,0.9,5,26079.27,315.82
Delhi NCR,South Extension,Penthouse,6,7,5105,23,24,11,Semi-Furnished,2,Yes,0.7,5,34578.06,1765.21
Bangalore,Hebbal,Apartment,1,1,580,7,13,1,Semi-Furnished,1,No,1.5,8,12272.41,71.18
Kolkata,Park Street,Apartment,2,1,1216,5,11,6,Unfurnished,1,Yes,2.3,5,14678.45,178.49
Hyderabad,Madhapur,Villa,3,2,2278,0,3,0,Semi-Furnished,2,Yes,1.7,4,18845.04,429.29
Mumbai,Andheri East,Apartment,2,2,1072,3,8,1,Semi-Furnished,1,Yes,2.6,4,18748.13,200.98
Chennai,Anna Nagar,Studio,1,1,432,4,6,4,Semi-Furnished,0,Yes,1.2,8,16368.06,70.71
Delhi NCR,Gurgaon Golf Course Rd,Independent House,4,4,2630,0,3,8,Furnished,1,Yes,3.9,8,40955.89,1077.14
Chennai,Velachery,Apartment,2,2,1227,12,16,1,Semi-Furnished,1,Yes,1.6,5,10382.23,127.39
Hyderabad,Gachibowli,Penthouse,5,5,4095,20,20,4,Unfurnished,3,Yes,1.6,6,19377.05,793.49
Delhi NCR,Gurgaon Cyber City,Apartment,2,1,1425,6,26,8,Furnished,1,Yes,2.4,6,21719.3,309.5
Mumbai,Andheri East,Apartment,2,1,1064,14,14,7,Semi-Furnished,2,Yes,2.4,10,22603.38,240.5
Bangalore,Hebbal,Apartment,2,1,925,3,23,10,Semi-Furnished,0,Yes,2.6,5,13332.97,123.33
Delhi NCR,South Extension,Apartment,2,1,1291,14,30,11,Furnished,1,No,0.3,8,29398.92,379.54
Pune,Hinjewadi,Villa,3,3,1951,0,2,17,Furnished,2,Yes,0.8,4,9190.67,179.31
Bangalore,Indiranagar,Penthouse,4,5,3723,34,34,3,Unfurnished,3,Yes,3.4,10,30127.05,1121.63
Mumbai,Bandra West,Apartment,1,1,631,2,10,2,Semi-Furnished,1,Yes,4.3,5,44534.07,281.01
Chennai,Anna Nagar,Apartment,1,1,722,6,6,11,Furnished,1,Yes,1.9,7,17344.88,125.23
Ahmedabad,Bodakdev,Studio,1,1,401,15,24,7,Furnished,1,Yes,7.8,5,8461.35,33.93
Delhi NCR,South Extension,Apartment,2,1,1094,20,29,22,Semi-Furnished,1,Yes,3.0,3,23850.09,260.92
Mumbai,Bandra West,Apartment,3,2,1735,8,14,1,Semi-Furnished,1,Yes,2.7,4,44836.31,777.91
Bangalore,Hebbal,Apartment,3,3,1482,14,25,8,Semi-Furnished,0,Yes,0.6,8,11988.53,177.67
Mumbai,Worli,Penthouse,4,5,3758,40,40,0,Furnished,2,Yes,0.3,9,94421.23,3548.35
Kolkata,Alipore,Apartment,2,1,1206,4,6,1,Unfurnished,1,Yes,1.3,8,23966.83,289.04
Mumbai,Bandra West,Villa,3,2,1901,0,1,0,Semi-Furnished,2,Yes,8.1,5,69276.7,1316.95
Delhi NCR,South Extension,Villa,4,4,2728,0,3,2,Furnished,2,Yes,1.7,7,41695.75,1137.46
Bangalore,Electronic City,Apartment,2,2,1257,21,23,9,Semi-Furnished,1,Yes,4.4,4,6593.48,82.88
Delhi NCR,Gurgaon Golf Course Rd,Apartment,3,2,1766,8,13,14,Semi-Furnished,1,Yes,0.5,7,29915.06,528.3
Pune,Hinjewadi,Villa,4,4,2998,0,1,0,Unfurnished,2,Yes,5.9,7,13289.53,398.42
Chennai,Velachery,Apartment,2,1,802,16,17,7,Unfurnished,1,Yes,6.9,7,9591.02,76.92
Mumbai,Andheri East,Villa,5,5,3867,0,2,4,Furnished,2,Yes,1.8,5,34576.16,1337.06
Mumbai,Navi Mumbai (Vashi),Studio,1,1,401,19,23,1,Unfurnished,0,Yes,2.6,8,15683.29,62.89
Mumbai,Thane West,Independent House,3,3,2205,0,2,10,Semi-Furnished,2,Yes,0.5,7,15782.77,348.01
Kolkata,Salt Lake Sector V,Villa,3,3,2278,0,2,12,Unfurnished,2,Yes,0.7,4,9173.4,208.97
Chennai,Velachery,Villa,4,3,2799,0,1,2,Furnished,2,Yes,7.1,5,12518.76,350.4
Delhi NCR,Gurgaon Cyber City,Villa,4,4,2597,0,3,0,Semi-Furnished,1,Yes,3.5,5,31154.02,809.07
Pune,Hinjewadi,Apartment,2,2,997,16,30,9,Furnished,2,Yes,2.9,3,6391.17,63.72
Pune,Koregaon Park,Apartment,2,1,1152,8,13,2,Unfurnished,1,Yes,3.3,7,17031.25,196.2
Mumbai,Andheri East,Apartment,4,4,1946,8,19,0,Furnished,1,Yes,2.3,5,25441.42,495.09
Kolkata,Salt Lake Sector V,Independent House,4,3,2675,0,3,4,Semi-Furnished,1,Yes,1.2,7,10326.36,276.23
Bangalore,Whitefield,Apartment,3,3,1716,7,7,0,Semi-Furnished,0,Yes,3.6,8,10797.79,185.29
Bangalore,Electronic City,Villa,4,4,2827,0,2,1,Semi-Furnished,2,Yes,2.2,8,9725.5,274.94
Delhi NCR,Gurgaon Cyber City,Apartment,2,1,853,5,13,5,Semi-Furnished,2,Yes,6.5,6,18762.02,160.04
Mumbai,Bandra West,Independent House,3,3,2202,0,3,0,Unfurnished,2,Yes,2.0,9,64290.64,1415.68
Mumbai,Andheri East,Apartment,2,2,1122,14,30,2,Semi-Furnished,1,Yes,1.6,3,22617.65,253.77
Hyderabad,Banjara Hills,Villa,3,2,2246,0,2,3,Unfurnished,2,Yes,2.3,5,31837.93,715.08
Mumbai,Thane West,Apartment,1,1,450,4,4,5,Furnished,1,Yes,1.2,1,12948.89,58.27
Pune,Hinjewadi,Apartment,2,2,1184,5,25,4,Semi-Furnished,1,Yes,0.3,5,8788.01,104.05
Bangalore,Koramangala,Apartment,4,4,2145,7,7,0,Semi-Furnished,2,Yes,1.5,8,19973.43,428.43
Bangalore,Whitefield,Villa,3,3,2058,0,2,3,Furnished,2,Yes,4.8,7,14780.37,304.18
Bangalore,Koramangala,Apartment,3,2,1573,5,9,12,Semi-Furnished,1,Yes,4.7,7,16493.96,259.45
Bangalore,Electronic City,Apartment,3,2,1326,18,30,3,Semi-Furnished,2,Yes,4.1,9,7998.49,106.06
Pune,Baner,Studio,1,1,407,6,24,5,Semi-Furnished,1,No,0.3,6,9289.93,37.81
Bangalore,Indiranagar,Independent House,4,4,2964,0,1,2,Semi-Furnished,2,Yes,0.7,9,27043.52,801.57
Delhi NCR,South Extension,Studio,1,1,355,8,17,3,Semi-Furnished,1,Yes,2.1,5,24746.48,87.85
Delhi NCR,South Extension,Apartment,1,1,836,7,28,0,Furnished,1,Yes,6.3,5,28846.89,241.16
Pune,Baner,Apartment,3,3,1474,4,11,0,Furnished,2,No,3.3,9,12931.48,190.61
Kolkata,Ballygunge,Penthouse,4,4,3660,30,30,4,Semi-Furnished,3,Yes,0.4,8,28643.99,1048.37
Hyderabad,Banjara Hills,Apartment,3,3,1711,15,23,2,Furnished,1,Yes,5.2,5,29515.49,505.01
Mumbai,Thane West,Independent House,4,4,2957,0,2,1,Furnished,1,No,7.3,8,16909.37,500.01
Mumbai,Bandra West,Apartment,3,3,1989,5,26,5,Semi-Furnished,1,Yes,4.4,7,45285.57,900.73
Bangalore,Indiranagar,Apartment,3,3,1396,23,26,0,Semi-Furnished,2,Yes,1.4,7,26181.95,365.5
Delhi NCR,Vasant Kunj,Apartment,4,3,2039,23,26,0,Semi-Furnished,1,Yes,1.0,7,27839.63,567.65
Mumbai,Navi Mumbai (Vashi),Apartment,3,3,1744,10,17,2,Semi-Furnished,1,Yes,3.9,5,15738.53,274.48
Delhi NCR,Gurgaon Golf Course Rd,Apartment,3,3,1788,2,14,17,Semi-Furnished,2,Yes,1.1,10,29337.81,524.56
Delhi NCR,Gurgaon Cyber City,Apartment,3,2,1551,5,9,3,Semi-Furnished,1,No,7.6,7,15656.35,242.83
Bangalore,Electronic City,Studio,1,1,346,5,13,5,Semi-Furnished,0,Yes,4.3,8,5676.3,19.64
Hyderabad,Gachibowli,Apartment,3,3,1445,9,29,1,Semi-Furnished,1,Yes,4.8,7,12417.99,179.44
Mumbai,Andheri East,Independent House,4,3,2782,0,2,3,Semi-Furnished,2,Yes,2.0,7,26596.33,739.91
Mumbai,Andheri East,Villa,3,2,1638,0,1,1,Semi-Furnished,2,Yes,1.0,6,29438.34,482.2
Hyderabad,HITEC City,Apartment,3,2,1363,3,13,3,Furnished,1,Yes,5.1,6,14483.49,197.41
Delhi NCR,South Extension,Apartment,2,2,1095,3,29,3,Semi-Furnished,1,Yes,4.8,6,27269.41,298.6
Pune,Koregaon Park,Independent House,3,3,2024,0,2,0,Semi-Furnished,2,No,1.0,5,18678.85,378.06
Delhi NCR,Gurgaon Golf Course Rd,Independent House,3,2,2368,0,2,5,Unfurnished,3,Yes,5.5,10,36494.09,864.18
Bangalore,Hebbal,Independent House,5,5,2848,0,2,0,Unfurnished,3,Yes,2.6,7,11196.98,318.89
Hyderabad,Banjara Hills,Villa,4,4,2884,0,3,2,Semi-Furnished,1,Yes,8.2,6,33524.97,966.86
Hyderabad,Jubilee Hills,Studio,1,1,541,16,21,13,Furnished,0,Yes,2.8,8,22979.67,124.32
Pune,Koregaon Park,Apartment,3,2,1736,7,9,6,Furnished,2,No,3.6,5,17716.01,307.55
Bangalore,Koramangala,Apartment,2,2,1232,17,25,0,Semi-Furnished,1,Yes,2.3,9,24529.22,302.2
Delhi NCR,South Extension,Independent House,4,4,2700,0,3,9,Semi-Furnished,2,Yes,2.0,5,25877.41,698.69
Bangalore,Koramangala,Apartment,3,3,1565,8,8,1,Furnished,1,Yes,3.2,7,19959.74,312.37
Mumbai,Navi Mumbai (Vashi),Penthouse,4,4,2939,29,29,2,Semi-Furnished,2,Yes,3.4,7,23184.76,681.4
Kolkata,Park Street,Apartment,2,1,1069,12,12,2,Furnished,1,Yes,1.2,7,21629.56,231.22
Mumbai,Thane West,Apartment,3,2,1487,2,20,9,Unfurnished,2,Yes,0.8,7,14082.72,209.41
Ahmedabad,Bopal,Villa,4,3,3231,0,1,3,Furnished,3,Yes,0.9,8,9776.85,315.89
Delhi NCR,Noida Expressway,Apartment,3,3,1854,7,22,9,Unfurnished,1,No,4.8,8,8299.35,153.87
Mumbai,Navi Mumbai (Vashi),Apartment,2,2,776,1,19,1,Unfurnished,1,Yes,5.7,10,14630.15,113.53
Delhi NCR,Gurgaon Golf Course Rd,Apartment,3,3,1314,4,19,3,Semi-Furnished,0,Yes,1.3,8,32918.57,432.55
Chennai,Adyar,Villa,4,4,3219,0,2,1,Semi-Furnished,2,Yes,1.4,6,26673.19,858.61
Hyderabad,Banjara Hills,Apartment,3,3,1410,1,28,9,Semi-Furnished,1,Yes,6.1,7,21548.94,303.84
Hyderabad,Gachibowli,Penthouse,5,6,3948,21,21,6,Semi-Furnished,3,Yes,2.4,5,19529.38,771.02
Pune,Baner,Apartment,1,1,711,11,23,2,Semi-Furnished,0,Yes,3.4,6,12872.01,91.52
Pune,Koregaon Park,Villa,3,2,2439,0,1,4,Furnished,3,Yes,0.7,8,27129.97,661.7
Chennai,Boat Club Road,Villa,3,3,2491,0,1,6,Semi-Furnished,2,Yes,14.2,7,33920.92,844.97
Bangalore,Indiranagar,Apartment,2,2,1193,19,27,2,Semi-Furnished,1,Yes,0.4,5,22891.87,273.1
Delhi NCR,Gurgaon Cyber City,Apartment,2,1,1039,4,20,0,Semi-Furnished,1,Yes,1.9,8,22835.42,237.26
Bangalore,Hebbal,Apartment,3,2,1662,2,10,3,Furnished,0,Yes,8.3,6,13330.32,221.55
Ahmedabad,Prahlad Nagar,Independent House,5,5,3216,0,3,2,Semi-Furnished,3,No,4.3,9,9727.92,312.85
Kolkata,Salt Lake Sector V,Apartment,3,3,1786,23,30,0,Furnished,0,Yes,1.6,3,10775.48,192.45
Mumbai,Juhu,Independent House,3,3,2177,0,2,3,Furnished,2,Yes,3.6,8,77022.51,1676.78
Pune,Wakad,Apartment,3,3,1567,16,20,2,Furnished,0,Yes,0.8,6,8672.62,135.9
Kolkata,Salt Lake Sector V,Apartment,4,4,2086,28,28,2,Furnished,1,Yes,0.5,10,11903.64,248.31
Mumbai,Bandra West,Apartment,1,1,669,8,13,5,Furnished,1,Yes,1.7,3,47665.17,318.88
Delhi NCR,Noida Sector 62,Apartment,1,1,817,3,17,7,Unfurnished,2,Yes,1.8,4,7810.28,63.81
Kolkata,Park Street,Apartment,2,1,1040,4,25,2,Furnished,1,Yes,2.6,8,22386.54,232.82
Mumbai,Andheri East,Villa,4,4,2787,0,2,1,Semi-Furnished,3,Yes,15.0,6,31225.69,870.26
Pune,Koregaon Park,Independent House,3,2,1749,0,3,2,Furnished,3,Yes,8.4,9,21344.77,373.32
Bangalore,Koramangala,Apartment,2,2,1103,3,6,8,Unfurnished,0,Yes,2.0,7,19535.81,215.48
Kolkata,Park Street,Studio,1,1,432,8,19,5,Semi-Furnished,1,No,7.2,7,13976.85,60.38
Ahmedabad,Bopal,Independent House,3,3,2761,0,3,0,Furnished,2,No,1.4,5,6195.94,171.07
Kolkata,Ballygunge,Penthouse,4,4,3118,19,20,2,Semi-Furnished,3,Yes,1.9,6,26451.57,824.76
Delhi NCR,Noida Expressway,Apartment,2,1,978,2,12,2,Semi-Furnished,2,Yes,0.8,8,11548.06,112.94
Chennai,Boat Club Road,Apartment,2,2,1154,7,14,1,Semi-Furnished,1,Yes,1.8,6,37812.82,436.36
Chennai,Anna Nagar,Apartment,3,3,1412,12,14,0,Furnished,0,Yes,2.8,7,19636.69,277.27
Bangalore,Electronic City,Independent House,4,4,2972,0,2,9,Unfurnished,2,Yes,1.9,9,7937.42,235.9
Chennai,Velachery,Apartment,2,2,1288,1,20,5,Semi-Furnished,1,Yes,1.4,6,10218.94,131.62
Mumbai,Andheri East,Apartment,2,2,1176,21,29,3,Semi-Furnished,0,Yes,2.8,9,26129.25,307.28
Delhi NCR,Vasant Kunj,Apartment,2,2,1077,14,26,3,Semi-Furnished,2,Yes,3.8,5,22452.18,241.81
Bangalore,Indiranagar,Apartment,3,3,1399,6,21,1,Semi-Furnished,1,Yes,4.0,6,18010.01,251.96
Mumbai,Andheri East,Independent House,5,5,3921,0,1,17,Unfurnished,2,Yes,0.5,6,21143.33,829.03
Mumbai,Juhu,Apartment,3,2,1535,2,9,1,Semi-Furnished,2,Yes,1.4,5,52336.81,803.37
Pune,Koregaon Park,Apartment,3,3,1579,5,7,6,Semi-Furnished,1,Yes,0.8,7,16599.75,262.11
Bangalore,Electronic City,Independent House,5,5,3178,0,3,1,Furnished,2,Yes,3.0,6,8233.48,261.66
Hyderabad,Madhapur,Studio,1,1,508,12,15,0,Unfurnished,0,Yes,3.1,8,10897.64,55.36
Mumbai,Juhu,Independent House,4,4,2582,0,2,1,Semi-Furnished,1,Yes,2.7,5,60687.06,1566.94
Bangalore,Electronic City,Penthouse,5,6,4171,35,35,7,Furnished,3,Yes,0.7,7,12096.86,504.56
Delhi NCR,Gurgaon Golf Course Rd,Villa,3,2,2260,0,1,3,Furnished,1,No,6.1,7,40233.63,909.28
Hyderabad,HITEC City,Apartment,3,3,1683,3,10,9,Furnished,1,Yes,3.1,5,13792.63,232.13
Bangalore,Hebbal,Apartment,2,2,1307,13,15,2,Unfurnished,0,Yes,3.8,7,11440.7,149.53
Pune,Hinjewadi,Independent House,3,3,2659,0,2,21,Furnished,2,Yes,5.1,8,7466.72,198.54
Chennai,Boat Club Road,Independent House,4,4,3043,0,2,5,Semi-Furnished,3,Yes,0.4,10,37499.18,1141.1
Pune,Wakad,Independent House,3,3,2257,0,2,9,Furnished,2,Yes,1.7,5,8272.04,186.7
Bangalore,Koramangala,Apartment,1,1,732,14,31,5,Semi-Furnished,1,No,3.4,7,19270.49,141.06
Mumbai,Worli,Apartment,2,1,1016,2,10,8,Semi-Furnished,1,Yes,3.8,7,46522.64,472.67
Chennai,OMR IT Corridor,Apartment,4,4,2162,6,6,13,Unfurnished,0,No,2.7,6,6235.43,134.81
Mumbai,Navi Mumbai (Vashi),Apartment,3,3,1571,5,9,4,Semi-Furnished,1,Yes,1.5,3,13732.65,215.74
Chennai,Boat Club Road,Apartment,4,4,2125,11,11,5,Unfurnished,1,No,1.0,9,26752.0,568.48
Delhi NCR,South Extension,Villa,3,3,2338,0,3,3,Semi-Furnished,2,No,2.6,5,36869.55,862.01
Kolkata,Salt Lake Sector V,Apartment,3,3,1270,5,14,1,Furnished,1,Yes,2.6,6,10966.93,139.28
Hyderabad,Gachibowli,Apartment,1,1,600,20,31,3,Furnished,2,Yes,3.2,2,11125.0,66.75
Ahmedabad,SG Highway,Apartment,1,1,609,20,28,8,Semi-Furnished,1,Yes,1.7,9,9783.25,59.58
Bangalore,HSR Layout,Independent House,3,3,1983,0,1,0,Unfurnished,2,No,6.7,8,17733.23,351.65
Hyderabad,Banjara Hills,Apartment,2,2,1300,1,9,5,Unfurnished,0,Yes,5.7,4,21738.46,282.6
Bangalore,Whitefield,Apartment,3,3,1637,4,23,2,Furnished,1,Yes,1.5,7,9910.2,162.23
Delhi NCR,Vasant Kunj,Apartment,3,2,1719,28,29,7,Furnished,2,Yes,0.6,4,28783.6,494.79
Pune,Wakad,Apartment,3,3,1587,6,10,7,Furnished,1,Yes,1.3,6,8683.68,137.81
Chennai,Anna Nagar,Penthouse,4,5,3679,44,44,1,Unfurnished,2,Yes,2.6,6,26739.87,983.76
Ahmedabad,Satellite,Penthouse,6,7,5321,40,41,1,Unfurnished,2,Yes,6.4,6,12698.93,675.71
Hyderabad,Madhapur,Apartment,3,2,1584,13,26,0,Semi-Furnished,0,Yes,0.6,7,13363.01,211.67
Bangalore,Indiranagar,Apartment,3,2,1428,2,17,3,Semi-Furnished,1,Yes,4.8,10,23665.27,337.94
Delhi NCR,Gurgaon Cyber City,Independent House,3,3,2490,0,1,6,Semi-Furnished,2,Yes,2.5,5,22450.2,559.01
Hyderabad,Gachibowli,Apartment,4,3,1478,1,7,11,Semi-Furnished,1,Yes,0.7,3,10465.49,154.68
Bangalore,HSR Layout,Apartment,1,1,956,2,15,3,Furnished,2,Yes,1.5,4,13626.57,130.27
Mumbai,Bandra West,Apartment,2,2,989,8,10,0,Semi-Furnished,1,No,2.0,2,36482.31,360.81
Bangalore,HSR Layout,Penthouse,5,5,4501,31,32,0,Furnished,2,Yes,0.7,4,24398.58,1098.18
Bangalore,Koramangala,Apartment,2,1,895,10,18,16,Furnished,1,Yes,0.8,3,18782.12,168.1
Bangalore,Whitefield,Apartment,4,3,2106,8,25,4,Unfurnished,1,Yes,12.7,6,9256.41,194.94
Bangalore,Indiranagar,Villa,3,3,2049,0,1,7,Semi-Furnished,2,Yes,1.1,5,25030.26,512.87
Mumbai,Andheri East,Apartment,2,2,1211,1,14,2,Semi-Furnished,1,Yes,4.1,8,20563.17,249.02
Mumbai,Thane West,Apartment,3,3,1523,1,15,18,Semi-Furnished,1,Yes,0.8,8,11613.92,176.88
Ahmedabad,Bodakdev,Studio,1,1,455,6,11,1,Semi-Furnished,1,No,6.5,8,8386.81,38.16
Delhi NCR,Noida Expressway,Apartment,3,3,1454,17,27,11,Semi-Furnished,1,Yes,5.6,8,8953.92,130.19
Bangalore,Indiranagar,Independent House,3,3,2141,0,2,4,Semi-Furnished,2,Yes,8.3,6,25123.31,537.89
Pune,Hinjewadi,Apartment,2,2,1034,23,25,6,Semi-Furnished,1,Yes,2.8,4,8228.24,85.08
Mumbai,Andheri East,Apartment,3,3,1134,29,31,5,Semi-Furnished,2,Yes,1.1,6,25333.33,287.28
Kolkata,Ballygunge,Apartment,3,3,1689,6,23,7,Furnished,0,Yes,7.5,8,16642.39,281.09
Hyderabad,Banjara Hills,Apartment,2,2,1063,10,20,11,Semi-Furnished,1,Yes,1.5,6,19075.26,202.77
Mumbai,Juhu,Apartment,3,2,1668,2,10,17,Semi-Furnished,0,Yes,2.0,5,43098.92,718.89
Bangalore,Indiranagar,Villa,4,3,2865,0,2,12,Semi-Furnished,2,Yes,4.8,6,25401.75,727.76
Chennai,Anna Nagar,Apartment,2,2,1155,4,9,8,Semi-Furnished,2,Yes,4.0,5,18096.1,209.01
Kolkata,New Town,Apartment,2,2,1345,8,17,5,Semi-Furnished,1,Yes,0.6,5,7822.3,105.21
Delhi NCR,Gurgaon Golf Course Rd,Apartment,4,4,2062,18,31,10,Furnished,1,No,5.0,4,22030.55,454.27
Pune,Baner,Villa,4,4,2796,0,2,0,Semi-Furnished,2,Yes,12.1,7,14615.16,408.64
Mumbai,Andheri East,Apartment,1,1,450,6,6,9,Unfurnished,0,Yes,4.8,6,20897.78,94.04
Ahmedabad,Bopal,Apartment,2,2,1163,21,31,13,Furnished,1,No,3.0,8,5343.08,62.14
Bangalore,HSR Layout,Apartment,3,3,1758,19,19,2,Semi-Furnished,0,Yes,2.4,9,18204.78,320.04
Kolkata,New Town,Apartment,3,3,1525,23,26,0,Semi-Furnished,1,Yes,1.5,8,9605.25,146.48
Pune,Kalyani Nagar,Apartment,1,1,526,4,5,1,Furnished,1,Yes,4.2,8,19404.94,102.07
Pune,Hinjewadi,Villa,3,3,2036,0,3,9,Semi-Furnished,2,No,3.4,5,10631.63,216.46
Delhi NCR,South Extension,Apartment,2,2,1169,13,18,3,Semi-Furnished,2,Yes,1.5,7,31067.58,363.18
Bangalore,Koramangala,Apartment,1,1,617,2,4,1,Semi-Furnished,1,Yes,2.1,8,20980.55,129.45
Mumbai,Thane West,Apartment,3,3,1881,1,27,1,Unfurnished,1,Yes,0.4,6,14225.94,267.59
Bangalore,Hebbal,Villa,3,2,2477,0,1,1,Furnished,2,Yes,3.2,6,17758.58,439.88
Mumbai,Worli,Apartment,3,2,1686,9,11,0,Furnished,2,No,4.4,8,49562.87,835.63
Hyderabad,Madhapur,Apartment,1,1,548,14,27,7,Unfurnished,2,No,2.7,8,9939.78,54.47
Bangalore,Indiranagar,Apartment,1,1,702,4,4,4,Semi-Furnished,2,Yes,1.3,2,20366.1,142.97
Mumbai,Juhu,Apartment,1,1,725,24,30,15,Semi-Furnished,1,Yes,2.1,10,52299.31,379.17
Ahmedabad,SG Highway,Apartment,2,2,946,7,17,5,Semi-Furnished,1,Yes,8.7,5,7902.75,74.76
Chennai,Velachery,Apartment,4,3,2265,27,31,1,Semi-Furnished,1,Yes,1.4,8,9972.63,225.88
Kolkata,Salt Lake Sector V,Apartment,1,1,715,20,26,4,Semi-Furnished,1,No,0.5,6,8103.5,57.94
Ahmedabad,Prahlad Nagar,Apartment,3,2,1811,3,6,10,Furnished,1,Yes,1.0,6,10117.06,183.22
Mumbai,Thane West,Apartment,1,1,450,17,21,1,Furnished,0,Yes,2.3,7,18095.56,81.43
Bangalore,Koramangala,Apartment,2,2,1125,19,20,4,Furnished,2,Yes,1.2,4,24563.56,276.34
Hyderabad,Madhapur,Apartment,2,2,1092,17,18,10,Unfurnished,1,No,3.4,8,12647.44,138.11
Pune,Kalyani Nagar,Villa,5,5,3176,0,2,1,Furnished,3,Yes,3.8,7,22228.59,705.98
Mumbai,Thane West,Studio,1,1,410,1,10,5,Semi-Furnished,0,No,1.3,6,11875.61,48.69
Hyderabad,Gachibowli,Studio,1,1,416,10,22,7,Unfurnished,1,Yes,3.5,9,10598.56,44.09
Bangalore,Koramangala,Penthouse,4,4,3401,43,43,4,Semi-Furnished,3,Yes,0.4,8,30164.07,1025.88
Bangalore,Whitefield,Independent House,3,2,2098,0,2,0,Semi-Furnished,1,Yes,3.3,10,12961.87,271.94
Delhi NCR,Vasant Kunj,Independent House,4,4,2656,0,2,3,Semi-Furnished,1,Yes,0.5,7,30397.97,807.37
Delhi NCR,Vasant Kunj,Apartment,2,2,1089,3,8,0,Semi-Furnished,1,No,1.9,6,21684.11,236.14
Delhi NCR,Noida Expressway,Independent House,4,4,2898,0,1,1,Semi-Furnished,1,Yes,1.2,4,12763.63,369.89
Mumbai,Bandra West,Apartment,1,1,582,7,9,0,Semi-Furnished,1,Yes,2.6,5,56247.42,327.36
Chennai,OMR IT Corridor,Apartment,4,3,1850,14,15,6,Unfurnished,1,Yes,1.0,8,6693.51,123.83
Bangalore,HSR Layout,Villa,5,5,2894,0,1,2,Unfurnished,2,Yes,2.1,6,18808.57,544.32
Mumbai,Worli,Apartment,2,1,1051,12,13,4,Unfurnished,1,Yes,0.5,7,53221.69,559.36
Chennai,Velachery,Apartment,3,3,1780,28,30,0,Unfurnished,0,No,1.3,6,11056.18,196.8
Ahmedabad,Bodakdev,Penthouse,5,5,4414,21,22,1,Semi-Furnished,3,Yes,0.5,8,18517.67,817.37
Chennai,OMR IT Corridor,Apartment,2,2,1023,11,16,0,Semi-Furnished,2,Yes,2.2,8,8319.65,85.11
Hyderabad,HITEC City,Apartment,3,3,1683,9,30,9,Unfurnished,2,Yes,3.1,9,11150.33,187.66
Pune,Kalyani Nagar,Penthouse,4,5,3925,44,44,3,Semi-Furnished,3,Yes,5.8,9,25745.73,1010.52
Delhi NCR,Noida Sector 62,Independent House,4,4,3175,0,1,2,Unfurnished,1,No,4.3,6,10459.21,332.08
Mumbai,Andheri East,Apartment,2,1,976,6,10,0,Semi-Furnished,2,Yes,0.6,2,19996.93,195.17
Bangalore,Indiranagar,Apartment,2,2,898,9,15,2,Semi-Furnished,1,No,0.6,8,21104.68,189.52
Bangalore,Indiranagar,Apartment,1,1,624,7,9,1,Semi-Furnished,2,Yes,3.1,7,25094.55,156.59
Bangalore,HSR Layout,Villa,3,2,2143,0,1,1,Unfurnished,3,Yes,2.9,8,21907.14,469.47
Hyderabad,Gachibowli,Apartment,3,3,1430,8,31,17,Furnished,1,Yes,1.0,5,11591.61,165.76
Delhi NCR,Gurgaon Cyber City,Apartment,3,2,1360,4,12,4,Semi-Furnished,0,Yes,1.5,7,21737.5,295.63
Mumbai,Navi Mumbai (Vashi),Apartment,3,2,1887,1,4,5,Semi-Furnished,1,Yes,8.7,10,16664.55,314.46
Bangalore,HSR Layout,Apartment,1,1,450,10,19,12,Furnished,2,Yes,0.4,8,17648.89,79.42
Pune,Koregaon Park,Studio,1,1,517,18,22,0,Semi-Furnished,0,Yes,4.2,9,17849.13,92.28
Mumbai,Bandra West,Apartment,2,2,1281,2,10,13,Semi-Furnished,1,Yes,0.7,8,42401.25,543.16
Chennai,Adyar,Independent House,4,4,2484,0,2,1,Semi-Furnished,2,Yes,5.5,10,25858.29,642.32
Delhi NCR,Gurgaon Cyber City,Apartment,2,2,1046,4,12,0,Semi-Furnished,0,Yes,2.2,7,22398.66,234.29
Delhi NCR,Gurgaon Cyber City,Independent House,4,4,2561,0,2,5,Semi-Furnished,2,Yes,3.0,9,19176.49,491.11
Delhi NCR,Vasant Kunj,Penthouse,5,6,4439,19,19,2,Semi-Furnished,3,Yes,7.2,6,37065.33,1645.33
Chennai,OMR IT Corridor,Apartment,2,2,990,22,29,6,Semi-Furnished,0,Yes,5.0,5,8025.25,79.45
Bangalore,Indiranagar,Apartment,2,2,1271,7,7,3,Furnished,1,Yes,0.6,6,23249.41,295.5
Pune,Wakad,Apartment,2,2,1157,10,10,0,Unfurnished,1,No,2.0,7,7031.11,81.35
Delhi NCR,Noida Expressway,Villa,4,4,2845,0,2,14,Semi-Furnished,2,Yes,3.6,5,12246.75,348.42
Bangalore,Indiranagar,Apartment,3,3,1409,24,25,22,Semi-Furnished,1,No,3.0,7,15879.35,223.74
Chennai,Velachery,Penthouse,5,6,4224,22,23,0,Semi-Furnished,2,Yes,0.7,7,15531.49,656.05
Hyderabad,Banjara Hills,Independent House,4,4,2551,0,2,6,Semi-Furnished,2,Yes,2.5,9,27341.04,697.47
Pune,Koregaon Park,Penthouse,5,5,3768,29,29,4,Semi-Furnished,3,Yes,6.2,8,27215.76,1025.49
Chennai,Velachery,Independent House,4,4,2902,0,2,0,Semi-Furnished,2,Yes,3.0,2,10673.33,309.74
Chennai,Boat Club Road,Apartment,3,2,1346,6,18,5,Semi-Furnished,1,Yes,0.4,8,35979.2,484.28
Pune,Wakad,Apartment,1,1,595,16,23,5,Semi-Furnished,1,Yes,3.7,6,8702.52,51.78
Chennai,Anna Nagar,Apartment,3,2,1614,13,13,2,Semi-Furnished,1,Yes,1.5,8,18617.72,300.49
Pune,Baner,Penthouse,4,5,3712,21,21,10,Furnished,3,Yes,0.8,5,18597.25,690.33
Pune,Baner,Villa,5,4,3470,0,1,3,Semi-Furnished,3,Yes,0.8,7,16369.45,568.02
Pune,Baner,Independent House,4,3,3199,0,2,5,Furnished,2,Yes,3.3,6,13477.34,431.14
Hyderabad,Gachibowli,Apartment,1,1,960,5,23,3,Furnished,1,Yes,1.5,8,14656.25,140.7
Mumbai,Worli,Apartment,2,1,1086,2,9,1,Unfurnished,1,Yes,5.0,6,47965.93,520.91
Chennai,Adyar,Villa,3,3,1908,0,3,0,Semi-Furnished,3,Yes,4.1,9,29322.33,559.47
Chennai,Velachery,Apartment,3,3,1605,11,13,11,Semi-Furnished,2,Yes,1.9,6,9901.56,158.92
Mumbai,Bandra West,Apartment,3,3,1773,23,29,0,Semi-Furnished,1,Yes,2.3,10,49183.87,872.03
Chennai,Anna Nagar,Independent House,3,3,2277,0,1,2,Unfurnished,3,Yes,4.7,7,18577.08,423.0
Mumbai,Navi Mumbai (Vashi),Apartment,3,3,1567,5,8,2,Semi-Furnished,0,Yes,2.0,6,14876.2,233.11
Bangalore,Electronic City,Apartment,4,4,2075,1,30,0,Semi-Furnished,2,Yes,3.0,9,8319.52,172.63
Hyderabad,Banjara Hills,Apartment,3,3,1644,12,17,8,Semi-Furnished,2,Yes,2.9,7,23017.64,378.41
Mumbai,Bandra West,Apartment,2,2,994,6,8,12,Unfurnished,0,Yes,0.9,8,45787.73,455.13
Hyderabad,Jubilee Hills,Studio,1,1,377,1,5,0,Unfurnished,1,Yes,0.5,6,22657.82,85.42
Chennai,Boat Club Road,Apartment,2,1,1183,1,28,7,Unfurnished,0,Yes,2.7,5,30739.64,363.65
Delhi NCR,Noida Expressway,Apartment,2,2,1005,12,14,6,Furnished,1,Yes,0.4,8,10665.67,107.19
Mumbai,Andheri East,Apartment,2,1,1110,24,29,13,Furnished,1,Yes,1.4,6,23617.12,262.15
Bangalore,Electronic City,Villa,5,5,3138,0,2,14,Furnished,2,Yes,2.4,7,10029.64,314.73
Pune,Wakad,Apartment,3,2,1622,2,8,4,Furnished,1,Yes,2.2,7,10412.45,168.89
Ahmedabad,Bodakdev,Apartment,3,2,1573,6,6,1,Unfurnished,1,No,2.6,6,7494.6,117.89
Pune,Wakad,Apartment,3,2,1305,3,11,6,Furnished,2,No,2.0,6,7701.92,100.51
Bangalore,Koramangala,Apartment,3,2,1471,4,4,0,Furnished,1,Yes,10.5,6,18856.56,277.38
Pune,Wakad,Apartment,3,2,1246,4,31,0,Furnished,1,Yes,4.3,8,9561.0,119.13
Delhi NCR,Noida Sector 62,Villa,4,4,2519,0,2,2,Furnished,2,Yes,3.5,6,11655.42,293.6
Hyderabad,Banjara Hills,Penthouse,5,6,4089,40,40,2,Furnished,2,Yes,5.5,7,43931.77,1796.37
Mumbai,Worli,Apartment,1,1,463,10,25,9,Semi-Furnished,1,Yes,2.1,6,48926.57,226.53
Hyderabad,Banjara Hills,Apartment,3,2,1713,2,11,5,Semi-Furnished,1,Yes,0.7,7,24719.21,423.44
Delhi NCR,Noida Expressway,Penthouse,6,6,4659,35,35,11,Furnished,2,Yes,0.7,5,15199.4,708.14
Ahmedabad,Bopal,Apartment,3,2,1562,6,12,1,Semi-Furnished,1,Yes,2.5,5,6595.39,103.02
Bangalore,Electronic City,Villa,4,4,3226,0,3,4,Semi-Furnished,3,Yes,0.7,5,8348.11,269.31
Pune,Koregaon Park,Apartment,3,2,1460,10,16,7,Furnished,0,Yes,3.1,9,17358.22,253.43
Kolkata,New Town,Penthouse,6,6,5039,22,23,2,Semi-Furnished,2,Yes,2.6,6,13224.05,666.36
Mumbai,Bandra West,Villa,5,5,3241,0,3,7,Semi-Furnished,1,Yes,1.1,7,58579.14,1898.55
Kolkata,New Town,Studio,1,1,434,7,9,1,Semi-Furnished,1,Yes,4.0,3,6751.15,29.3
Pune,Baner,Independent House,3,3,1994,0,1,1,Semi-Furnished,1,Yes,2.1,8,14994.98,299.0
Mumbai,Thane West,Apartment,3,2,1791,14,15,6,Furnished,2,Yes,0.7,6,14609.72,261.66
Bangalore,Indiranagar,Penthouse,3,4,2591,24,24,0,Unfurnished,3,Yes,1.6,6,30647.24,794.07
Pune,Kalyani Nagar,Apartment,3,3,1681,7,28,2,Unfurnished,1,Yes,3.0,6,13482.45,226.64
Mumbai,Bandra West,Apartment,3,2,1727,11,24,2,Unfurnished,1,Yes,0.8,3,46830.92,808.77
Delhi NCR,Gurgaon Cyber City,Independent House,4,3,2333,0,2,0,Furnished,2,Yes,11.6,8,25961.42,605.68
Bangalore,Whitefield,Villa,4,4,2253,0,3,15,Unfurnished,2,Yes,5.3,6,11809.59,266.07
Pune,Koregaon Park,Penthouse,6,7,5053,26,26,1,Unfurnished,2,Yes,2.0,5,25748.86,1301.09
Mumbai,Juhu,Apartment,3,2,1686,13,18,16,Unfurnished,1,No,0.4,8,46412.22,782.51
Chennai,OMR IT Corridor,Villa,3,3,2208,0,2,10,Furnished,1,Yes,1.2,9,11711.5,258.59
Ahmedabad,Satellite,Independent House,3,3,1781,0,2,4,Semi-Furnished,3,Yes,5.2,6,9807.97,174.68
Ahmedabad,SG Highway,Apartment,2,1,1145,12,19,13,Unfurnished,1,Yes,1.0,6,8222.71,94.15
Hyderabad,HITEC City,Apartment,3,3,1442,1,24,5,Semi-Furnished,0,Yes,0.4,5,12899.45,186.01
Mumbai,Navi Mumbai (Vashi),Apartment,1,1,571,9,9,11,Semi-Furnished,1,Yes,3.9,7,15548.16,88.78
Hyderabad,Jubilee Hills,Apartment,2,2,1039,8,25,12,Unfurnished,1,Yes,2.7,7,24641.0,256.02
Mumbai,Worli,Studio,1,1,472,1,7,4,Semi-Furnished,0,Yes,3.0,7,44718.22,211.07
Mumbai,Andheri East,Independent House,3,3,2354,0,2,12,Semi-Furnished,2,Yes,0.4,4,22767.2,535.94
Bangalore,HSR Layout,Independent House,4,4,2778,0,2,3,Semi-Furnished,2,Yes,0.7,7,17570.55,488.11
Delhi NCR,Gurgaon Cyber City,Studio,1,1,394,2,6,1,Unfurnished,0,Yes,0.4,6,18979.7,74.78
Hyderabad,HITEC City,Apartment,3,2,1624,2,8,5,Furnished,1,Yes,2.1,7,13857.76,225.05
Pune,Koregaon Park,Villa,3,2,2278,0,3,14,Semi-Furnished,3,No,0.5,9,21063.21,479.82
Delhi NCR,Gurgaon Golf Course Rd,Apartment,3,3,2137,19,26,1,Semi-Furnished,0,Yes,0.8,8,39037.9,834.24
Bangalore,Electronic City,Penthouse,4,4,3174,18,19,4,Semi-Furnished,2,Yes,3.8,4,10612.16,336.83
Ahmedabad,Satellite,Apartment,3,2,1451,1,8,0,Semi-Furnished,1,Yes,3.2,7,9243.28,134.12
Delhi NCR,Noida Sector 62,Studio,1,1,483,1,23,0,Unfurnished,0,Yes,1.7,6,7200.83,34.78
Delhi NCR,Noida Sector 62,Apartment,4,4,2249,4,4,6,Unfurnished,1,Yes,1.0,6,9832.81,221.14
Mumbai,Bandra West,Apartment,2,2,829,5,8,15,Furnished,0,Yes,1.7,10,41201.45,341.56
Hyderabad,Madhapur,Villa,3,3,2278,0,3,2,Semi-Furnished,3,Yes,3.5,5,15999.12,364.46
Pune,Koregaon Park,Apartment,2,1,1021,2,8,6,Furnished,1,Yes,4.0,5,18404.51,187.91
Bangalore,Hebbal,Independent House,3,3,2132,0,2,5,Semi-Furnished,2,Yes,0.3,4,12651.5,269.73
Mumbai,Worli,Apartment,2,2,1473,10,19,1,Semi-Furnished,0,Yes,0.9,10,56483.37,832.0
Pune,Koregaon Park,Villa,3,3,2054,0,2,1,Unfurnished,3,Yes,3.7,8,25739.53,528.69
Pune,Kalyani Nagar,Apartment,2,2,1264,7,14,8,Unfurnished,1,Yes,8.3,6,14144.78,178.79
Bangalore,Whitefield,Apartment,2,1,1185,14,23,7,Furnished,2,No,6.0,7,10744.3,127.32
Ahmedabad,Bopal,Apartment,2,2,1004,18,18,2,Furnished,1,Yes,3.5,6,6653.39,66.8
Mumbai,Bandra West,Apartment,2,1,988,20,27,6,Semi-Furnished,1,Yes,1.5,7,46540.49,459.82
Delhi NCR,Vasant Kunj,Apartment,2,1,1299,23,29,0,Semi-Furnished,0,Yes,2.0,6,21061.59,273.59
Kolkata,Ballygunge,Apartment,1,1,613,8,23,6,Furnished,1,Yes,1.0,5,15908.65,97.52
Bangalore,Electronic City,Apartment,2,1,1071,27,30,5,Unfurnished,1,Yes,2.8,9,6823.53,73.08
Pune,Kalyani Nagar,Apartment,2,1,911,7,28,2,Unfurnished,2,Yes,1.3,5,12262.35,111.71
Bangalore,Electronic City,Apartment,1,1,504,15,17,0,Semi-Furnished,1,No,9.3,5,7853.17,39.58
Bangalore,Indiranagar,Penthouse,5,6,3997,31,32,30,Unfurnished,2,Yes,8.0,7,22826.87,912.39
Ahmedabad,Satellite,Apartment,3,3,1571,2,17,1,Semi-Furnished,0,Yes,1.1,4,7973.9,125.27
Bangalore,Hebbal,Apartment,2,2,1188,22,25,11,Semi-Furnished,0,Yes,4.6,8,12101.01,143.76
Chennai,Adyar,Independent House,4,4,2843,0,2,2,Semi-Furnished,1,Yes,0.3,5,23283.15,661.94
Bangalore,HSR Layout,Apartment,3,3,1918,13,23,3,Furnished,1,Yes,2.1,7,16044.32,307.73
Mumbai,Bandra West,Independent House,4,4,2753,0,1,0,Unfurnished,2,No,4.5,5,57431.17,1581.08
Mumbai,Bandra West,Apartment,2,1,1244,8,13,0,Semi-Furnished,1,Yes,4.3,9,51836.82,644.85
Pune,Baner,Apartment,3,3,1475,10,19,1,Semi-Furnished,1,Yes,1.2,5,11677.29,172.24
Bangalore,Electronic City,Apartment,1,1,544,5,8,4,Semi-Furnished,1,Yes,0.8,6,7959.56,43.3
Chennai,Velachery,Independent House,4,4,2794,0,2,0,Furnished,1,Yes,6.2,6,10779.89,301.19
Delhi NCR,South Extension,Independent House,3,3,1895,0,2,2,Furnished,1,Yes,8.8,6,34252.77,649.09
Ahmedabad,Bodakdev,Apartment,1,1,714,14,17,7,Semi-Furnished,1,Yes,2.4,8,10936.97,78.09
Mumbai,Andheri East,Apartment,2,2,945,17,30,5,Semi-Furnished,1,Yes,0.5,7,24281.48,229.46
Chennai,Velachery,Studio,1,1,320,5,11,5,Semi-Furnished,0,Yes,0.5,5,7215.62,23.09
Hyderabad,Madhapur,Apartment,2,2,1028,9,13,7,Semi-Furnished,1,Yes,12.8,9,10766.54,110.68
Hyderabad,Gachibowli,Apartment,3,2,1821,13,17,8,Semi-Furnished,0,Yes,3.8,7,11222.41,204.36
Chennai,Adyar,Penthouse,5,6,4806,39,39,7,Semi-Furnished,3,Yes,4.0,8,33052.02,1588.48
Hyderabad,Jubilee Hills,Independent House,3,3,2105,0,1,1,Semi-Furnished,3,Yes,1.0,7,32484.09,683.79
Pune,Baner,Apartment,2,2,1171,5,9,0,Unfurnished,2,Yes,3.5,3,10916.31,127.83
Mumbai,Navi Mumbai (Vashi),Villa,4,3,2616,0,2,0,Semi-Furnished,1,Yes,2.5,4,18016.06,471.3
Mumbai,Navi Mumbai (Vashi),Penthouse,4,5,3511,27,27,11,Semi-Furnished,3,Yes,7.6,8,23440.62,823.0
Kolkata,Salt Lake Sector V,Apartment,4,4,1795,10,26,1,Furnished,1,Yes,2.5,5,11539.83,207.14
Pune,Kalyani Nagar,Apartment,2,2,1019,5,5,0,Furnished,1,Yes,1.1,7,15488.71,157.83
Hyderabad,Madhapur,Apartment,2,2,1047,29,29,1,Furnished,1,No,5.9,5,12637.06,132.31
Delhi NCR,Noida Sector 62,Studio,1,1,433,20,23,9,Semi-Furnished,0,No,1.9,9,6762.12,29.28
Mumbai,Navi Mumbai (Vashi),Independent House,5,4,3370,0,3,1,Furnished,2,No,1.8,7,18502.67,623.54
Mumbai,Navi Mumbai (Vashi),Apartment,2,2,1079,2,27,2,Furnished,1,Yes,0.5,9,19274.33,207.97
Pune,Hinjewadi,Penthouse,3,3,2758,32,32,4,Semi-Furnished,3,Yes,4.4,5,10403.19,286.92
Delhi NCR,South Extension,Apartment,3,3,1559,6,11,6,Semi-Furnished,1,Yes,2.2,8,33281.59,518.86
Mumbai,Andheri East,Apartment,3,2,1688,8,10,11,Furnished,0,Yes,0.7,10,24197.87,408.46
Delhi NCR,South Extension,Apartment,2,1,796,6,10,0,Furnished,1,Yes,1.2,10,38105.53,303.32
Mumbai,Navi Mumbai (Vashi),Apartment,1,1,568,9,15,4,Semi-Furnished,2,Yes,0.5,8,17565.14,99.77
Delhi NCR,Vasant Kunj,Penthouse,5,6,3948,23,23,0,Furnished,3,Yes,3.6,5,42701.87,1685.87
Bangalore,Electronic City,Apartment,2,1,1167,20,23,5,Semi-Furnished,1,Yes,8.0,5,6581.83,76.81
Hyderabad,Banjara Hills,Villa,4,4,2829,0,3,3,Semi-Furnished,3,Yes,0.3,5,33931.42,959.92
Bangalore,Koramangala,Apartment,3,2,1399,5,7,1,Semi-Furnished,2,Yes,5.1,7,19967.83,279.35
Delhi NCR,Gurgaon Cyber City,Apartment,2,2,1055,17,24,4,Semi-Furnished,1,Yes,12.4,6,18398.1,194.1
Mumbai,Juhu,Studio,1,1,438,16,20,9,Unfurnished,0,Yes,0.3,7,43783.11,191.77
Mumbai,Andheri East,Apartment,3,2,1398,9,14,5,Furnished,1,Yes,10.4,7,23967.1,335.06
Bangalore,Electronic City,Apartment,2,1,1116,4,7,2,Furnished,0,Yes,2.6,5,6619.18,73.87
Delhi NCR,Gurgaon Cyber City,Apartment,2,2,958,6,10,18,Furnished,0,Yes,1.4,7,19397.7,185.83
Pune,Baner,Villa,4,4,2758,0,1,8,Furnished,1,No,8.2,6,14094.27,388.72
Bangalore,Electronic City,Apartment,2,1,1052,14,25,0,Furnished,1,Yes,5.8,6,7600.76,79.96
Pune,Kalyani Nagar,Apartment,3,2,1765,29,31,7,Furnished,1,Yes,1.6,6,17221.53,303.96
Chennai,Velachery,Apartment,1,1,682,2,12,3,Semi-Furnished,2,Yes,0.7,3,11346.04,77.38
Hyderabad,HITEC City,Apartment,1,1,554,6,25,4,Semi-Furnished,1,Yes,1.5,5,13382.67,74.14
Mumbai,Bandra West,Villa,4,4,3050,0,2,10,Semi-Furnished,1,Yes,4.4,5,57308.85,1747.92
Delhi NCR,South Extension,Apartment,1,1,893,7,13,3,Semi-Furnished,1,Yes,3.6,8,31479.28,281.11
Mumbai,Thane West,Apartment,3,3,1526,11,24,10,Semi-Furnished,1,Yes,2.7,10,12335.52,188.24
Bangalore,Koramangala,Apartment,2,2,1136,22,22,8,Furnished,0,Yes,4.4,9,20240.32,229.93
Ahmedabad,Bopal,Apartment,1,1,705,20,27,1,Semi-Furnished,2,Yes,0.7,5,6039.72,42.58
Mumbai,Juhu,Penthouse,3,3,3059,21,21,3,Furnished,3,Yes,1.1,6,92358.61,2825.25
Delhi NCR,Gurgaon Golf Course Rd,Apartment,2,1,1207,3,14,19,Furnished,1,No,2.6,8,26025.68,314.13
Pune,Kalyani Nagar,Studio,1,1,439,7,10,3,Semi-Furnished,0,No,0.6,5,11904.33,52.26
Pune,Kalyani Nagar,Apartment,2,2,933,26,27,1,Unfurnished,0,No,0.6,7,14137.19,131.9
Delhi NCR,Noida Expressway,Apartment,3,2,1765,5,12,8,Semi-Furnished,1,Yes,1.9,4,9879.89,174.38
Mumbai,Thane West,Penthouse,3,3,2745,22,22,11,Furnished,3,Yes,0.6,7,20732.97,569.12
Bangalore,Hebbal,Apartment,2,2,1026,10,16,13,Unfurnished,1,Yes,2.6,5,9125.73,93.63
Delhi NCR,Gurgaon Cyber City,Independent House,4,4,2483,0,1,0,Semi-Furnished,3,Yes,1.3,7,23658.88,587.45
Mumbai,Thane West,Studio,1,1,320,4,5,0,Semi-Furnished,0,Yes,1.4,5,10956.25,35.06
Bangalore,Indiranagar,Apartment,3,3,1725,14,16,4,Unfurnished,1,Yes,1.6,8,22788.99,393.11
Mumbai,Andheri East,Apartment,2,2,1044,4,29,2,Semi-Furnished,0,Yes,10.3,7,26545.98,277.14
Mumbai,Navi Mumbai (Vashi),Independent House,3,3,2163,0,1,0,Furnished,1,No,0.5,6,16196.95,350.34
Bangalore,Hebbal,Apartment,2,2,1178,16,29,1,Semi-Furnished,1,No,0.4,4,9450.76,111.33
Mumbai,Juhu,Apartment,3,2,1411,1,29,0,Semi-Furnished,0,Yes,4.4,6,56781.72,801.19
Delhi NCR,Vasant Kunj,Apartment,3,3,1562,5,6,2,Semi-Furnished,1,Yes,0.8,6,23724.07,370.57
Pune,Hinjewadi,Apartment,1,1,655,2,6,8,Semi-Furnished,1,Yes,0.5,7,8564.89,56.1
Hyderabad,Madhapur,Villa,3,3,1936,0,2,2,Unfurnished,3,No,1.5,5,16811.98,325.48
Mumbai,Bandra West,Apartment,2,1,1005,3,19,2,Unfurnished,1,Yes,2.9,5,41373.13,415.8
Mumbai,Navi Mumbai (Vashi),Apartment,2,2,1127,13,19,0,Unfurnished,1,Yes,3.9,7,15692.1,176.85
Mumbai,Bandra West,Independent House,3,3,2346,0,1,1,Unfurnished,3,Yes,0.5,6,51843.14,1216.24
Pune,Baner,Apartment,3,3,1326,18,27,0,Unfurnished,2,No,3.9,6,10184.77,135.05
Pune,Hinjewadi,Apartment,2,1,781,1,4,2,Furnished,1,Yes,4.9,8,8353.39,65.24
Mumbai,Juhu,Villa,3,3,1743,0,1,2,Furnished,1,Yes,0.6,7,86184.17,1502.19
Kolkata,Alipore,Apartment,2,2,1404,16,20,2,Semi-Furnished,1,Yes,0.9,5,28896.72,405.71
Mumbai,Juhu,Villa,3,3,1879,0,2,4,Unfurnished,1,No,9.4,9,67089.41,1260.61
Delhi NCR,Noida Sector 62,Penthouse,4,4,3416,21,21,5,Semi-Furnished,3,Yes,1.7,7,15577.58,532.13
Pune,Hinjewadi,Apartment,4,3,2054,14,16,8,Semi-Furnished,1,Yes,1.4,8,7537.0,154.81
Chennai,Anna Nagar,Apartment,2,2,1189,18,24,0,Furnished,0,No,4.3,8,17595.46,209.21
Pune,Koregaon Park,Apartment,3,2,1297,3,14,6,Furnished,2,Yes,0.3,7,17400.15,225.68
Hyderabad,Jubilee Hills,Apartment,2,2,779,7,7,4,Semi-Furnished,0,Yes,0.6,4,26898.59,209.54
Bangalore,Hebbal,Penthouse,5,6,4721,44,44,3,Furnished,2,Yes,4.3,1,21258.42,1003.61
Hyderabad,Madhapur,Penthouse,6,6,4811,30,31,4,Semi-Furnished,2,Yes,2.7,6,20407.82,981.82
Mumbai,Bandra West,Apartment,2,2,1173,5,14,3,Furnished,1,Yes,2.3,4,44375.11,520.52
Chennai,OMR IT Corridor,Independent House,4,4,2875,0,2,2,Semi-Furnished,2,No,2.5,6,7576.0,217.81
Delhi NCR,Gurgaon Golf Course Rd,Penthouse,4,5,3712,44,44,4,Semi-Furnished,3,Yes,4.6,2,45153.29,1676.09
Hyderabad,Madhapur,Studio,1,1,494,1,23,2,Semi-Furnished,0,Yes,1.0,8,12593.12,62.21
Delhi NCR,Vasant Kunj,Apartment,2,1,963,1,4,4,Semi-Furnished,1,Yes,5.4,6,24349.95,234.49
Pune,Baner,Apartment,1,1,783,10,12,1,Furnished,1,Yes,1.9,7,12832.69,100.48
Delhi NCR,Vasant Kunj,Apartment,2,2,1022,6,6,11,Unfurnished,1,Yes,3.0,6,20310.18,207.57
Hyderabad,Jubilee Hills,Studio,1,1,427,13,23,5,Semi-Furnished,1,Yes,1.4,6,23880.56,101.97
Mumbai,Andheri East,Apartment,3,2,1784,15,17,5,Semi-Furnished,1,No,4.4,6,22794.84,406.66
Mumbai,Bandra West,Apartment,1,1,601,18,31,5,Semi-Furnished,1,Yes,2.3,10,49833.61,299.5
Bangalore,HSR Layout,Apartment,3,2,1663,7,31,3,Furnished,1,Yes,4.8,7,15000.6,249.46
Mumbai,Andheri East,Apartment,4,3,2192,7,27,1,Unfurnished,1,Yes,2.7,6,24310.22,532.88
Chennai,Adyar,Apartment,2,2,1034,5,9,16,Semi-Furnished,1,Yes,0.8,9,17483.56,180.78
Mumbai,Andheri East,Studio,1,1,492,4,17,0,Semi-Furnished,0,Yes,3.4,6,23073.17,113.52
Ahmedabad,SG Highway,Apartment,2,2,1297,9,18,5,Furnished,1,No,2.5,9,9791.06,126.99
Bangalore,Electronic City,Apartment,2,2,1055,3,15,12,Unfurnished,1,Yes,2.7,8,6674.88,70.42
Mumbai,Navi Mumbai (Vashi),Apartment,3,2,1645,19,19,0,Semi-Furnished,0,Yes,2.6,7,17080.24,280.97
Hyderabad,Banjara Hills,Apartment,2,1,1195,12,25,2,Furnished,2,Yes,0.6,7,23628.45,282.36
Pune,Baner,Apartment,2,2,1039,2,8,14,Semi-Furnished,0,No,9.2,6,9207.89,95.67
Delhi NCR,South Extension,Apartment,3,3,1900,6,6,0,Unfurnished,1,No,0.8,10,28286.32,537.44
Delhi NCR,Gurgaon Golf Course Rd,Apartment,2,2,1079,1,7,0,Semi-Furnished,2,No,1.6,3,26830.4,289.5
Pune,Kalyani Nagar,Apartment,2,1,1362,4,11,4,Semi-Furnished,1,Yes,1.6,4,14337.74,195.28
Bangalore,Koramangala,Apartment,2,1,1432,4,5,8,Semi-Furnished,2,Yes,2.4,5,19171.09,274.53
Ahmedabad,Prahlad Nagar,Apartment,1,1,796,28,31,2,Semi-Furnished,1,Yes,7.2,3,9067.84,72.18
Ahmedabad,Satellite,Studio,1,1,377,7,13,3,Semi-Furnished,0,No,6.4,5,8273.21,31.19
Pune,Kalyani Nagar,Studio,1,1,452,3,9,0,Furnished,0,No,0.7,7,14230.09,64.32
Mumbai,Navi Mumbai (Vashi),Apartment,3,3,1471,6,12,1,Semi-Furnished,2,No,1.1,7,14827.33,218.11
Pune,Kalyani Nagar,Apartment,3,3,1592,9,17,2,Unfurnished,0,Yes,1.4,7,15888.82,252.95
Mumbai,Thane West,Penthouse,4,4,3144,18,19,1,Furnished,2,Yes,7.3,6,21085.88,662.94
Mumbai,Navi Mumbai (Vashi),Apartment,2,2,1169,17,22,10,Semi-Furnished,1,Yes,1.9,8,16948.67,198.13
Bangalore,Whitefield,Villa,5,5,3899,0,2,0,Semi-Furnished,2,Yes,6.9,3,13510.13,526.76
Delhi NCR,Gurgaon Cyber City,Studio,1,1,547,12,14,4,Semi-Furnished,0,Yes,1.1,5,20087.75,109.88
Chennai,Adyar,Apartment,2,2,1006,5,11,2,Unfurnished,1,Yes,1.8,6,20372.76,204.95
Hyderabad,Banjara Hills,Apartment,1,1,627,7,10,2,Semi-Furnished,1,Yes,1.3,9,23645.93,148.26
Hyderabad,HITEC City,Studio,1,1,485,7,12,5,Furnished,0,Yes,5.8,7,10259.79,49.76
Delhi NCR,Gurgaon Cyber City,Apartment,2,1,1021,3,7,27,Unfurnished,1,Yes,5.1,8,17567.09,179.36
Bangalore,Whitefield,Apartment,2,1,1362,1,9,3,Semi-Furnished,1,Yes,0.4,9,11422.91,155.58
Bangalore,HSR Layout,Apartment,2,2,874,4,7,0,Unfurnished,1,Yes,1.2,7,16629.29,145.34
Ahmedabad,SG Highway,Apartment,2,2,983,19,29,0,Semi-Furnished,2,No,3.3,5,9292.98,91.35
Mumbai,Bandra West,Independent House,3,3,1991,0,2,0,Unfurnished,2,Yes,3.9,5,55689.6,1108.78
Chennai,Velachery,Independent House,4,4,3242,0,3,0,Furnished,2,Yes,7.2,4,11442.01,370.95
Delhi NCR,Gurgaon Golf Course Rd,Studio,1,1,511,1,24,6,Semi-Furnished,1,No,0.8,5,26119.37,133.47
Delhi NCR,Gurgaon Cyber City,Apartment,2,1,1052,11,28,4,Unfurnished,1,Yes,5.1,8,17526.62,184.38
Hyderabad,Jubilee Hills,Apartment,4,4,2160,7,23,5,Furnished,1,Yes,12.0,6,26636.11,575.34
Delhi NCR,South Extension,Apartment,3,3,1496,18,22,2,Furnished,1,Yes,7.3,3,31834.22,476.24
Chennai,OMR IT Corridor,Apartment,3,3,1510,15,17,5,Semi-Furnished,1,Yes,2.7,5,8813.91,133.09
Kolkata,Park Street,Apartment,2,2,1109,13,30,0,Unfurnished,2,Yes,3.7,5,19275.02,213.76
Delhi NCR,Noida Sector 62,Studio,1,1,527,11,17,11,Furnished,0,Yes,1.9,10,9277.04,48.89
Bangalore,HSR Layout,Villa,5,5,3599,0,2,7,Unfurnished,2,Yes,6.3,7,22061.41,793.99
Delhi NCR,Gurgaon Cyber City,Apartment,2,2,1218,3,4,4,Semi-Furnished,1,Yes,4.8,10,21576.35,262.8
Kolkata,Park Street,Independent House,4,4,2327,0,1,11,Semi-Furnished,2,Yes,2.2,7,19553.93,455.02
Mumbai,Juhu,Apartment,1,1,450,17,23,13,Unfurnished,1,No,2.5,5,41631.11,187.34
Pune,Kalyani Nagar,Apartment,2,2,1054,8,14,0,Semi-Furnished,1,Yes,2.9,6,14530.36,153.15
Pune,Wakad,Independent House,3,2,2383,0,3,5,Furnished,2,Yes,0.8,6,11754.51,280.11
Hyderabad,Banjara Hills,Apartment,3,3,1438,7,7,1,Furnished,1,Yes,2.4,5,26906.82,386.92
Mumbai,Andheri East,Studio,1,1,495,8,18,11,Semi-Furnished,0,Yes,7.7,4,18490.91,91.53
Pune,Baner,Independent House,4,3,2629,0,2,0,Semi-Furnished,2,Yes,3.6,9,13151.77,345.76
Kolkata,Ballygunge,Apartment,2,1,1051,19,20,23,Unfurnished,2,Yes,0.3,9,16050.43,168.69
Mumbai,Juhu,Villa,5,5,3211,0,2,3,Semi-Furnished,2,Yes,0.5,7,72352.54,2323.24
Bangalore,Indiranagar,Apartment,2,2,1162,21,30,2,Semi-Furnished,1,Yes,1.7,8,22200.52,257.97
Ahmedabad,Bopal,Apartment,3,3,1740,1,11,3,Semi-Furnished,1,Yes,4.1,7,6141.38,106.86
Mumbai,Worli,Apartment,1,1,674,5,6,1,Furnished,1,Yes,2.3,5,41295.25,278.33
Chennai,Anna Nagar,Apartment,4,3,1791,7,16,4,Furnished,2,Yes,3.0,6,17698.49,316.98
Delhi NCR,Gurgaon Golf Course Rd,Villa,4,4,2746,0,2,0,Unfurnished,1,Yes,1.2,6,42345.23,1162.8
Bangalore,HSR Layout,Apartment,2,2,1321,22,23,4,Furnished,0,Yes,2.2,3,18690.39,246.9
Chennai,Anna Nagar,Villa,3,3,2399,0,2,9,Furnished,2,Yes,2.3,7,22687.79,544.28
Delhi NCR,Gurgaon Golf Course Rd,Apartment,3,2,1401,2,7,3,Semi-Furnished,1,Yes,0.5,9,36827.98,515.96
Delhi NCR,Noida Sector 62,Apartment,3,3,1520,2,14,2,Semi-Furnished,1,Yes,5.7,8,10159.21,154.42
Bangalore,Koramangala,Villa,3,2,1922,0,1,0,Unfurnished,2,Yes,2.4,6,31838.19,611.93
Delhi NCR,Noida Sector 62,Apartment,2,1,1100,11,14,5,Furnished,1,Yes,4.6,7,9259.09,101.85
Mumbai,Navi Mumbai (Vashi),Apartment,4,3,1877,8,17,12,Furnished,1,Yes,1.1,8,15315.4,287.47
Bangalore,Electronic City,Apartment,4,3,2195,8,27,4,Furnished,1,Yes,3.8,5,6271.53,137.66
Ahmedabad,Bopal,Apartment,3,3,1703,22,29,0,Semi-Furnished,1,Yes,4.0,1,5338.81,90.92
Bangalore,HSR Layout,Apartment,3,3,1861,5,12,3,Semi-Furnished,2,Yes,0.7,7,14084.9,262.12
Pune,Koregaon Park,Independent House,4,4,3042,0,2,2,Semi-Furnished,1,Yes,2.4,7,23150.89,704.25
Bangalore,Indiranagar,Apartment,3,2,1651,2,26,2,Unfurnished,2,Yes,3.1,5,21046.64,347.48
Hyderabad,Banjara Hills,Apartment,4,4,1785,2,4,4,Unfurnished,1,Yes,4.6,4,21948.46,391.78
Mumbai,Andheri East,Studio,1,1,525,3,8,23,Furnished,0,No,0.4,5,14200.0,74.55
Ahmedabad,Bodakdev,Apartment,1,1,726,30,30,0,Semi-Furnished,1,Yes,2.0,6,11422.87,82.93
Delhi NCR,Noida Expressway,Penthouse,4,5,4033,32,32,17,Semi-Furnished,3,Yes,0.4,7,14191.42,572.34
Bangalore,Indiranagar,Apartment,3,3,1639,13,23,15,Unfurnished,1,Yes,4.3,7,18095.18,296.58
Mumbai,Andheri East,Apartment,3,3,1701,10,15,9,Unfurnished,1,Yes,5.2,4,20709.58,352.27
Mumbai,Worli,Penthouse,4,4,3207,29,29,1,Furnished,3,Yes,1.5,5,83699.1,2684.23
Delhi NCR,Gurgaon Golf Course Rd,Apartment,2,2,815,5,16,1,Semi-Furnished,2,Yes,1.0,4,29422.09,239.79
Bangalore,Electronic City,Independent House,5,5,3322,0,2,11,Semi-Furnished,1,Yes,3.9,6,7300.42,242.52
Chennai,OMR IT Corridor,Apartment,2,1,892,2,6,1,Furnished,0,Yes,1.5,7,7406.95,66.07
Delhi NCR,Noida Expressway,Apartment,1,1,524,5,7,6,Furnished,1,Yes,4.9,6,9795.8,51.33
Bangalore,Electronic City,Apartment,1,1,450,8,29,30,Semi-Furnished,1,Yes,0.7,7,4695.56,21.13
Pune,Kalyani Nagar,Apartment,2,1,1329,6,11,4,Semi-Furnished,1,Yes,1.9,8,16842.74,223.84
Pune,Koregaon Park,Penthouse,4,4,3866,28,28,2,Furnished,3,Yes,1.0,6,26031.56,1006.38
Mumbai,Juhu,Apartment,2,2,1263,15,28,3,Semi-Furnished,1,Yes,0.6,7,61296.91,774.18
Mumbai,Navi Mumbai (Vashi),Studio,1,1,534,3,5,1,Furnished,0,Yes,7.4,6,14207.87,75.87
Mumbai,Thane West,Studio,1,1,460,8,17,3,Semi-Furnished,0,Yes,1.0,8,12810.87,58.93
Hyderabad,Jubilee Hills,Apartment,3,2,1442,3,14,5,Furnished,1,Yes,0.5,8,27840.5,401.46
Pune,Wakad,Apartment,1,1,957,1,8,2,Furnished,1,No,0.5,6,10226.75,97.87
Delhi NCR,Gurgaon Cyber City,Penthouse,4,5,3220,32,32,1,Semi-Furnished,3,Yes,2.9,9,33136.65,1067.0
Chennai,Velachery,Studio,1,1,472,1,7,2,Furnished,1,Yes,1.3,7,9794.49,46.23
Hyderabad,Gachibowli,Apartment,4,4,1781,1,9,4,Semi-Furnished,1,No,1.6,8,11394.16,202.93
Delhi NCR,South Extension,Apartment,3,3,1798,2,9,0,Furnished,1,Yes,1.2,7,33579.53,603.76
Chennai,Boat Club Road,Apartment,3,2,1798,3,5,0,Semi-Furnished,1,Yes,0.9,8,33757.51,606.96
Mumbai,Navi Mumbai (Vashi),Independent House,3,2,1915,0,3,8,Furnished,3,Yes,4.6,6,17936.29,343.48
Mumbai,Juhu,Apartment,2,2,1171,1,27,18,Semi-Furnished,1,No,2.4,9,49098.21,574.94
Bangalore,Hebbal,Independent House,4,4,2955,0,1,9,Semi-Furnished,2,Yes,2.4,3,11473.1,339.03
Mumbai,Thane West,Apartment,3,2,1479,5,5,0,Furnished,2,No,7.2,6,12585.53,186.14
Delhi NCR,South Extension,Apartment,3,3,1379,9,28,0,Semi-Furnished,1,No,1.2,7,31207.4,430.35
Kolkata,Alipore,Apartment,1,1,450,10,27,10,Furnished,1,No,2.9,7,16373.33,73.68
Mumbai,Bandra West,Apartment,1,1,457,8,18,2,Semi-Furnished,0,Yes,0.5,9,49485.78,226.15
Mumbai,Andheri East,Apartment,3,3,1992,1,4,14,Furnished,2,No,0.4,7,18643.07,371.37
Delhi NCR,Gurgaon Cyber City,Apartment,3,3,1738,5,8,1,Semi-Furnished,1,Yes,2.2,6,21374.57,371.49
Kolkata,New Town,Apartment,2,1,1211,22,28,3,Semi-Furnished,1,Yes,8.2,8,7445.91,90.17
Bangalore,Whitefield,Apartment,4,4,2059,3,9,1,Unfurnished,1,Yes,1.6,3,8566.29,176.38
Delhi NCR,Gurgaon Cyber City,Apartment,2,2,1207,4,15,2,Semi-Furnished,1,Yes,3.8,10,24321.46,293.56
Mumbai,Juhu,Studio,1,1,351,10,15,5,Semi-Furnished,1,Yes,3.5,7,54883.19,192.64
Mumbai,Andheri East,Apartment,2,2,1053,4,4,5,Semi-Furnished,0,Yes,3.0,6,25776.83,271.43
Ahmedabad,Satellite,Apartment,2,2,1327,9,9,1,Unfurnished,0,Yes,2.4,8,7636.02,101.33
Ahmedabad,Prahlad Nagar,Apartment,2,2,1106,5,21,10,Semi-Furnished,2,Yes,0.5,4,8359.86,92.46
Mumbai,Juhu,Studio,1,1,375,7,21,3,Furnished,0,Yes,10.4,7,51602.67,193.51
Ahmedabad,Prahlad Nagar,Apartment,3,3,1436,15,31,4,Unfurnished,1,Yes,2.4,7,9715.18,139.51
Pune,Wakad,Independent House,4,4,3247,0,2,2,Semi-Furnished,1,Yes,1.0,7,10886.36,353.48
Chennai,Adyar,Independent House,3,3,2057,0,1,1,Unfurnished,2,Yes,0.3,9,22884.3,470.73
Delhi NCR,Gurgaon Golf Course Rd,Independent House,4,4,2608,0,2,2,Unfurnished,3,Yes,6.5,4,34289.88,894.28
Delhi NCR,Noida Sector 62,Apartment,3,3,1461,1,12,0,Furnished,2,Yes,15.0,6,9095.82,132.89
Delhi NCR,Gurgaon Cyber City,Independent House,3,3,2316,0,1,3,Semi-Furnished,1,Yes,1.9,5,20092.4,465.34
Pune,Hinjewadi,Apartment,3,2,1589,4,4,19,Furnished,1,No,1.4,6,6552.55,104.12
Mumbai,Navi Mumbai (Vashi),Apartment,3,2,1636,3,5,7,Furnished,1,No,0.4,4,14363.08,234.98
Mumbai,Navi Mumbai (Vashi),Independent House,4,4,2513,0,2,5,Furnished,1,Yes,1.9,8,18170.71,456.63
Bangalore,Koramangala,Apartment,2,1,1210,11,12,0,Semi-Furnished,1,Yes,4.0,8,20271.9,245.29
Pune,Hinjewadi,Villa,4,4,2825,0,2,2,Furnished,2,No,1.0,6,12139.12,342.93
Mumbai,Bandra West,Apartment,2,1,881,6,8,5,Furnished,2,Yes,3.2,7,45876.28,404.17
Pune,Koregaon Park,Villa,4,4,2827,0,3,0,Semi-Furnished,2,No,2.4,7,24033.6,679.43
Ahmedabad,SG Highway,Apartment,2,1,1044,20,26,5,Furnished,1,No,0.5,7,9338.12,97.49
Mumbai,Andheri East,Apartment,4,4,2155,1,6,11,Furnished,1,Yes,0.6,6,23588.4,508.33
Pune,Baner,Apartment,3,3,1386,8,10,5,Furnished,1,Yes,10.3,5,11173.88,154.87
Delhi NCR,South Extension,Studio,1,1,391,8,18,4,Semi-Furnished,1,No,2.0,6,20815.86,81.39
Chennai,Boat Club Road,Apartment,3,3,1513,11,12,1,Semi-Furnished,1,Yes,4.2,6,30409.12,460.09
Mumbai,Navi Mumbai (Vashi),Apartment,2,2,1180,6,17,3,Furnished,1,Yes,3.1,10,16278.81,192.09
Pune,Kalyani Nagar,Apartment,3,3,1826,17,23,9,Unfurnished,1,Yes,1.4,5,11707.01,213.77
Chennai,Boat Club Road,Independent House,3,3,2094,0,2,1,Semi-Furnished,2,Yes,1.4,7,35002.87,732.96
Kolkata,Salt Lake Sector V,Apartment,3,3,1555,12,28,2,Semi-Furnished,2,Yes,0.4,5,8506.11,132.27
Pune,Kalyani Nagar,Apartment,2,2,1179,5,14,0,Furnished,2,Yes,2.8,6,15354.54,181.03
Delhi NCR,Vasant Kunj,Apartment,3,3,1618,4,5,5,Semi-Furnished,2,Yes,8.6,4,23843.63,385.79
Pune,Hinjewadi,Apartment,3,3,1172,23,30,5,Semi-Furnished,0,Yes,0.9,6,8130.55,95.29
Chennai,Adyar,Apartment,2,2,1342,9,9,3,Furnished,0,Yes,0.3,6,21163.19,284.01
Delhi NCR,Noida Expressway,Apartment,2,2,1314,7,12,11,Furnished,1,Yes,2.0,9,9841.7,129.32
Mumbai,Worli,Independent House,3,3,1956,0,2,8,Unfurnished,2,Yes,1.9,6,48060.33,940.06
Kolkata,Park Street,Apartment,3,3,1466,1,11,0,Furnished,1,Yes,0.9,6,19722.37,289.13
Pune,Kalyani Nagar,Apartment,1,1,663,2,5,3,Semi-Furnished,2,Yes,1.2,10,13392.16,88.79
Pune,Hinjewadi,Apartment,3,3,1848,20,31,11,Unfurnished,1,Yes,11.1,6,6745.13,124.65
Mumbai,Juhu,Studio,1,1,496,6,21,2,Semi-Furnished,0,Yes,1.6,7,42467.74,210.64
Pune,Kalyani Nagar,Studio,1,1,388,14,17,1,Semi-Furnished,1,Yes,1.0,9,15085.05,58.53
Bangalore,Whitefield,Villa,3,2,2012,0,2,2,Semi-Furnished,1,Yes,10.8,8,12731.11,256.15
Pune,Hinjewadi,Apartment,2,1,1298,11,24,6,Furnished,1,Yes,4.8,8,8792.76,114.13
Mumbai,Navi Mumbai (Vashi),Apartment,2,2,1113,19,20,9,Semi-Furnished,1,Yes,1.8,10,16155.44,179.81
Pune,Wakad,Apartment,3,3,1664,8,27,4,Semi-Furnished,2,Yes,2.6,7,8779.45,146.09
Ahmedabad,Satellite,Apartment,2,1,1200,2,12,3,Unfurnished,0,Yes,4.3,6,9384.17,112.61
Mumbai,Andheri East,Apartment,3,3,1474,18,27,1,Unfurnished,1,No,0.5,4,23744.23,349.99
Ahmedabad,Bopal,Villa,4,4,2759,0,2,1,Unfurnished,1,Yes,7.0,9,7335.63,202.39
Bangalore,Indiranagar,Villa,3,2,1801,0,2,2,Unfurnished,2,Yes,2.3,6,25009.44,450.42
Chennai,Anna Nagar,Villa,3,3,2483,0,3,11,Semi-Furnished,1,Yes,3.6,6,22037.05,547.18
Hyderabad,Jubilee Hills,Apartment,2,1,1101,17,23,7,Semi-Furnished,0,Yes,0.7,6,30810.17,339.22
Delhi NCR,South Extension,Independent House,3,3,2336,0,2,4,Semi-Furnished,2,Yes,0.7,7,34599.74,808.25
Hyderabad,Banjara Hills,Apartment,2,2,784,8,8,4,Semi-Furnished,1,Yes,0.6,7,25966.84,203.58
Chennai,Adyar,Apartment,2,2,1123,11,15,8,Unfurnished,1,Yes,1.6,6,19229.74,215.95
Bangalore,Indiranagar,Independent House,3,2,1987,0,2,4,Furnished,2,Yes,1.6,4,29134.37,578.9
Bangalore,Koramangala,Apartment,2,2,866,7,13,0,Unfurnished,1,Yes,0.4,10,22122.4,191.58
Pune,Baner,Apartment,2,2,961,10,19,1,Unfurnished,1,Yes,2.0,7,11368.37,109.25
Hyderabad,Jubilee Hills,Apartment,2,1,1015,10,15,2,Unfurnished,1,Yes,1.6,9,30236.45,306.9
Hyderabad,Madhapur,Independent House,4,4,2630,0,2,3,Unfurnished,3,Yes,1.8,6,14267.3,375.23
Hyderabad,Jubilee Hills,Villa,3,3,2025,0,1,7,Furnished,2,Yes,3.4,5,36756.05,744.31
Delhi NCR,Vasant Kunj,Apartment,2,1,1188,24,31,9,Furnished,0,Yes,2.0,9,26001.68,308.9
Hyderabad,Banjara Hills,Villa,4,4,2561,0,1,0,Furnished,2,Yes,1.0,6,32295.98,827.1
Mumbai,Juhu,Apartment,1,1,503,13,13,4,Furnished,1,Yes,2.9,9,52300.2,263.07
Delhi NCR,Noida Expressway,Apartment,2,2,1314,15,29,0,Semi-Furnished,1,Yes,1.0,7,11936.83,156.85
Mumbai,Worli,Independent House,3,2,2298,0,2,6,Unfurnished,2,Yes,1.0,9,54485.64,1252.08
Bangalore,Whitefield,Independent House,4,4,2565,0,2,5,Unfurnished,2,No,1.6,3,9507.99,243.88
Bangalore,HSR Layout,Studio,1,1,474,2,6,0,Semi-Furnished,1,Yes,0.4,5,14970.46,70.96
Bangalore,Hebbal,Apartment,3,2,1765,7,23,0,Furnished,2,Yes,0.7,9,14222.66,251.03
Pune,Wakad,Independent House,3,3,2529,0,3,0,Furnished,2,Yes,2.4,5,12107.55,306.2
Bangalore,Electronic City,Independent House,5,5,3493,0,2,3,Furnished,2,Yes,2.8,9,8681.65,303.25
Delhi NCR,Gurgaon Cyber City,Penthouse,3,3,2767,20,20,7,Semi-Furnished,2,Yes,0.6,7,30088.54,832.55
Bangalore,Indiranagar,Apartment,4,4,1896,5,5,1,Semi-Furnished,1,Yes,0.7,9,22758.44,431.5
Bangalore,HSR Layout,Villa,5,5,3252,0,2,4,Furnished,1,Yes,2.3,4,23189.11,754.11
Bangalore,Electronic City,Apartment,3,2,1289,10,29,7,Semi-Furnished,1,Yes,1.7,6,7468.58,96.27
Mumbai,Bandra West,Apartment,1,1,727,18,26,1,Furnished,1,Yes,1.2,6,62431.91,453.88
Pune,Kalyani Nagar,Apartment,2,2,1125,2,5,1,Semi-Furnished,2,Yes,3.5,7,17900.44,201.38
Pune,Kalyani Nagar,Apartment,2,2,1074,14,21,8,Semi-Furnished,2,Yes,0.8,9,14964.62,160.72
Pune,Kalyani Nagar,Apartment,1,1,723,16,24,5,Semi-Furnished,2,Yes,6.2,6,15609.96,112.86
Delhi NCR,Gurgaon Golf Course Rd,Penthouse,4,4,3803,33,33,0,Semi-Furnished,3,Yes,3.0,5,46668.68,1774.81
Bangalore,Whitefield,Apartment,3,3,1177,1,5,13,Unfurnished,1,No,1.3,5,7656.75,90.12
Chennai,Anna Nagar,Independent House,4,4,2725,0,2,5,Furnished,3,Yes,0.8,5,19208.44,523.43
Delhi NCR,South Extension,Apartment,3,3,1283,10,29,2,Semi-Furnished,1,Yes,4.8,9,31243.96,400.86
Delhi NCR,Noida Expressway,Apartment,2,1,1044,1,23,7,Semi-Furnished,1,Yes,1.1,7,9189.66,95.94
Mumbai,Thane West,Apartment,2,2,1179,15,28,2,Semi-Furnished,1,Yes,2.0,7,14183.21,167.22
Bangalore,Whitefield,Apartment,3,3,1677,16,29,5,Unfurnished,1,Yes,3.9,4,9059.63,151.93
Bangalore,HSR Layout,Apartment,2,2,967,18,26,1,Semi-Furnished,0,Yes,3.3,3,15329.89,148.24
Bangalore,Electronic City,Apartment,1,1,474,17,27,0,Semi-Furnished,1,Yes,0.4,6,7177.22,34.02
Delhi NCR,South Extension,Apartment,2,2,991,27,28,9,Furnished,0,Yes,0.5,6,27920.28,276.69
Delhi NCR,Noida Expressway,Apartment,3,3,1415,12,25,1,Semi-Furnished,1,Yes,1.4,5,9462.9,133.9
Pune,Hinjewadi,Apartment,3,3,1627,4,8,1,Furnished,1,Yes,3.7,9,8863.55,144.21
Hyderabad,HITEC City,Apartment,3,3,1335,8,13,0,Furnished,1,No,1.3,6,12546.07,167.49
Hyderabad,HITEC City,Apartment,3,3,1466,12,28,7,Semi-Furnished,1,Yes,4.6,6,11845.16,173.65
Pune,Baner,Penthouse,4,5,3738,29,29,9,Semi-Furnished,2,Yes,2.0,4,17699.04,661.59
Ahmedabad,Prahlad Nagar,Penthouse,4,4,3544,40,40,2,Furnished,3,Yes,1.0,8,16454.29,583.14
Mumbai,Juhu,Independent House,3,2,2211,0,2,1,Semi-Furnished,2,Yes,8.0,8,62913.16,1391.01
Mumbai,Bandra West,Apartment,3,2,1671,9,26,12,Semi-Furnished,1,Yes,4.0,3,40031.72,668.93
Mumbai,Worli,Villa,3,3,2060,0,2,1,Furnished,2,No,2.5,5,62582.52,1289.2
Pune,Hinjewadi,Villa,5,5,3576,0,2,20,Semi-Furnished,2,Yes,3.4,7,9537.19,341.05
Chennai,Anna Nagar,Villa,4,3,3016,0,1,20,Semi-Furnished,2,No,2.7,7,16195.29,488.45
Bangalore,Hebbal,Apartment,1,1,639,4,5,1,Semi-Furnished,2,Yes,2.3,4,14198.75,90.73
Kolkata,Salt Lake Sector V,Independent House,4,3,3076,0,1,3,Semi-Furnished,2,Yes,0.9,6,10940.51,336.53
Mumbai,Navi Mumbai (Vashi),Villa,3,2,2143,0,1,0,Semi-Furnished,1,Yes,1.6,6,18638.36,399.42
Kolkata,Salt Lake Sector V,Apartment,2,2,1259,2,9,1,Semi-Furnished,1,No,1.2,5,9799.05,123.37
Bangalore,Koramangala,Independent House,3,3,2541,0,2,1,Unfurnished,1,Yes,1.7,6,22279.81,566.13
Mumbai,Navi Mumbai (Vashi),Apartment,3,2,1859,4,10,5,Semi-Furnished,1,Yes,8.6,6,14634.75,272.06
Delhi NCR,Gurgaon Golf Course Rd,Apartment,1,1,756,4,16,2,Furnished,1,Yes,4.2,6,35021.16,264.76
Bangalore,HSR Layout,Apartment,2,1,1088,13,16,15,Semi-Furnished,1,Yes,9.1,6,15079.04,164.06
Bangalore,Indiranagar,Independent House,3,3,2411,0,2,5,Unfurnished,2,Yes,4.5,6,21558.69,519.78
Bangalore,Hebbal,Apartment,1,1,683,1,7,9,Furnished,2,Yes,1.2,4,10830.16,73.97
Hyderabad,HITEC City,Apartment,2,1,1185,7,16,4,Unfurnished,0,No,2.2,5,10052.32,119.12
Delhi NCR,South Extension,Apartment,1,1,450,2,8,17,Unfurnished,1,No,1.2,10,20333.33,91.5
Bangalore,Whitefield,Apartment,3,3,1555,7,15,19,Furnished,0,Yes,3.2,4,8679.1,134.96
Pune,Kalyani Nagar,Apartment,3,2,1656,1,6,3,Unfurnished,2,Yes,3.5,9,16008.45,265.1
Pune,Kalyani Nagar,Independent House,5,5,2994,0,2,11,Semi-Furnished,2,Yes,0.8,9,16650.97,498.53
Bangalore,Indiranagar,Villa,5,4,3413,0,1,1,Unfurnished,2,Yes,4.0,6,28029.3,956.64
Bangalore,Electronic City,Apartment,3,2,1713,30,30,0,Semi-Furnished,0,Yes,0.4,6,8301.81,142.21
Mumbai,Navi Mumbai (Vashi),Apartment,2,1,972,12,20,8,Semi-Furnished,1,Yes,5.7,8,16284.98,158.29
Mumbai,Thane West,Apartment,1,1,709,4,9,12,Semi-Furnished,1,Yes,2.9,10,12496.47,88.6
Pune,Kalyani Nagar,Penthouse,6,6,4648,38,38,0,Semi-Furnished,2,Yes,1.7,5,24802.93,1152.84
Mumbai,Andheri East,Apartment,3,3,1514,5,6,0,Furnished,1,Yes,1.6,6,26035.01,394.17
Delhi NCR,Vasant Kunj,Apartment,4,3,2098,7,12,7,Semi-Furnished,1,Yes,3.2,4,22168.73,465.1
Pune,Hinjewadi,Apartment,2,2,1036,10,17,2,Furnished,1,Yes,1.1,10,10817.57,112.07
Mumbai,Andheri East,Independent House,3,2,2259,0,2,8,Semi-Furnished,2,Yes,6.2,8,28257.19,638.33
Delhi NCR,South Extension,Penthouse,4,4,2984,21,21,13,Semi-Furnished,2,Yes,4.0,5,37924.26,1131.66
Bangalore,Indiranagar,Villa,4,4,2848,0,2,0,Semi-Furnished,2,Yes,15.0,9,29897.82,851.49
Ahmedabad,Bodakdev,Independent House,3,3,2131,0,1,0,Semi-Furnished,2,No,1.5,5,9869.54,210.32
Delhi NCR,Vasant Kunj,Apartment,3,3,1998,20,23,4,Furnished,1,Yes,0.9,3,23146.15,462.46
Hyderabad,Banjara Hills,Apartment,1,1,588,9,14,4,Furnished,0,Yes,0.8,5,25880.95,152.18
Delhi NCR,Vasant Kunj,Apartment,4,3,1855,15,26,2,Furnished,1,Yes,3.6,8,29781.67,552.45
Mumbai,Bandra West,Apartment,2,2,947,15,17,0,Semi-Furnished,1,Yes,1.4,4,51711.72,489.71
Pune,Kalyani Nagar,Apartment,2,1,1034,1,4,17,Unfurnished,1,Yes,1.3,4,12352.03,127.72
Ahmedabad,Bodakdev,Apartment,2,2,1245,13,21,5,Furnished,1,Yes,2.9,6,11655.42,145.11
Pune,Wakad,Apartment,2,2,1085,9,31,5,Unfurnished,1,Yes,1.1,5,9488.48,102.95
Hyderabad,Jubilee Hills,Studio,1,1,383,5,16,8,Semi-Furnished,0,Yes,1.2,7,22832.9,87.45
Chennai,OMR IT Corridor,Independent House,5,5,3115,0,2,3,Semi-Furnished,2,Yes,4.4,5,9005.46,280.52
Bangalore,Indiranagar,Villa,3,3,1964,0,1,17,Semi-Furnished,2,Yes,0.9,7,21729.63,426.77
Mumbai,Juhu,Independent House,3,3,2015,0,2,4,Unfurnished,1,Yes,7.2,8,59368.24,1196.27
Pune,Kalyani Nagar,Apartment,2,2,999,10,31,1,Furnished,1,No,1.6,6,16224.22,162.08
Bangalore,Koramangala,Independent House,5,4,3272,0,2,2,Semi-Furnished,1,Yes,0.7,6,25181.23,823.93
Chennai,Anna Nagar,Apartment,2,1,1264,1,11,1,Semi-Furnished,1,Yes,4.6,7,17905.06,226.32
Kolkata,Ballygunge,Independent House,4,4,2560,0,2,0,Semi-Furnished,1,Yes,2.5,3,21626.95,553.65
Bangalore,HSR Layout,Apartment,3,3,1534,27,30,0,Unfurnished,1,No,2.4,7,15077.57,231.29
Bangalore,Electronic City,Studio,1,1,409,8,17,0,Furnished,1,Yes,1.7,5,7535.45,30.82
Hyderabad,HITEC City,Apartment,1,1,658,6,28,4,Semi-Furnished,0,Yes,1.5,7,12528.88,82.44
Bangalore,Whitefield,Apartment,2,2,1303,19,23,2,Semi-Furnished,0,Yes,1.8,5,9412.89,122.65
Chennai,Boat Club Road,Penthouse,4,4,3866,31,31,1,Semi-Furnished,2,Yes,3.4,9,41000.78,1585.09
Delhi NCR,Gurgaon Golf Course Rd,Apartment,3,3,1512,16,25,30,Semi-Furnished,1,Yes,7.8,8,24017.86,363.15
Pune,Baner,Independent House,3,3,1884,0,3,3,Semi-Furnished,2,Yes,2.6,7,13115.18,247.09
Mumbai,Bandra West,Independent House,3,3,2519,0,3,0,Unfurnished,2,Yes,4.5,7,50681.22,1276.66
Pune,Baner,Villa,4,4,2843,0,1,0,Semi-Furnished,2,No,1.9,9,17749.21,504.61
Delhi NCR,South Extension,Studio,1,1,400,1,6,8,Unfurnished,0,Yes,0.9,6,24825.0,99.3
Delhi NCR,Noida Sector 62,Studio,1,1,381,7,17,3,Semi-Furnished,1,Yes,2.3,7,8627.3,32.87
Mumbai,Thane West,Apartment,3,3,1710,6,12,0,Furnished,1,Yes,2.2,10,19095.91,326.54
Hyderabad,Jubilee Hills,Villa,4,4,2282,0,2,0,Furnished,3,Yes,2.0,4,34656.44,790.86
Chennai,Velachery,Independent House,3,2,2037,0,1,5,Furnished,1,Yes,4.6,7,12197.84,248.47
Mumbai,Andheri East,Independent House,3,2,1865,0,2,1,Semi-Furnished,2,Yes,0.4,7,27645.04,515.58
Mumbai,Bandra West,Apartment,2,1,1250,17,30,24,Semi-Furnished,1,Yes,3.3,5,39071.2,488.39
Mumbai,Bandra West,Independent House,3,3,2383,0,2,0,Semi-Furnished,1,Yes,3.1,8,56665.97,1350.35
Pune,Koregaon Park,Studio,1,1,532,1,10,3,Semi-Furnished,0,Yes,2.5,7,16186.09,86.11
Pune,Koregaon Park,Penthouse,4,5,3742,28,28,1,Furnished,2,Yes,2.4,5,34299.57,1283.49
Delhi NCR,Noida Sector 62,Apartment,2,2,980,6,24,8,Furnished,1,Yes,0.9,8,9047.96,88.67
Bangalore,Koramangala,Apartment,4,3,2195,14,14,6,Furnished,1,Yes,4.7,8,23391.8,513.45
Bangalore,Koramangala,Apartment,1,1,727,7,14,1,Semi-Furnished,1,Yes,3.1,4,17204.95,125.08
Delhi NCR,Vasant Kunj,Villa,4,4,2300,0,2,0,Furnished,1,Yes,3.2,7,32970.87,758.33
Delhi NCR,Vasant Kunj,Independent House,4,4,3012,0,3,16,Furnished,2,Yes,2.8,4,23097.61,695.7
Ahmedabad,Bodakdev,Apartment,3,2,1396,9,28,8,Unfurnished,0,Yes,1.9,9,10938.4,152.7
Mumbai,Andheri East,Apartment,1,1,450,15,22,1,Unfurnished,0,Yes,0.5,6,28071.11,126.32
Pune,Wakad,Apartment,1,1,726,16,28,4,Furnished,1,Yes,3.8,3,9220.39,66.94
Bangalore,Indiranagar,Apartment,2,1,809,21,21,12,Semi-Furnished,0,Yes,2.4,9,26087.76,211.05
Delhi NCR,Noida Sector 62,Penthouse,6,6,5450,27,27,5,Semi-Furnished,2,Yes,2.0,4,12603.67,686.9
Pune,Hinjewadi,Independent House,3,2,2244,0,2,4,Semi-Furnished,1,Yes,1.2,6,9631.91,216.14
Pune,Kalyani Nagar,Apartment,3,2,1539,2,16,2,Semi-Furnished,1,Yes,0.5,6,19220.27,295.8
Ahmedabad,Bodakdev,Apartment,3,3,1624,3,9,13,Furnished,1,Yes,3.4,4,8990.76,146.01
Mumbai,Bandra West,Apartment,3,2,1548,8,23,2,Semi-Furnished,1,Yes,2.5,7,52965.12,819.9
Mumbai,Worli,Studio,1,1,470,6,18,1,Semi-Furnished,0,No,0.9,10,52755.32,247.95
Hyderabad,Gachibowli,Apartment,3,2,1640,18,21,13,Furnished,1,Yes,0.9,7,11253.66,184.56
Delhi NCR,Gurgaon Cyber City,Apartment,3,3,1767,21,24,5,Semi-Furnished,1,Yes,1.3,6,22378.04,395.42
Bangalore,Whitefield,Apartment,2,2,1193,5,18,17,Semi-Furnished,1,No,1.5,6,8725.06,104.09
Mumbai,Navi Mumbai (Vashi),Independent House,3,2,2337,0,2,5,Semi-Furnished,1,Yes,1.2,3,16222.51,379.12
Mumbai,Juhu,Independent House,4,3,3188,0,2,17,Furnished,2,Yes,6.5,9,62260.04,1984.85
Chennai,Anna Nagar,Independent House,3,3,2425,0,1,2,Semi-Furnished,2,No,1.2,7,16028.87,388.7
Mumbai,Navi Mumbai (Vashi),Apartment,3,3,1537,20,30,1,Furnished,0,Yes,1.1,5,15384.52,236.46
Bangalore,Koramangala,Apartment,1,1,481,8,28,0,Semi-Furnished,1,Yes,0.4,8,21565.49,103.73
Bangalore,Whitefield,Apartment,2,1,973,4,9,9,Furnished,1,Yes,1.8,7,10297.02,100.19
Bangalore,Whitefield,Independent House,4,4,2657,0,2,3,Furnished,2,Yes,0.4,5,11652.99,309.62
Mumbai,Bandra West,Apartment,1,1,450,20,26,10,Semi-Furnished,1,Yes,0.3,10,48077.78,216.35
Delhi NCR,Gurgaon Golf Course Rd,Apartment,2,2,1065,19,23,0,Semi-Furnished,2,No,0.4,8,32805.63,349.38
Mumbai,Navi Mumbai (Vashi),Penthouse,6,7,5226,18,18,3,Unfurnished,2,Yes,2.3,8,24983.74,1305.65
Hyderabad,Jubilee Hills,Penthouse,5,5,4390,43,43,17,Semi-Furnished,3,Yes,1.5,6,34896.36,1531.95
Bangalore,Koramangala,Apartment,2,1,1050,2,7,9,Furnished,0,No,0.3,5,18707.62,196.43
Delhi NCR,Vasant Kunj,Apartment,2,2,602,14,16,8,Semi-Furnished,0,Yes,3.9,4,21274.09,128.07
Chennai,Anna Nagar,Apartment,1,1,465,19,19,10,Semi-Furnished,1,Yes,4.5,6,16086.02,74.8
Pune,Baner,Independent House,3,3,2202,0,2,18,Furnished,2,Yes,0.8,9,11475.93,252.7
Delhi NCR,Noida Expressway,Villa,3,3,2059,0,1,0,Unfurnished,2,Yes,1.3,8,12440.99,256.16
Bangalore,Indiranagar,Apartment,3,3,1482,1,9,10,Furnished,0,Yes,2.7,7,18907.56,280.21
Bangalore,Koramangala,Apartment,3,3,1494,5,9,12,Unfurnished,1,Yes,7.2,10,19136.55,285.9
Pune,Baner,Villa,4,3,2605,0,1,1,Unfurnished,2,Yes,3.1,9,17409.6,453.52
Ahmedabad,Bopal,Penthouse,5,5,4017,29,29,1,Semi-Furnished,3,Yes,0.7,9,9327.86,374.7
Pune,Hinjewadi,Apartment,4,4,2305,16,31,6,Unfurnished,1,Yes,1.6,6,7972.67,183.77
Delhi NCR,Gurgaon Cyber City,Apartment,2,2,1189,1,7,0,Semi-Furnished,1,Yes,2.0,8,23687.13,281.64
Hyderabad,Gachibowli,Apartment,2,1,1006,1,5,1,Furnished,1,No,0.6,8,14256.46,143.42
Delhi NCR,Gurgaon Golf Course Rd,Apartment,2,2,1019,5,21,0,Semi-Furnished,2,Yes,0.7,6,36695.78,373.93
Mumbai,Juhu,Penthouse,4,5,3725,18,19,1,Furnished,3,Yes,1.3,5,80985.23,3016.7
Delhi NCR,Gurgaon Golf Course Rd,Villa,4,4,2411,0,1,5,Semi-Furnished,2,No,6.0,8,36900.87,889.68
Ahmedabad,SG Highway,Villa,3,3,1730,0,2,3,Semi-Furnished,2,Yes,1.7,7,12375.14,214.09
Mumbai,Andheri East,Apartment,3,3,1521,2,25,2,Semi-Furnished,1,Yes,3.8,2,21024.33,319.78
Pune,Wakad,Villa,4,4,2818,0,2,0,Semi-Furnished,1,No,2.5,7,14440.03,406.92
Mumbai,Andheri East,Apartment,2,2,993,1,4,6,Semi-Furnished,1,Yes,3.2,10,20753.27,206.08
Delhi NCR,Noida Expressway,Apartment,2,2,1115,5,5,0,Unfurnished,1,Yes,0.7,6,9871.75,110.07
Mumbai,Navi Mumbai (Vashi),Apartment,1,1,750,1,13,7,Furnished,2,Yes,5.5,8,15809.33,118.57
Delhi NCR,Gurgaon Golf Course Rd,Apartment,3,3,1695,19,26,0,Semi-Furnished,1,Yes,1.3,5,35980.53,609.87
Hyderabad,HITEC City,Villa,5,5,3431,0,2,2,Furnished,1,Yes,5.8,4,15939.67,546.89
Bangalore,Hebbal,Apartment,3,2,1513,8,16,2,Semi-Furnished,2,Yes,1.1,3,10617.32,160.64
Pune,Hinjewadi,Apartment,3,2,1698,13,14,12,Furnished,0,Yes,11.4,7,8034.75,136.43
Hyderabad,Jubilee Hills,Apartment,4,4,1923,2,6,2,Semi-Furnished,1,No,0.9,6,27923.04,536.96
Kolkata,Salt Lake Sector V,Apartment,2,1,906,5,6,2,Furnished,0,Yes,2.5,8,10445.92,94.64
Bangalore,Whitefield,Apartment,1,1,498,5,5,1,Furnished,1,Yes,1.4,7,12267.07,61.09
Bangalore,Koramangala,Apartment,2,2,1117,2,26,10,Unfurnished,1,Yes,7.9,9,18904.21,211.16
Mumbai,Bandra West,Villa,3,3,2291,0,2,1,Furnished,2,No,3.2,8,68148.41,1561.28
Ahmedabad,Bopal,Apartment,2,2,1310,8,12,7,Semi-Furnished,1,Yes,1.7,8,6349.62,83.18
Kolkata,Salt Lake Sector V,Apartment,3,3,1671,9,11,1,Furnished,1,Yes,2.5,7,9831.84,164.29
Delhi NCR,South Extension,Apartment,1,1,759,3,8,9,Semi-Furnished,1,Yes,3.8,4,26972.33,204.72
Chennai,Adyar,Villa,3,3,2517,0,1,2,Semi-Furnished,2,Yes,0.9,7,27348.83,688.37
Delhi NCR,Noida Expressway,Apartment,2,2,1315,7,18,1,Semi-Furnished,1,Yes,6.5,7,9080.61,119.41
Pune,Koregaon Park,Apartment,3,3,1336,5,21,9,Furnished,1,Yes,0.9,9,19773.2,264.17
Mumbai,Juhu,Apartment,2,2,987,6,9,3,Semi-Furnished,1,Yes,4.0,7,43784.19,432.15
Hyderabad,Jubilee Hills,Apartment,2,1,908,2,6,0,Semi-Furnished,1,Yes,0.8,7,23274.23,211.33
Mumbai,Navi Mumbai (Vashi),Apartment,4,4,1928,2,26,0,Semi-Furnished,1,Yes,6.5,1,14204.36,273.86
Chennai,Anna Nagar,Independent House,5,5,3534,0,2,0,Semi-Furnished,2,Yes,0.8,2,16885.68,596.74
Hyderabad,HITEC City,Independent House,4,3,2644,0,2,3,Semi-Furnished,2,No,6.4,8,15973.52,422.34
Pune,Koregaon Park,Apartment,3,2,1546,23,26,1,Furnished,1,Yes,1.3,5,18787.19,290.45
Mumbai,Worli,Villa,4,4,2824,0,1,10,Furnished,2,Yes,1.0,6,76605.88,2163.35
Bangalore,Hebbal,Independent House,3,3,1949,0,3,4,Furnished,1,No,4.5,7,13943.05,271.75
Bangalore,Whitefield,Apartment,3,2,1563,9,20,0,Furnished,0,Yes,0.9,10,11313.5,176.83
Bangalore,HSR Layout,Apartment,2,2,1179,2,20,1,Furnished,2,Yes,0.7,4,18099.24,213.39
Mumbai,Andheri East,Apartment,3,3,1763,2,12,3,Semi-Furnished,0,Yes,4.8,7,27922.86,492.28
Kolkata,Ballygunge,Apartment,2,2,1021,2,13,4,Semi-Furnished,1,Yes,4.1,6,15629.77,159.58
Delhi NCR,Noida Sector 62,Independent House,3,3,1905,0,1,3,Unfurnished,1,Yes,1.4,6,9846.19,187.57
Bangalore,HSR Layout,Villa,4,3,2636,0,2,2,Furnished,2,Yes,0.5,7,21748.1,573.28
Bangalore,Electronic City,Studio,1,1,520,6,8,5,Semi-Furnished,0,Yes,6.5,8,6192.31,32.2
Delhi NCR,Vasant Kunj,Independent House,3,2,1995,0,1,4,Unfurnished,1,Yes,3.1,9,27665.16,551.92
Pune,Kalyani Nagar,Apartment,3,3,1681,25,31,4,Semi-Furnished,0,Yes,0.9,9,16731.71,281.26
Delhi NCR,South Extension,Apartment,1,1,501,9,29,0,Furnished,1,Yes,2.5,5,27005.99,135.3
Kolkata,Alipore,Villa,5,4,3597,0,3,2,Furnished,2,Yes,5.3,5,34003.89,1223.12
Delhi NCR,Gurgaon Golf Course Rd,Apartment,4,4,1888,8,18,0,Furnished,1,Yes,2.7,7,35478.28,669.83
Ahmedabad,Satellite,Independent House,5,4,3538,0,3,0,Furnished,1,Yes,3.1,7,11679.76,413.23
Chennai,Boat Club Road,Villa,3,3,2511,0,1,10,Semi-Furnished,2,Yes,1.6,6,32048.59,804.74
Mumbai,Worli,Independent House,4,4,2916,0,2,0,Furnished,3,Yes,0.8,8,71654.32,2089.44
Kolkata,Ballygunge,Villa,3,3,1995,0,1,1,Furnished,3,No,1.2,10,25049.12,499.73
Mumbai,Navi Mumbai (Vashi),Apartment,2,2,1282,8,8,3,Semi-Furnished,0,No,0.5,6,15993.76,205.04
Hyderabad,Banjara Hills,Villa,4,4,2711,0,2,2,Semi-Furnished,2,Yes,2.7,4,31835.12,863.05
Bangalore,HSR Layout,Villa,3,2,2171,0,3,6,Semi-Furnished,2,Yes,5.0,7,20704.74,449.5
Chennai,Velachery,Apartment,2,1,1195,15,22,1,Semi-Furnished,2,No,0.8,6,10484.52,125.29
Chennai,OMR IT Corridor,Independent House,5,5,3250,0,2,23,Semi-Furnished,1,Yes,10.3,5,7312.92,237.67
Hyderabad,Jubilee Hills,Apartment,3,2,1505,2,4,4,Furnished,1,Yes,0.9,7,31564.78,475.05
Hyderabad,Jubilee Hills,Studio,1,1,505,5,6,0,Semi-Furnished,0,No,5.7,5,18558.42,93.72
Bangalore,Hebbal,Apartment,2,2,1141,19,24,0,Semi-Furnished,1,Yes,5.2,10,15255.04,174.06
Mumbai,Worli,Apartment,2,2,1202,5,9,0,Unfurnished,0,Yes,1.7,9,59957.57,720.69
Bangalore,Hebbal,Apartment,4,3,2125,18,22,0,Furnished,2,Yes,2.4,6,13719.06,291.53
Mumbai,Worli,Independent House,4,4,2653,0,1,1,Semi-Furnished,1,Yes,1.7,6,59823.6,1587.12
Pune,Kalyani Nagar,Apartment,2,2,1282,3,25,14,Semi-Furnished,1,Yes,0.4,7,13957.1,178.93
Bangalore,Hebbal,Apartment,1,1,529,1,4,0,Semi-Furnished,1,Yes,3.3,8,13731.57,72.64
Ahmedabad,Bodakdev,Apartment,3,3,1624,9,13,0,Furnished,1,Yes,0.6,10,9515.39,154.53
Pune,Wakad,Penthouse,5,6,3906,26,26,18,Furnished,3,Yes,0.4,10,13330.52,520.69
Chennai,Boat Club Road,Apartment,3,3,1747,3,8,1,Unfurnished,1,Yes,1.6,6,26099.03,455.95
Mumbai,Navi Mumbai (Vashi),Apartment,3,3,1688,17,22,3,Semi-Furnished,0,Yes,1.2,7,17666.47,298.21
Chennai,Anna Nagar,Villa,4,4,2736,0,2,2,Semi-Furnished,3,Yes,2.8,8,21402.78,585.58
Kolkata,Ballygunge,Apartment,1,1,698,14,22,0,Furnished,1,Yes,0.3,6,18631.81,130.05
Delhi NCR,Noida Sector 62,Penthouse,4,4,3169,24,25,5,Furnished,3,Yes,1.0,7,12714.42,402.92
Pune,Kalyani Nagar,Apartment,2,2,1116,1,16,4,Semi-Furnished,1,Yes,7.9,7,13137.99,146.62
Hyderabad,Madhapur,Independent House,3,3,2021,0,2,1,Unfurnished,3,Yes,1.2,5,11116.77,224.67
Mumbai,Thane West,Apartment,2,1,1503,6,14,0,Unfurnished,2,Yes,11.1,7,11521.62,173.17
Delhi NCR,Noida Expressway,Apartment,1,1,708,2,28,11,Semi-Furnished,1,Yes,0.8,6,8569.21,60.67
Bangalore,Hebbal,Independent House,4,4,3210,0,2,0,Semi-Furnished,2,Yes,3.2,10,16102.18,516.88
Mumbai,Juhu,Apartment,1,1,1023,7,16,1,Unfurnished,1,Yes,5.3,8,57435.0,587.56
Bangalore,Koramangala,Villa,5,5,3787,0,2,1,Semi-Furnished,2,Yes,3.8,10,31843.68,1205.92
Mumbai,Thane West,Apartment,3,2,1664,8,18,8,Semi-Furnished,1,Yes,2.4,3,12579.33,209.32
Mumbai,Juhu,Apartment,3,2,1643,1,9,14,Furnished,1,Yes,4.3,7,54273.28,891.71
Mumbai,Juhu,Apartment,2,2,1231,4,29,0,Semi-Furnished,1,Yes,1.6,7,54538.59,671.37
Ahmedabad,Satellite,Studio,1,1,493,5,18,16,Semi-Furnished,0,Yes,0.5,6,6645.03,32.76
Delhi NCR,South Extension,Apartment,2,1,914,4,15,1,Unfurnished,1,Yes,8.6,10,27796.5,254.06
Ahmedabad,Bopal,Apartment,3,3,1536,10,16,0,Semi-Furnished,1,Yes,0.7,6,6610.68,101.54
Delhi NCR,Gurgaon Cyber City,Apartment,2,2,1034,4,14,12,Furnished,1,Yes,2.8,9,18150.87,187.68
Bangalore,Indiranagar,Apartment,2,2,891,1,10,0,Semi-Furnished,1,Yes,3.1,7,23097.64,205.8
Delhi NCR,Vasant Kunj,Apartment,4,3,2041,4,15,0,Unfurnished,2,Yes,1.0,8,29310.63,598.23
Delhi NCR,Gurgaon Golf Course Rd,Penthouse,3,3,2674,36,36,2,Semi-Furnished,2,Yes,0.9,8,50730.74,1356.54
Mumbai,Thane West,Apartment,2,2,1424,2,10,0,Furnished,2,Yes,0.7,7,14154.49,201.56
Pune,Kalyani Nagar,Penthouse,4,4,3533,23,23,2,Furnished,2,Yes,3.6,7,26367.96,931.58
Mumbai,Andheri East,Apartment,3,2,1791,17,30,1,Semi-Furnished,1,Yes,0.4,6,23821.33,426.64
Pune,Wakad,Independent House,4,4,3068,0,2,1,Semi-Furnished,1,Yes,3.2,5,10463.82,321.03
Pune,Kalyani Nagar,Penthouse,6,6,5274,32,32,1,Semi-Furnished,2,Yes,2.4,4,24096.32,1270.84
Mumbai,Worli,Apartment,3,2,1665,5,15,1,Furnished,1,Yes,1.1,9,54529.73,907.92
Mumbai,Thane West,Studio,1,1,583,4,15,0,Unfurnished,0,Yes,0.7,10,12396.23,72.27
Hyderabad,Gachibowli,Apartment,3,3,1594,12,26,8,Furnished,1,Yes,0.5,8,12385.82,197.43
Delhi NCR,Noida Expressway,Studio,1,1,457,5,13,3,Furnished,0,Yes,1.2,6,9076.59,41.48
Mumbai,Andheri East,Independent House,5,5,3250,0,1,1,Semi-Furnished,3,Yes,4.3,6,28530.46,927.24
Ahmedabad,SG Highway,Apartment,2,2,1369,7,28,3,Semi-Furnished,2,Yes,2.4,8,9088.39,124.42
Mumbai,Navi Mumbai (Vashi),Apartment,2,2,962,8,27,9,Furnished,1,No,1.8,3,12183.99,117.21
Pune,Koregaon Park,Apartment,2,2,1046,17,22,3,Furnished,2,Yes,1.6,6,20872.85,218.33
Ahmedabad,Bodakdev,Apartment,3,3,1463,2,9,0,Furnished,1,Yes,1.9,7,10951.47,160.22
Bangalore,Hebbal,Apartment,2,2,958,4,7,4,Semi-Furnished,0,Yes,2.0,6,11182.67,107.13
Mumbai,Juhu,Apartment,3,3,1588,18,28,7,Semi-Furnished,1,Yes,3.9,10,61858.94,982.32
Mumbai,Worli,Apartment,1,1,698,13,20,3,Semi-Furnished,1,Yes,2.4,8,55495.7,387.36
Bangalore,Indiranagar,Villa,4,4,2770,0,2,1,Semi-Furnished,1,No,0.7,8,28206.5,781.32
Mumbai,Navi Mumbai (Vashi),Apartment,1,1,565,10,22,1,Semi-Furnished,1,Yes,0.8,9,16352.21,92.39
Pune,Baner,Apartment,2,2,1109,9,27,12,Furnished,2,Yes,0.3,3,11478.81,127.3
Mumbai,Thane West,Independent House,4,4,2593,0,2,4,Unfurnished,3,Yes,9.9,6,14762.82,382.8
Delhi NCR,South Extension,Apartment,1,1,756,12,30,6,Unfurnished,0,Yes,2.4,4,24547.62,185.58
Ahmedabad,Bopal,Apartment,2,2,921,2,7,4,Furnished,1,No,3.1,6,5790.45,53.33
Hyderabad,Jubilee Hills,Apartment,2,2,1101,10,15,9,Furnished,1,No,1.5,8,23400.54,257.64
Pune,Wakad,Penthouse,4,4,3643,42,42,2,Furnished,3,Yes,1.0,6,15476.26,563.8
Bangalore,Electronic City,Villa,4,4,2799,0,3,11,Furnished,1,Yes,1.2,7,9103.61,254.81
Pune,Kalyani Nagar,Apartment,2,1,1160,3,4,2,Semi-Furnished,1,Yes,1.8,3,14459.48,167.73
Delhi NCR,Gurgaon Cyber City,Independent House,3,3,2345,0,2,5,Semi-Furnished,2,Yes,1.2,7,22112.58,518.54
Delhi NCR,Vasant Kunj,Apartment,2,1,1036,12,15,0,Semi-Furnished,1,Yes,5.4,8,27212.36,281.92
Mumbai,Navi Mumbai (Vashi),Independent House,3,3,1993,0,2,3,Semi-Furnished,1,Yes,4.5,5,15769.19,314.28
Chennai,Adyar,Independent House,3,2,2634,0,1,4,Semi-Furnished,1,Yes,2.0,5,21772.59,573.49
Delhi NCR,Gurgaon Cyber City,Independent House,4,4,2885,0,2,10,Semi-Furnished,1,Yes,1.3,6,21537.26,621.35
Mumbai,Worli,Apartment,2,2,1038,4,7,0,Furnished,1,Yes,2.5,4,48517.34,503.61
Bangalore,Hebbal,Apartment,2,1,952,10,31,7,Furnished,1,Yes,4.3,5,13184.87,125.52
Bangalore,Hebbal,Apartment,1,1,566,2,29,3,Semi-Furnished,1,Yes,1.5,4,12636.04,71.52
Chennai,Boat Club Road,Penthouse,4,4,3512,18,19,5,Furnished,2,Yes,6.4,7,49982.06,1755.37
Hyderabad,Madhapur,Apartment,2,1,1032,2,7,6,Furnished,1,Yes,0.5,1,11132.75,114.89
Hyderabad,Banjara Hills,Villa,3,2,2190,0,2,0,Unfurnished,1,No,0.8,8,32202.28,705.23
Mumbai,Worli,Studio,1,1,500,9,17,7,Semi-Furnished,0,Yes,1.1,9,41856.0,209.28
Bangalore,Koramangala,Apartment,1,1,488,10,25,3,Furnished,1,Yes,1.2,9,25801.23,125.91
Delhi NCR,Gurgaon Golf Course Rd,Independent House,3,2,2469,0,2,3,Semi-Furnished,2,Yes,1.8,5,42227.22,1042.59
Mumbai,Juhu,Independent House,4,3,2422,0,2,0,Semi-Furnished,2,Yes,1.8,8,69624.28,1686.3
Bangalore,Koramangala,Studio,1,1,501,8,11,3,Furnished,0,Yes,0.8,10,18087.82,90.62
Hyderabad,Madhapur,Studio,1,1,422,16,21,3,Furnished,0,Yes,0.5,10,13417.06,56.62
Mumbai,Bandra West,Independent House,3,3,1423,0,1,6,Unfurnished,2,Yes,1.3,6,47071.68,669.83
Delhi NCR,South Extension,Apartment,2,2,1121,10,25,1,Semi-Furnished,2,Yes,0.9,4,29793.04,333.98
Mumbai,Bandra West,Villa,3,2,1911,0,1,9,Furnished,1,Yes,1.4,8,74645.74,1426.48
Mumbai,Juhu,Apartment,3,3,1315,7,10,7,Semi-Furnished,1,Yes,1.3,10,51039.54,671.17
Bangalore,Hebbal,Villa,4,3,2620,0,2,9,Semi-Furnished,1,Yes,1.7,4,15111.07,395.91
Ahmedabad,SG Highway,Penthouse,6,6,4442,40,40,2,Furnished,3,Yes,3.8,4,14705.09,653.2
Hyderabad,Madhapur,Apartment,2,2,1022,16,21,0,Furnished,1,Yes,4.9,9,15833.66,161.82
Ahmedabad,Prahlad Nagar,Independent House,3,3,1692,0,1,4,Furnished,1,Yes,3.1,6,12423.76,210.21
Delhi NCR,Noida Sector 62,Apartment,3,3,1591,12,31,4,Unfurnished,2,Yes,1.2,10,8577.0,136.46
Mumbai,Thane West,Apartment,2,2,1214,4,29,0,Furnished,1,No,1.0,4,13547.78,164.47
Delhi NCR,Noida Expressway,Apartment,3,2,1557,2,9,3,Semi-Furnished,0,Yes,0.6,5,10700.71,166.61
Delhi NCR,Gurgaon Cyber City,Villa,3,2,1949,0,1,2,Unfurnished,2,Yes,2.7,5,27245.77,531.02
Chennai,Velachery,Penthouse,5,6,4203,26,26,2,Furnished,3,Yes,4.9,4,19906.73,836.68
Mumbai,Navi Mumbai (Vashi),Studio,1,1,493,5,17,5,Unfurnished,0,No,1.1,4,12488.84,61.57
Delhi NCR,South Extension,Apartment,2,1,1087,17,23,7,Unfurnished,1,Yes,0.4,4,23682.61,257.43
Mumbai,Bandra West,Penthouse,3,4,2805,35,35,1,Unfurnished,3,Yes,0.7,5,70215.69,1969.55
Bangalore,Whitefield,Independent House,4,4,2848,0,2,2,Furnished,2,Yes,8.3,8,12820.93,365.14
Hyderabad,Gachibowli,Apartment,3,3,1512,13,13,4,Semi-Furnished,1,Yes,2.7,8,13321.43,201.42
Delhi NCR,Gurgaon Cyber City,Apartment,2,2,1146,5,29,0,Semi-Furnished,1,Yes,3.3,9,20975.57,240.38
Bangalore,Whitefield,Apartment,2,1,1300,20,27,0,Unfurnished,1,Yes,1.2,5,10777.69,140.11
Bangalore,Indiranagar,Penthouse,4,5,3660,44,44,2,Furnished,3,Yes,1.9,6,35439.07,1297.07
Delhi NCR,Vasant Kunj,Independent House,4,4,2719,0,2,0,Semi-Furnished,2,No,1.7,8,25948.14,705.53
Hyderabad,Madhapur,Independent House,4,3,2734,0,3,13,Semi-Furnished,3,Yes,2.1,8,12535.48,342.72
Chennai,Adyar,Apartment,2,1,1190,12,20,9,Furnished,2,Yes,0.8,6,19643.7,233.76
Ahmedabad,Bodakdev,Independent House,3,2,1809,0,2,4,Semi-Furnished,2,Yes,0.3,7,11528.47,208.55
Hyderabad,Banjara Hills,Apartment,3,3,1829,1,4,7,Semi-Furnished,1,Yes,1.7,7,24013.12,439.2
Bangalore,Koramangala,Apartment,2,1,1048,3,4,9,Semi-Furnished,1,Yes,2.8,6,19164.12,200.84
Pune,Hinjewadi,Independent House,4,4,2987,0,2,2,Semi-Furnished,2,Yes,1.1,6,9406.09,280.96
Delhi NCR,Noida Sector 62,Apartment,3,3,1670,19,29,5,Unfurnished,1,Yes,2.2,8,8519.16,142.27
Bangalore,Electronic City,Villa,3,3,1704,0,2,0,Semi-Furnished,1,Yes,0.4,4,10284.04,175.24
Chennai,Velachery,Apartment,2,2,1065,6,10,4,Semi-Furnished,1,Yes,1.3,3,11836.62,126.06
Mumbai,Andheri East,Independent House,4,3,3276,0,2,7,Semi-Furnished,2,Yes,4.5,6,26580.59,870.78
Kolkata,New Town,Apartment,3,2,1514,8,21,0,Semi-Furnished,1,Yes,1.5,6,7109.64,107.64
Delhi NCR,Gurgaon Cyber City,Apartment,2,1,818,1,16,1,Semi-Furnished,1,Yes,2.5,6,19958.44,163.26
Pune,Kalyani Nagar,Apartment,4,4,1963,19,24,2,Unfurnished,0,Yes,1.9,7,15478.86,303.85
Pune,Hinjewadi,Apartment,1,1,719,3,11,0,Semi-Furnished,1,Yes,1.0,7,7802.5,56.1
Chennai,Boat Club Road,Penthouse,4,5,3290,29,29,5,Semi-Furnished,3,Yes,2.0,10,57817.33,1902.19
Pune,Koregaon Park,Apartment,1,1,771,12,29,11,Furnished,1,Yes,0.3,7,18500.65,142.64
Pune,Baner,Villa,4,4,2836,0,2,8,Furnished,2,Yes,1.0,9,17622.71,499.78
Mumbai,Andheri East,Studio,1,1,475,5,6,2,Semi-Furnished,0,Yes,2.3,8,21010.53,99.8
Delhi NCR,Noida Expressway,Apartment,1,1,646,3,19,14,Furnished,1,Yes,0.3,7,8588.24,55.48
Mumbai,Andheri East,Apartment,2,1,1051,4,15,21,Furnished,2,Yes,2.5,8,22425.31,235.69
Hyderabad,Madhapur,Independent House,4,4,2216,0,1,4,Semi-Furnished,2,No,2.0,9,13360.56,296.07
Delhi NCR,Gurgaon Golf Course Rd,Studio,1,1,581,1,6,6,Furnished,0,Yes,7.8,6,27874.35,161.95
Pune,Hinjewadi,Penthouse,4,4,3574,33,33,1,Furnished,3,Yes,1.0,7,14710.41,525.75
Mumbai,Juhu,Apartment,4,4,2057,22,25,1,Semi-Furnished,1,Yes,3.1,10,52135.15,1072.42
Mumbai,Worli,Villa,5,5,3738,0,2,1,Semi-Furnished,3,No,1.7,9,70387.91,2631.1
Pune,Hinjewadi,Apartment,2,1,1140,4,10,0,Unfurnished,1,Yes,3.6,6,8917.54,101.66
Mumbai,Navi Mumbai (Vashi),Studio,1,1,409,4,19,0,Semi-Furnished,1,Yes,8.7,10,13066.01,53.44
Mumbai,Worli,Studio,1,1,411,4,17,5,Semi-Furnished,0,Yes,3.6,5,40652.07,167.08
Mumbai,Thane West,Apartment,3,3,1632,15,23,4,Unfurnished,1,Yes,0.8,7,14281.86,233.08
Ahmedabad,Bodakdev,Apartment,2,2,877,18,22,5,Semi-Furnished,1,No,0.3,6,9304.45,81.6
Hyderabad,HITEC City,Apartment,2,2,1141,2,21,3,Furnished,1,No,6.9,4,11842.24,135.12
Bangalore,Indiranagar,Apartment,2,1,1359,8,14,0,Furnished,1,Yes,2.2,6,23747.61,322.73
Bangalore,HSR Layout,Villa,3,3,1906,0,1,3,Semi-Furnished,2,Yes,2.6,5,22035.15,419.99
Bangalore,Electronic City,Apartment,3,2,1723,3,28,0,Semi-Furnished,0,Yes,6.3,8,7223.45,124.46
Hyderabad,Gachibowli,Apartment,3,3,1399,2,12,0,Semi-Furnished,0,Yes,1.1,7,13303.07,186.11
Pune,Koregaon Park,Apartment,3,3,1658,4,11,3,Semi-Furnished,0,No,0.6,7,14313.03,237.31
Mumbai,Worli,Studio,1,1,343,11,17,19,Semi-Furnished,0,Yes,0.4,8,36492.71,125.17
Mumbai,Thane West,Independent House,3,3,2113,0,2,0,Unfurnished,1,Yes,0.6,7,18315.66,387.01
Mumbai,Andheri East,Apartment,2,1,826,5,5,2,Semi-Furnished,2,Yes,4.2,9,26429.78,218.31
Pune,Wakad,Apartment,2,1,1147,22,28,3,Furnished,1,Yes,1.1,4,9131.65,104.74
Hyderabad,Gachibowli,Studio,1,1,450,9,16,6,Unfurnished,0,Yes,4.7,6,9146.67,41.16
Bangalore,Koramangala,Villa,5,4,3046,0,3,1,Furnished,2,Yes,3.4,8,36232.44,1103.64
Mumbai,Juhu,Apartment,3,3,1610,7,10,3,Semi-Furnished,0,Yes,5.8,9,47288.82,761.35
Mumbai,Thane West,Apartment,3,2,1441,11,25,1,Unfurnished,1,No,0.9,7,12483.0,179.88
Ahmedabad,Bopal,Apartment,3,3,1257,4,5,1,Semi-Furnished,1,Yes,0.8,6,6221.16,78.2
Bangalore,Koramangala,Apartment,2,2,1343,9,22,4,Semi-Furnished,1,No,3.9,6,22623.98,303.84
Hyderabad,Jubilee Hills,Apartment,1,1,543,18,19,13,Semi-Furnished,0,Yes,1.7,10,26883.98,145.98
Pune,Baner,Penthouse,4,5,3696,30,30,0,Semi-Furnished,3,Yes,0.3,8,17638.26,651.91
Bangalore,Hebbal,Apartment,4,3,2214,13,25,1,Semi-Furnished,1,Yes,6.6,6,12828.82,284.03
Mumbai,Bandra West,Villa,3,3,2164,0,1,15,Semi-Furnished,1,Yes,1.3,8,59478.74,1287.12
Mumbai,Bandra West,Apartment,1,1,739,3,4,3,Semi-Furnished,1,Yes,4.8,8,43652.23,322.59
Pune,Koregaon Park,Independent House,4,4,3030,0,3,0,Semi-Furnished,1,Yes,0.4,7,21612.54,654.86
Hyderabad,Jubilee Hills,Independent House,4,3,2972,0,2,7,Furnished,2,Yes,0.5,7,30524.23,907.18
Pune,Kalyani Nagar,Apartment,4,4,1935,25,28,1,Semi-Furnished,1,Yes,3.6,6,17679.07,342.09
Delhi NCR,South Extension,Apartment,1,1,858,22,24,1,Semi-Furnished,2,Yes,1.8,6,26996.5,231.63
Mumbai,Juhu,Independent House,3,3,2059,0,2,5,Semi-Furnished,1,Yes,1.0,8,62266.15,1282.06
Ahmedabad,SG Highway,Apartment,2,2,1433,16,27,1,Semi-Furnished,0,Yes,1.7,7,9169.57,131.4
Hyderabad,Gachibowli,Apartment,1,1,771,8,15,0,Semi-Furnished,0,Yes,3.7,7,13339.82,102.85
Bangalore,Whitefield,Apartment,2,2,778,8,18,1,Semi-Furnished,1,Yes,0.4,6,12428.02,96.69
Ahmedabad,Satellite,Studio,1,1,627,6,23,14,Semi-Furnished,1,No,4.3,5,6207.34,38.92
Pune,Koregaon Park,Apartment,2,2,1043,7,8,0,Unfurnished,1,Yes,1.4,6,20767.98,216.61
Delhi NCR,Vasant Kunj,Villa,3,3,1814,0,2,4,Furnished,1,Yes,4.7,4,28989.53,525.87
Hyderabad,Banjara Hills,Apartment,2,2,1142,3,7,24,Unfurnished,0,Yes,0.8,8,18831.87,215.06
Hyderabad,Jubilee Hills,Villa,5,5,3396,0,3,5,Furnished,3,No,9.9,8,32240.58,1094.89
Pune,Kalyani Nagar,Apartment,2,2,1080,28,28,3,Furnished,1,Yes,3.1,8,18964.81,204.82
Mumbai,Thane West,Penthouse,5,6,4255,36,37,2,Unfurnished,3,Yes,1.3,8,23693.3,1008.15
Bangalore,Whitefield,Apartment,3,3,1419,4,6,4,Furnished,1,Yes,5.4,5,9648.34,136.91
Kolkata,Ballygunge,Independent House,4,4,2708,0,2,5,Semi-Furnished,2,Yes,1.7,10,22769.2,616.59
Bangalore,Indiranagar,Independent House,4,4,2857,0,1,0,Unfurnished,1,Yes,3.0,8,25623.38,732.06
Bangalore,Koramangala,Apartment,3,3,1691,9,27,9,Unfurnished,1,Yes,3.5,7,18163.22,307.14
Delhi NCR,Noida Sector 62,Apartment,2,2,835,1,31,1,Unfurnished,0,Yes,1.3,9,8713.77,72.76
Delhi NCR,Gurgaon Golf Course Rd,Apartment,2,1,981,3,30,16,Furnished,1,Yes,1.2,8,27993.88,274.62
Pune,Wakad,Apartment,2,2,952,2,17,1,Semi-Furnished,1,Yes,4.8,6,9052.52,86.18
Kolkata,Park Street,Penthouse,5,5,4059,34,34,7,Furnished,3,Yes,1.8,5,28991.62,1176.77
Bangalore,Whitefield,Apartment,2,2,715,4,18,8,Semi-Furnished,2,Yes,1.8,8,9899.3,70.78
Mumbai,Navi Mumbai (Vashi),Apartment,2,2,890,2,9,3,Unfurnished,0,Yes,0.6,7,16919.1,150.58
Mumbai,Navi Mumbai (Vashi),Independent House,4,4,2715,0,1,9,Semi-Furnished,2,Yes,1.1,5,16332.6,443.43
Chennai,OMR IT Corridor,Apartment,2,2,1007,8,25,12,Semi-Furnished,1,Yes,0.9,6,6937.44,69.86
Pune,Wakad,Apartment,4,4,1977,6,13,5,Semi-Furnished,2,Yes,1.5,7,8611.03,170.24
Bangalore,Koramangala,Apartment,2,1,1366,14,31,2,Semi-Furnished,1,Yes,1.2,5,20324.3,277.63
Hyderabad,Gachibowli,Studio,1,1,426,5,20,1,Unfurnished,1,Yes,0.9,8,9075.12,38.66
Chennai,Adyar,Villa,5,5,3051,0,1,2,Furnished,2,Yes,1.8,8,29942.97,913.56
Chennai,Adyar,Penthouse,5,5,4025,41,41,6,Semi-Furnished,2,Yes,3.0,4,30548.32,1229.57
Kolkata,Alipore,Apartment,2,2,973,5,27,2,Unfurnished,1,Yes,2.4,10,26207.61,255.0
Bangalore,Whitefield,Villa,4,3,2273,0,2,12,Semi-Furnished,3,No,3.2,6,10641.88,241.89
Hyderabad,Madhapur,Apartment,4,3,1938,21,24,2,Furnished,2,Yes,2.3,5,13233.75,256.47
Delhi NCR,South Extension,Apartment,4,3,2008,5,13,2,Semi-Furnished,1,Yes,3.4,7,26634.46,534.82
Chennai,Anna Nagar,Apartment,2,2,1148,24,25,1,Semi-Furnished,0,Yes,4.5,6,16264.81,186.72
Hyderabad,Jubilee Hills,Apartment,2,1,1279,4,12,3,Furnished,1,Yes,1.7,4,25631.74,327.83
Hyderabad,HITEC City,Apartment,2,1,1046,17,30,3,Unfurnished,1,Yes,4.0,7,12830.78,134.21
Pune,Kalyani Nagar,Apartment,3,2,1656,3,15,4,Semi-Furnished,2,Yes,2.0,5,15353.86,254.26
Mumbai,Worli,Apartment,3,3,1380,7,11,4,Unfurnished,0,Yes,1.5,7,47682.61,658.02
Delhi NCR,Noida Sector 62,Apartment,3,2,1584,11,29,3,Unfurnished,0,Yes,4.6,7,8411.62,133.24
Ahmedabad,Prahlad Nagar,Independent House,4,3,2428,0,3,15,Semi-Furnished,2,No,2.1,9,8568.37,208.04
Kolkata,New Town,Apartment,1,1,765,24,24,12,Furnished,1,No,2.5,7,7858.82,60.12
Mumbai,Worli,Independent House,3,2,1662,0,2,1,Semi-Furnished,1,Yes,1.4,5,59767.15,993.33
Mumbai,Thane West,Apartment,4,4,2102,2,4,7,Furnished,1,Yes,3.7,4,13113.23,275.64
Mumbai,Worli,Villa,5,4,3571,0,2,7,Unfurnished,2,Yes,6.2,3,55624.19,1986.34
Hyderabad,Madhapur,Apartment,2,2,1073,3,9,0,Furnished,2,Yes,0.7,5,15518.17,166.51
Hyderabad,Jubilee Hills,Apartment,2,1,1115,3,4,0,Furnished,2,Yes,2.8,5,31156.95,347.4
Mumbai,Andheri East,Apartment,2,1,1311,5,19,8,Semi-Furnished,1,Yes,5.6,5,20493.52,268.67
Delhi NCR,Vasant Kunj,Independent House,4,3,2625,0,1,1,Furnished,2,Yes,1.1,7,34289.14,900.09
Chennai,Boat Club Road,Villa,3,2,2203,0,1,2,Furnished,1,Yes,2.1,5,49554.24,1091.68
Hyderabad,Gachibowli,Apartment,1,1,717,3,17,3,Semi-Furnished,2,Yes,6.3,9,13507.67,96.85
Delhi NCR,Gurgaon Cyber City,Apartment,2,2,1212,12,12,6,Furnished,1,Yes,6.0,8,21963.7,266.2
Delhi NCR,Noida Expressway,Penthouse,6,7,5039,27,27,1,Furnished,3,Yes,3.3,6,20339.95,1024.93
Delhi NCR,Gurgaon Golf Course Rd,Independent House,4,4,2755,0,1,1,Semi-Furnished,2,Yes,7.8,8,37547.01,1034.42
Bangalore,HSR Layout,Apartment,2,2,1235,5,11,2,Semi-Furnished,1,Yes,6.0,4,11937.65,147.43
Delhi NCR,Gurgaon Golf Course Rd,Apartment,4,3,2165,10,14,0,Semi-Furnished,1,Yes,8.6,6,32673.44,707.38
Pune,Koregaon Park,Apartment,1,1,669,10,15,5,Semi-Furnished,1,No,1.1,3,15496.26,103.67
Chennai,Velachery,Independent House,4,4,2669,0,1,12,Semi-Furnished,1,Yes,2.0,3,10042.34,268.03
Pune,Baner,Apartment,2,2,966,18,24,5,Semi-Furnished,1,Yes,11.1,4,12725.67,122.93
Hyderabad,HITEC City,Studio,1,1,500,8,22,1,Unfurnished,0,Yes,2.5,4,11296.0,56.48
Mumbai,Juhu,Apartment,2,2,1257,3,10,6,Furnished,1,Yes,0.3,6,61108.19,768.13
Delhi NCR,Gurgaon Golf Course Rd,Apartment,2,2,1103,13,22,15,Semi-Furnished,0,Yes,1.6,6,26176.79,288.73
Mumbai,Thane West,Apartment,2,2,1002,5,23,1,Unfurnished,1,Yes,1.6,6,12103.79,121.28
Bangalore,Hebbal,Penthouse,6,6,5262,33,33,3,Unfurnished,2,Yes,1.4,9,23329.91,1227.62
Hyderabad,Madhapur,Villa,3,3,1942,0,1,3,Furnished,1,No,1.7,5,16728.63,324.87
Ahmedabad,Bodakdev,Apartment,1,1,831,2,5,1,Furnished,1,Yes,2.0,6,9772.56,81.21
Mumbai,Juhu,Independent House,3,3,2038,0,2,1,Semi-Furnished,1,No,0.6,5,59259.57,1207.71
Bangalore,Whitefield,Apartment,1,1,450,4,5,2,Furnished,0,Yes,2.8,5,11017.78,49.58
Hyderabad,HITEC City,Apartment,2,2,1406,24,31,7,Unfurnished,1,No,1.7,6,12373.4,173.97
Mumbai,Juhu,Apartment,2,2,944,8,23,2,Semi-Furnished,1,Yes,4.5,5,57843.22,546.04
Delhi NCR,Noida Sector 62,Apartment,2,2,1071,6,7,20,Semi-Furnished,1,Yes,4.6,10,7530.35,80.65
Hyderabad,Gachibowli,Apartment,3,2,1283,6,31,0,Furnished,2,Yes,1.5,5,14513.64,186.21
Pune,Wakad,Penthouse,4,4,3509,22,22,18,Semi-Furnished,2,Yes,1.0,8,11543.74,405.07
Mumbai,Bandra West,Apartment,2,2,1231,25,28,4,Semi-Furnished,1,Yes,3.3,5,49684.81,611.62
Bangalore,HSR Layout,Studio,1,1,487,1,23,14,Unfurnished,0,Yes,15.0,5,10572.9,51.49
Hyderabad,HITEC City,Apartment,2,2,1300,4,18,14,Furnished,1,Yes,0.3,2,11134.62,144.75
Delhi NCR,South Extension,Independent House,4,3,3137,0,2,10,Furnished,1,No,1.3,8,34926.68,1095.65
Mumbai,Bandra West,Apartment,2,2,1292,1,4,7,Semi-Furnished,1,Yes,1.9,8,43910.22,567.32
Hyderabad,Gachibowli,Apartment,3,2,1645,1,20,0,Furnished,1,Yes,8.0,9,13824.92,227.42
Mumbai,Andheri East,Apartment,3,3,1431,13,26,4,Semi-Furnished,1,Yes,1.2,6,24489.17,350.44
Hyderabad,Madhapur,Apartment,1,1,905,2,7,0,Unfurnished,1,Yes,1.2,8,12960.22,117.29
Mumbai,Thane West,Independent House,4,4,2574,0,2,3,Semi-Furnished,2,Yes,0.7,5,14613.05,376.14
Ahmedabad,SG Highway,Apartment,2,1,938,5,20,0,Unfurnished,0,Yes,11.6,6,8194.03,76.86
Bangalore,Electronic City,Villa,4,4,2818,0,1,2,Furnished,1,Yes,0.6,6,11553.58,325.58
Bangalore,Electronic City,Apartment,2,2,809,2,13,1,Furnished,1,Yes,1.8,10,8595.8,69.54
Mumbai,Thane West,Apartment,3,2,1450,2,24,8,Furnished,0,Yes,1.8,5,12364.14,179.28
Bangalore,Koramangala,Apartment,2,1,873,1,26,19,Semi-Furnished,1,Yes,0.7,4,15542.96,135.69
Chennai,Adyar,Penthouse,3,4,2992,32,32,5,Unfurnished,3,Yes,2.3,8,33080.88,989.78
Ahmedabad,Bodakdev,Independent House,4,3,2697,0,3,4,Furnished,2,Yes,3.0,7,14163.52,381.99
Bangalore,Hebbal,Apartment,2,2,1225,5,6,0,Semi-Furnished,1,Yes,3.4,8,12888.16,157.88
Delhi NCR,Noida Expressway,Apartment,1,1,510,2,15,9,Semi-Furnished,0,Yes,2.2,3,8429.41,42.99
Hyderabad,Jubilee Hills,Apartment,3,3,1718,13,19,0,Unfurnished,0,No,0.4,8,22290.45,382.95
Chennai,Anna Nagar,Studio,1,1,577,2,19,2,Furnished,0,Yes,10.7,9,14831.89,85.58
Delhi NCR,South Extension,Independent House,4,3,3294,0,2,1,Furnished,2,Yes,0.7,9,38291.74,1261.33
Bangalore,Electronic City,Apartment,4,3,1816,21,29,1,Furnished,1,No,0.5,5,7232.38,131.34
Bangalore,Hebbal,Apartment,2,1,889,22,31,3,Semi-Furnished,1,Yes,0.5,6,13768.28,122.4
Pune,Hinjewadi,Apartment,2,2,1128,30,30,1,Furnished,2,Yes,8.9,7,7954.79,89.73
Mumbai,Bandra West,Studio,1,1,383,1,18,2,Unfurnished,0,Yes,2.4,5,37597.91,144.0
Pune,Kalyani Nagar,Apartment,4,4,2023,6,9,2,Semi-Furnished,1,Yes,2.1,6,16043.99,324.57
Bangalore,Indiranagar,Independent House,4,4,2909,0,3,1,Semi-Furnished,3,Yes,1.7,3,23233.76,675.87
Hyderabad,Gachibowli,Apartment,4,3,2186,1,19,2,Semi-Furnished,2,Yes,3.6,5,10392.5,227.18
Mumbai,Bandra West,Independent House,4,4,2784,0,1,1,Furnished,2,Yes,11.0,8,59312.86,1651.27
Delhi NCR,Noida Sector 62,Villa,3,3,2258,0,2,6,Semi-Furnished,2,No,3.5,8,10245.79,231.35
Delhi NCR,South Extension,Independent House,4,4,2304,0,2,1,Unfurnished,2,Yes,1.2,8,38810.76,894.2
Pune,Wakad,Independent House,5,5,3229,0,3,1,Unfurnished,3,Yes,2.0,3,9968.1,321.87
Mumbai,Juhu,Penthouse,3,3,2767,23,23,2,Unfurnished,2,Yes,1.0,7,71965.31,1991.28
Delhi NCR,Gurgaon Golf Course Rd,Apartment,3,2,1588,17,21,3,Unfurnished,1,Yes,2.2,3,33561.71,532.96
Delhi NCR,Vasant Kunj,Apartment,3,3,1475,17,19,0,Furnished,0,Yes,1.8,6,25094.24,370.14
Delhi NCR,Noida Expressway,Apartment,2,2,1090,4,4,7,Furnished,1,Yes,0.6,6,11199.08,122.07
Pune,Wakad,Studio,1,1,373,4,11,26,Furnished,0,Yes,5.6,6,6557.64,24.46
Pune,Koregaon Park,Apartment,2,2,1303,22,26,14,Furnished,1,Yes,0.8,9,18989.26,247.43
Hyderabad,Jubilee Hills,Independent House,3,3,2187,0,2,7,Furnished,3,No,0.8,5,27752.63,606.95
Bangalore,HSR Layout,Independent House,3,2,2331,0,2,1,Semi-Furnished,2,Yes,1.5,6,17099.96,398.6
Chennai,Adyar,Apartment,3,3,1398,3,15,4,Semi-Furnished,1,Yes,3.2,9,20189.56,282.25
Delhi NCR,Noida Sector 62,Apartment,2,2,973,12,23,0,Unfurnished,2,Yes,7.0,3,8904.42,86.64
Mumbai,Andheri East,Apartment,2,1,1162,4,6,2,Semi-Furnished,1,Yes,5.8,6,24681.58,286.8
Mumbai,Thane West,Apartment,2,2,961,12,25,8,Unfurnished,0,Yes,1.7,6,12724.25,122.28
Bangalore,Electronic City,Apartment,2,1,1041,20,24,5,Furnished,0,Yes,3.1,9,8168.11,85.03
Hyderabad,Madhapur,Apartment,2,2,1209,5,31,1,Furnished,1,Yes,1.3,7,14081.06,170.24
Pune,Kalyani Nagar,Penthouse,6,6,4566,23,23,1,Semi-Furnished,3,Yes,4.4,5,23440.43,1070.29
Hyderabad,HITEC City,Studio,1,1,402,18,19,3,Furnished,0,Yes,0.4,8,12699.0,51.05
Delhi NCR,Gurgaon Cyber City,Apartment,2,2,1168,12,30,2,Furnished,1,No,3.6,7,21568.49,251.92
Delhi NCR,Gurgaon Cyber City,Apartment,2,2,994,20,29,10,Semi-Furnished,1,Yes,1.6,5,16818.91,167.18
Mumbai,Bandra West,Apartment,2,1,1111,17,20,4,Furnished,1,Yes,2.3,9,52435.64,582.56
Bangalore,HSR Layout,Independent House,3,3,2052,0,1,0,Semi-Furnished,2,No,0.4,3,18357.7,376.7
Delhi NCR,Gurgaon Golf Course Rd,Villa,4,4,2277,0,2,1,Semi-Furnished,1,Yes,2.2,7,51080.37,1163.1
Mumbai,Worli,Apartment,3,3,1466,7,7,4,Semi-Furnished,1,Yes,3.5,6,49498.64,725.65
Bangalore,HSR Layout,Apartment,2,2,1117,5,15,4,Semi-Furnished,1,Yes,0.8,6,14803.04,165.35
Delhi NCR,South Extension,Villa,3,3,2253,0,1,10,Semi-Furnished,2,Yes,3.1,7,44388.81,1000.08
Hyderabad,HITEC City,Independent House,3,3,2171,0,3,0,Furnished,2,No,1.2,8,17165.82,372.67
Ahmedabad,Satellite,Apartment,1,1,739,14,23,2,Furnished,1,Yes,5.6,5,11894.45,87.9
Kolkata,Park Street,Independent House,3,2,2308,0,2,1,Semi-Furnished,2,Yes,7.6,8,21016.46,485.06
Pune,Hinjewadi,Apartment,1,1,839,7,7,1,Semi-Furnished,1,Yes,0.9,5,8750.89,73.42
Delhi NCR,Vasant Kunj,Apartment,2,2,838,1,22,2,Semi-Furnished,1,Yes,1.4,9,23730.31,198.86
Pune,Wakad,Villa,4,4,2414,0,1,2,Semi-Furnished,3,Yes,1.0,7,11838.44,285.78
Hyderabad,HITEC City,Villa,3,2,2229,0,1,7,Furnished,3,Yes,5.8,7,18627.64,415.21
Mumbai,Andheri East,Apartment,4,4,2187,8,10,1,Semi-Furnished,0,Yes,1.9,8,26786.47,585.82
Bangalore,HSR Layout,Studio,1,1,404,5,8,5,Semi-Furnished,0,No,3.9,5,11750.0,47.47
Chennai,Velachery,Apartment,2,2,1120,2,13,5,Semi-Furnished,1,Yes,6.5,8,8544.64,95.7
Bangalore,Koramangala,Villa,5,4,3480,0,3,18,Semi-Furnished,1,Yes,5.2,6,21838.79,759.99
Delhi NCR,Noida Sector 62,Apartment,3,3,1870,2,10,3,Semi-Furnished,0,Yes,2.5,5,8460.96,158.22
Delhi NCR,Noida Sector 62,Penthouse,4,4,3181,22,22,4,Semi-Furnished,3,Yes,2.7,5,14233.26,452.76
Mumbai,Juhu,Penthouse,4,5,3792,34,35,4,Semi-Furnished,3,Yes,4.0,4,66775.05,2532.11
Bangalore,Hebbal,Apartment,3,3,1719,17,27,2,Furnished,0,No,4.1,9,14070.39,241.87
Bangalore,Hebbal,Penthouse,4,5,3663,28,28,4,Semi-Furnished,2,Yes,0.9,7,20381.65,746.58
Mumbai,Worli,Villa,3,3,1596,0,2,0,Furnished,2,Yes,1.0,8,72825.19,1162.29
Mumbai,Navi Mumbai (Vashi),Villa,3,3,2077,0,2,0,Furnished,1,Yes,1.4,6,23327.4,484.51
Chennai,Boat Club Road,Apartment,1,1,818,25,25,6,Unfurnished,2,Yes,6.3,8,30168.7,246.78
Bangalore,Whitefield,Villa,5,5,3309,0,2,14,Unfurnished,1,Yes,2.4,5,9764.58,323.11
Delhi NCR,Noida Sector 62,Villa,4,3,2628,0,2,12,Furnished,1,No,1.2,5,12178.08,320.04
Bangalore,HSR Layout,Apartment,2,2,1072,4,5,12,Semi-Furnished,2,Yes,1.9,7,14042.91,150.54
Kolkata,Park Street,Studio,1,1,546,4,10,5,Furnished,0,Yes,2.2,6,15880.95,86.71
Bangalore,Whitefield,Apartment,2,2,1223,1,19,4,Semi-Furnished,0,No,7.9,9,9847.1,120.43
Delhi NCR,Noida Sector 62,Apartment,2,2,1299,15,18,0,Unfurnished,1,Yes,0.7,4,10056.97,130.64
Chennai,Anna Nagar,Apartment,3,3,1608,5,24,2,Unfurnished,1,Yes,1.6,4,15599.5,250.84
Chennai,Velachery,Apartment,1,1,621,8,9,3,Semi-Furnished,1,Yes,4.6,6,10186.8,63.26
Mumbai,Worli,Independent House,4,4,2930,0,2,0,Semi-Furnished,2,Yes,1.2,8,63635.15,1864.51
Hyderabad,Jubilee Hills,Apartment,2,2,1295,6,25,8,Semi-Furnished,1,Yes,3.3,6,22542.08,291.92
Delhi NCR,South Extension,Studio,1,1,436,8,9,5,Furnished,0,No,2.2,10,26979.36,117.63
Delhi NCR,Noida Expressway,Apartment,3,3,1412,21,26,13,Unfurnished,0,No,3.1,5,7405.1,104.56
Mumbai,Thane West,Apartment,2,1,1209,4,4,0,Unfurnished,1,Yes,2.8,6,12231.6,147.88
Mumbai,Juhu,Apartment,3,3,1380,8,12,3,Semi-Furnished,2,Yes,0.4,8,46664.49,643.97
Hyderabad,Gachibowli,Apartment,2,1,849,10,27,4,Semi-Furnished,0,Yes,1.9,5,12469.96,105.87
Delhi NCR,South Extension,Penthouse,6,6,4993,43,44,2,Furnished,2,Yes,1.5,6,46726.22,2333.04
Delhi NCR,Gurgaon Cyber City,Independent House,3,3,2432,0,3,1,Furnished,1,Yes,0.7,5,21544.0,523.95
Hyderabad,Jubilee Hills,Villa,3,3,2257,0,2,4,Unfurnished,2,Yes,3.3,7,33655.74,759.61
Hyderabad,Gachibowli,Apartment,2,2,1015,13,24,13,Semi-Furnished,1,Yes,1.6,8,12212.81,123.96
Mumbai,Worli,Apartment,3,3,1540,3,9,8,Semi-Furnished,2,No,2.4,7,43973.38,677.19
Pune,Hinjewadi,Apartment,2,1,984,1,24,0,Semi-Furnished,1,Yes,1.3,3,8406.5,82.72
Mumbai,Juhu,Apartment,3,3,1350,7,16,3,Unfurnished,0,Yes,2.0,3,45428.89,613.29
Hyderabad,Madhapur,Apartment,2,2,984,7,8,5,Furnished,1,Yes,1.2,6,14302.85,140.74
Pune,Koregaon Park,Independent House,4,4,2741,0,1,0,Unfurnished,2,No,2.7,10,22913.17,628.05
Ahmedabad,Satellite,Apartment,1,1,450,4,17,5,Unfurnished,1,Yes,4.0,8,7460.0,33.57
Mumbai,Navi Mumbai (Vashi),Villa,4,4,2874,0,3,4,Unfurnished,2,Yes,2.3,8,21034.79,604.54
Mumbai,Thane West,Apartment,2,2,1035,15,21,5,Semi-Furnished,1,Yes,4.2,8,14062.8,145.55
Bangalore,HSR Layout,Apartment,2,2,1098,14,16,11,Furnished,1,Yes,1.0,4,14346.99,157.53
Bangalore,Hebbal,Independent House,4,4,2670,0,1,7,Semi-Furnished,2,Yes,2.2,6,15416.1,411.61
Bangalore,Hebbal,Apartment,2,1,827,21,21,10,Semi-Furnished,0,Yes,0.4,7,12324.06,101.92
Kolkata,Ballygunge,Penthouse,4,5,3194,17,18,3,Furnished,2,Yes,1.1,9,31681.59,1011.91
Bangalore,Hebbal,Independent House,4,3,3181,0,2,0,Semi-Furnished,3,Yes,2.3,4,15302.11,486.76
Bangalore,Whitefield,Apartment,2,2,811,10,13,0,Semi-Furnished,1,Yes,1.2,4,8876.7,71.99
Hyderabad,Madhapur,Studio,1,1,538,4,6,0,Unfurnished,0,No,0.4,6,11594.8,62.38
Delhi NCR,Gurgaon Cyber City,Apartment,2,2,1062,4,9,8,Furnished,2,Yes,12.2,9,23801.32,252.77
Hyderabad,Jubilee Hills,Apartment,3,3,1543,4,5,1,Semi-Furnished,0,Yes,3.6,8,26331.82,406.3
Mumbai,Worli,Independent House,4,4,2111,0,2,8,Semi-Furnished,3,Yes,0.4,6,53295.12,1125.06
Delhi NCR,Noida Sector 62,Apartment,3,2,1550,2,6,7,Semi-Furnished,1,Yes,2.2,8,8956.13,138.82
Mumbai,Andheri East,Villa,3,3,2038,0,1,11,Unfurnished,2,Yes,1.7,5,28532.38,581.49
Mumbai,Navi Mumbai (Vashi),Villa,3,3,1482,0,1,11,Semi-Furnished,1,No,1.9,5,17325.91,256.77
Kolkata,Alipore,Studio,1,1,398,12,15,1,Unfurnished,1,No,0.4,4,18402.01,73.24
Mumbai,Juhu,Apartment,2,2,946,28,29,5,Semi-Furnished,1,Yes,1.6,6,58853.07,556.75
Delhi NCR,Vasant Kunj,Apartment,1,1,450,12,27,0,Semi-Furnished,2,Yes,8.9,5,27960.0,125.82
Bangalore,Electronic City,Villa,4,3,2698,0,2,12,Furnished,2,Yes,3.9,5,8619.72,232.56
Bangalore,Hebbal,Apartment,2,2,1045,5,15,9,Furnished,0,Yes,1.1,8,12216.27,127.66
Chennai,Velachery,Apartment,1,1,450,26,28,7,Furnished,2,Yes,6.2,5,9837.78,44.27
Mumbai,Worli,Apartment,2,2,916,5,24,3,Furnished,1,Yes,1.9,6,56175.76,514.57
Pune,Koregaon Park,Apartment,1,1,607,2,19,6,Furnished,1,Yes,1.4,8,18092.26,109.82
Ahmedabad,SG Highway,Apartment,2,2,821,5,7,2,Furnished,2,Yes,10.8,6,7668.7,62.96
Delhi NCR,Noida Sector 62,Villa,5,4,3783,0,2,8,Furnished,2,No,1.4,8,11292.1,427.18
Kolkata,Salt Lake Sector V,Villa,3,3,2806,0,3,9,Unfurnished,3,Yes,0.5,4,8841.77,248.1
Mumbai,Thane West,Apartment,3,2,1442,16,24,15,Furnished,0,Yes,0.5,7,13353.68,192.56
Bangalore,Koramangala,Apartment,2,1,1050,22,31,0,Semi-Furnished,1,Yes,1.0,8,19204.76,201.65
Bangalore,Electronic City,Apartment,2,2,1347,2,19,2,Furnished,1,Yes,2.1,6,7056.42,95.05
Hyderabad,Banjara Hills,Penthouse,5,5,4153,28,28,5,Unfurnished,3,Yes,3.6,2,32778.71,1361.3
Ahmedabad,Prahlad Nagar,Apartment,4,4,2004,4,27,2,Unfurnished,2,No,1.8,9,9384.23,188.06
Bangalore,HSR Layout,Independent House,3,2,1978,0,2,5,Semi-Furnished,3,Yes,2.6,5,17373.61,343.65
Pune,Baner,Apartment,2,1,870,6,15,4,Semi-Furnished,1,Yes,2.8,9,12293.1,106.95
Mumbai,Bandra West,Independent House,4,3,2561,0,2,1,Furnished,3,Yes,2.3,4,56140.57,1437.76
Delhi NCR,South Extension,Apartment,3,3,1665,2,10,2,Unfurnished,1,Yes,0.7,4,29482.88,490.89
Delhi NCR,Gurgaon Golf Course Rd,Villa,3,2,2253,0,2,6,Unfurnished,2,Yes,7.3,5,41181.98,927.83
Ahmedabad,SG Highway,Apartment,3,3,1804,20,28,1,Unfurnished,1,Yes,1.9,9,9480.04,171.02
Pune,Baner,Independent House,3,3,2591,0,3,12,Semi-Furnished,2,Yes,3.0,6,11240.83,291.25
Bangalore,Electronic City,Apartment,3,3,1516,11,28,4,Semi-Furnished,1,Yes,4.5,5,5843.67,88.59
Mumbai,Juhu,Independent House,4,4,2672,0,3,0,Unfurnished,3,No,2.2,6,52612.65,1405.81
Mumbai,Navi Mumbai (Vashi),Penthouse,4,4,3492,38,38,6,Furnished,2,Yes,7.8,6,24074.17,840.67
Bangalore,Indiranagar,Apartment,3,3,1459,10,28,1,Semi-Furnished,2,Yes,0.7,5,23501.03,342.88
Bangalore,HSR Layout,Penthouse,3,3,3299,25,25,3,Furnished,3,Yes,1.7,8,26596.54,877.42
Chennai,OMR IT Corridor,Apartment,1,1,959,13,30,9,Unfurnished,1,Yes,3.4,8,7599.58,72.88
Delhi NCR,Noida Sector 62,Apartment,2,1,1004,4,23,5,Furnished,1,Yes,1.3,7,10813.75,108.57
Delhi NCR,Gurgaon Cyber City,Apartment,3,3,1725,7,7,2,Furnished,1,Yes,1.0,3,19916.52,343.56
Mumbai,Bandra West,Apartment,3,3,1276,23,30,2,Semi-Furnished,0,Yes,3.5,6,51303.29,654.63
Chennai,OMR IT Corridor,Independent House,3,3,2057,0,3,3,Semi-Furnished,3,No,0.3,9,9543.02,196.3
Hyderabad,Gachibowli,Villa,4,4,2325,0,3,7,Semi-Furnished,1,No,4.1,10,17102.37,397.63
Mumbai,Andheri East,Apartment,2,1,999,15,23,4,Furnished,0,Yes,2.8,8,25360.36,253.35
Pune,Hinjewadi,Apartment,3,3,1671,13,22,10,Furnished,1,Yes,2.0,5,8225.61,137.45
Delhi NCR,Vasant Kunj,Villa,3,3,1723,0,2,5,Semi-Furnished,1,Yes,2.2,7,29724.32,512.15
Mumbai,Worli,Penthouse,4,5,3496,29,29,0,Unfurnished,3,Yes,5.0,7,82606.12,2887.91
Delhi NCR,Gurgaon Golf Course Rd,Apartment,2,2,1153,3,20,0,Unfurnished,1,Yes,5.2,6,33235.04,383.2
Delhi NCR,Noida Expressway,Studio,1,1,557,2,12,0,Semi-Furnished,0,No,1.4,7,8818.67,49.12
Mumbai,Thane West,Apartment,1,1,724,25,25,0,Unfurnished,1,Yes,0.9,7,16779.01,121.48
Kolkata,Alipore,Apartment,4,4,1945,2,26,10,Semi-Furnished,2,Yes,1.2,7,23260.67,452.42
Chennai,Boat Club Road,Villa,5,5,2685,0,3,0,Semi-Furnished,3,Yes,4.1,9,45714.71,1227.44
Pune,Baner,Apartment,1,1,750,14,21,2,Semi-Furnished,0,Yes,2.0,6,11969.33,89.77
Delhi NCR,Noida Expressway,Apartment,2,2,1152,17,31,2,Semi-Furnished,2,Yes,2.0,6,11373.26,131.02
Bangalore,Whitefield,Apartment,3,3,1712,9,20,11,Semi-Furnished,1,Yes,4.1,8,8079.44,138.32
Pune,Hinjewadi,Villa,5,4,3740,0,1,9,Semi-Furnished,2,No,3.2,8,11591.44,433.52
Delhi NCR,South Extension,Villa,5,5,3088,0,3,0,Furnished,2,Yes,1.0,7,48884.07,1509.54
Mumbai,Navi Mumbai (Vashi),Apartment,2,1,1187,4,15,5,Furnished,1,Yes,2.0,3,12867.73,152.74
Delhi NCR,Vasant Kunj,Apartment,4,3,1955,8,17,13,Furnished,1,Yes,0.7,8,22425.06,438.41
Hyderabad,Gachibowli,Apartment,3,3,1418,4,15,6,Semi-Furnished,0,Yes,4.7,10,11909.03,168.87
Delhi NCR,Noida Expressway,Apartment,2,1,735,25,28,1,Furnished,1,Yes,2.4,10,11910.2,87.54
Mumbai,Thane West,Apartment,1,1,654,5,23,2,Furnished,1,Yes,0.5,6,13370.03,87.44
Hyderabad,Gachibowli,Villa,4,4,2339,0,2,5,Semi-Furnished,2,Yes,1.7,5,16705.43,390.74
Mumbai,Navi Mumbai (Vashi),Apartment,3,3,1511,13,16,9,Semi-Furnished,1,Yes,0.4,7,13507.61,204.1
Bangalore,Koramangala,Apartment,2,2,1273,7,7,5,Semi-Furnished,0,Yes,0.5,5,20461.12,260.47
Mumbai,Bandra West,Apartment,2,2,1140,8,19,3,Semi-Furnished,2,Yes,1.1,7,39818.42,453.93
Bangalore,Hebbal,Apartment,2,2,1288,3,7,14,Unfurnished,1,Yes,2.3,7,9764.75,125.77
Hyderabad,HITEC City,Studio,1,1,415,3,7,5,Unfurnished,0,Yes,2.1,5,9387.95,38.96
Delhi NCR,Gurgaon Golf Course Rd,Apartment,2,1,1146,4,21,0,Unfurnished,0,Yes,1.0,6,28962.48,331.91
Mumbai,Thane West,Apartment,2,2,1165,3,14,8,Semi-Furnished,1,Yes,0.4,8,14569.1,169.73
Chennai,Adyar,Apartment,2,2,921,2,13,2,Furnished,1,Yes,0.6,7,26095.55,240.34
Chennai,OMR IT Corridor,Apartment,4,4,1836,13,28,20,Unfurnished,1,No,2.1,6,5963.51,109.49
Chennai,Boat Club Road,Apartment,2,1,1012,16,28,0,Furnished,0,No,1.7,6,36055.34,364.88
Bangalore,HSR Layout,Apartment,2,2,1048,9,15,3,Furnished,1,Yes,3.8,6,15737.6,164.93
Delhi NCR,South Extension,Apartment,1,1,587,12,16,16,Semi-Furnished,2,Yes,7.2,6,24316.87,142.74
Ahmedabad,Satellite,Apartment,2,2,973,1,6,13,Furnished,0,Yes,0.7,6,9214.8,89.66
Hyderabad,Jubilee Hills,Apartment,4,4,1506,2,6,0,Unfurnished,2,Yes,8.1,3,22781.54,343.09
Mumbai,Worli,Apartment,1,1,575,3,13,20,Semi-Furnished,1,Yes,0.8,9,41144.35,236.58
Mumbai,Juhu,Studio,1,1,537,14,19,0,Semi-Furnished,0,Yes,2.8,7,53432.03,286.93
Delhi NCR,Gurgaon Golf Course Rd,Apartment,1,1,511,8,16,1,Semi-Furnished,1,Yes,2.0,6,30792.56,157.35
Kolkata,Alipore,Apartment,2,1,1220,9,23,3,Semi-Furnished,1,Yes,13.0,7,20718.03,252.76
Delhi NCR,Vasant Kunj,Apartment,2,2,1103,20,28,9,Furnished,1,Yes,1.4,7,21927.47,241.86
Delhi NCR,South Extension,Apartment,3,3,1729,11,26,2,Semi-Furnished,1,Yes,4.7,5,26318.68,455.05
Mumbai,Andheri East,Villa,4,4,2801,0,3,4,Semi-Furnished,1,Yes,2.1,8,34002.5,952.41
Pune,Baner,Apartment,3,3,1902,8,26,11,Semi-Furnished,1,Yes,3.3,7,9793.38,186.27
Chennai,Adyar,Independent House,3,3,2510,0,1,0,Semi-Furnished,3,Yes,1.5,9,22068.13,553.91
Bangalore,Hebbal,Apartment,2,2,1133,10,15,12,Furnished,2,Yes,0.7,5,11032.66,125.0
Hyderabad,Jubilee Hills,Apartment,2,2,1320,6,11,6,Furnished,1,Yes,1.2,5,26088.64,344.37
Ahmedabad,Bopal,Villa,5,5,3309,0,1,2,Furnished,2,Yes,2.1,5,8315.5,275.16
Mumbai,Thane West,Apartment,2,2,1229,3,16,12,Semi-Furnished,0,Yes,2.2,6,9416.6,115.73
Delhi NCR,Noida Expressway,Apartment,2,2,1050,18,20,5,Unfurnished,2,Yes,2.9,5,10219.05,107.3
Bangalore,Koramangala,Apartment,4,4,2202,1,6,0,Unfurnished,1,Yes,2.1,7,23714.35,522.19
Hyderabad,Banjara Hills,Villa,4,4,2591,0,2,2,Semi-Furnished,2,Yes,0.7,8,29991.9,777.09
Delhi NCR,Gurgaon Cyber City,Apartment,2,1,1486,2,6,3,Semi-Furnished,1,Yes,1.0,8,22671.6,336.9
Pune,Hinjewadi,Villa,4,4,2957,0,2,0,Semi-Furnished,3,Yes,2.3,10,12056.14,356.5
Hyderabad,Gachibowli,Apartment,4,4,1727,9,30,0,Furnished,1,Yes,0.6,10,13278.52,229.32
Bangalore,Indiranagar,Penthouse,4,5,3705,24,24,3,Furnished,2,Yes,2.7,6,37681.51,1396.1
Kolkata,Salt Lake Sector V,Apartment,4,4,2201,2,20,16,Unfurnished,1,Yes,0.5,9,7773.28,171.09
Delhi NCR,Noida Expressway,Independent House,3,3,1794,0,3,5,Semi-Furnished,2,Yes,0.6,7,10569.12,189.61
Mumbai,Worli,Apartment,2,2,1158,3,12,7,Unfurnished,1,No,0.4,7,40993.96,474.71
Pune,Wakad,Penthouse,6,6,4809,19,19,6,Semi-Furnished,2,Yes,3.7,5,13363.69,642.66
Hyderabad,Jubilee Hills,Apartment,1,1,704,13,27,10,Semi-Furnished,1,Yes,2.7,9,31238.64,219.92
Bangalore,Hebbal,Apartment,2,2,1300,19,19,5,Furnished,0,Yes,1.3,2,11635.38,151.26
Chennai,Anna Nagar,Apartment,2,2,1071,21,28,3,Furnished,1,Yes,1.4,5,18621.85,199.44
Kolkata,Salt Lake Sector V,Apartment,2,1,840,1,5,0,Semi-Furnished,1,Yes,1.1,3,9483.33,79.66
Bangalore,Whitefield,Apartment,1,1,576,1,23,13,Furnished,1,Yes,2.9,4,8845.49,50.95
Ahmedabad,Prahlad Nagar,Studio,1,1,402,7,9,0,Furnished,0,Yes,1.2,6,8902.99,35.79
Mumbai,Navi Mumbai (Vashi),Studio,1,1,447,5,7,11,Furnished,1,Yes,4.6,7,12736.02,56.93
Mumbai,Juhu,Apartment,1,1,774,23,25,15,Furnished,2,Yes,2.7,8,52655.04,407.55
Mumbai,Navi Mumbai (Vashi),Penthouse,3,3,2803,40,40,5,Semi-Furnished,3,Yes,2.4,4,24899.04,697.92
Chennai,Velachery,Apartment,1,1,450,2,14,2,Semi-Furnished,0,Yes,3.7,8,9833.33,44.25
Pune,Wakad,Apartment,2,1,1044,4,7,1,Furnished,2,Yes,1.3,6,8928.16,93.21
Mumbai,Navi Mumbai (Vashi),Independent House,3,3,1903,0,2,1,Furnished,2,Yes,4.5,5,17245.4,328.18
Delhi NCR,Noida Expressway,Independent House,4,4,2741,0,2,10,Furnished,1,Yes,0.6,7,12406.79,340.07
Pune,Kalyani Nagar,Studio,1,1,576,11,15,8,Semi-Furnished,0,Yes,0.8,5,12715.28,73.24
Mumbai,Bandra West,Apartment,3,3,1907,16,22,3,Furnished,1,Yes,1.6,9,56508.13,1077.61
Chennai,OMR IT Corridor,Independent House,4,4,2838,0,1,21,Semi-Furnished,3,No,3.2,7,6616.63,187.78
Hyderabad,Jubilee Hills,Apartment,1,1,527,13,15,3,Furnished,0,Yes,0.8,7,34457.31,181.59
Delhi NCR,South Extension,Apartment,4,4,2221,23,27,0,Furnished,1,Yes,0.7,8,36191.36,803.81
Ahmedabad,SG Highway,Apartment,2,1,801,10,28,1,Unfurnished,1,Yes,0.3,5,7642.95,61.22
Bangalore,Indiranagar,Studio,1,1,320,5,9,1,Semi-Furnished,0,Yes,0.4,7,19543.75,62.54
Ahmedabad,Satellite,Villa,3,2,2443,0,1,0,Furnished,3,Yes,1.0,7,13161.28,321.53
Pune,Wakad,Villa,3,2,2239,0,2,8,Unfurnished,1,Yes,0.5,8,10347.03,231.67
Pune,Wakad,Apartment,3,2,1399,3,8,2,Semi-Furnished,2,Yes,2.3,4,8581.84,120.06
Mumbai,Thane West,Apartment,2,1,1049,1,4,8,Unfurnished,2,No,1.7,6,10501.43,110.16
Chennai,Adyar,Apartment,3,2,1820,11,22,1,Semi-Furnished,1,Yes,4.3,5,20217.58,367.96
Delhi NCR,Gurgaon Cyber City,Apartment,3,3,1701,14,22,4,Semi-Furnished,1,Yes,10.4,10,23750.73,404.0
Mumbai,Bandra West,Apartment,2,2,1271,24,26,2,Unfurnished,1,Yes,2.7,8,45435.88,577.49
Mumbai,Thane West,Villa,5,5,3256,0,1,4,Furnished,2,No,3.8,6,17229.42,560.99
Delhi NCR,South Extension,Apartment,1,1,593,6,14,1,Semi-Furnished,1,Yes,4.4,7,35096.12,208.12
Delhi NCR,Gurgaon Cyber City,Apartment,3,2,1542,3,4,2,Semi-Furnished,2,Yes,0.4,9,25708.82,396.43
Pune,Wakad,Apartment,2,2,1004,13,13,5,Furnished,1,No,1.2,8,9342.63,93.8
Chennai,Boat Club Road,Apartment,2,1,1007,15,24,1,Furnished,1,Yes,6.4,7,33530.29,337.65
Mumbai,Bandra West,Apartment,2,2,967,16,26,1,Furnished,1,Yes,0.4,9,66005.17,638.27
Hyderabad,HITEC City,Penthouse,4,5,3488,36,37,0,Semi-Furnished,3,Yes,3.0,10,18392.2,641.52
Mumbai,Thane West,Independent House,4,4,3241,0,2,7,Semi-Furnished,2,No,6.8,4,12680.35,410.97
Chennai,Anna Nagar,Villa,3,3,2074,0,2,3,Semi-Furnished,3,No,2.4,9,23425.27,485.84
Hyderabad,Gachibowli,Apartment,1,1,450,3,28,0,Furnished,1,Yes,1.4,5,12148.89,54.67
Delhi NCR,Vasant Kunj,Apartment,1,1,536,2,9,5,Semi-Furnished,1,Yes,6.7,8,26776.12,143.52
Pune,Baner,Apartment,4,3,2011,4,16,1,Unfurnished,1,Yes,7.3,4,11584.29,232.96
Bangalore,Electronic City,Penthouse,6,7,5332,19,19,4,Semi-Furnished,3,Yes,1.9,7,10891.22,580.72
Delhi NCR,South Extension,Villa,4,4,2825,0,2,1,Semi-Furnished,1,Yes,3.0,6,41512.21,1172.72
Chennai,Boat Club Road,Apartment,3,2,1373,3,6,0,Semi-Furnished,1,Yes,1.7,6,30983.25,425.4
Delhi NCR,Gurgaon Golf Course Rd,Apartment,2,2,1214,7,9,7,Semi-Furnished,1,Yes,4.6,3,24090.61,292.46
Bangalore,Whitefield,Apartment,2,2,1050,8,22,0,Semi-Furnished,0,Yes,1.5,4,9595.24,100.75
Delhi NCR,Gurgaon Cyber City,Independent House,4,3,2781,0,1,20,Unfurnished,2,Yes,0.3,8,21032.36,584.91
Chennai,Velachery,Studio,1,1,485,6,14,3,Semi-Furnished,0,Yes,4.1,7,7890.72,38.27
Bangalore,Whitefield,Apartment,4,4,1935,5,11,0,Unfurnished,1,Yes,2.1,6,10127.65,195.97
Mumbai,Navi Mumbai (Vashi),Apartment,3,2,1305,3,5,3,Furnished,1,Yes,2.3,5,15351.72,200.34
Pune,Hinjewadi,Apartment,3,2,1743,3,7,3,Furnished,1,Yes,1.4,5,9488.81,165.39
Chennai,OMR IT Corridor,Apartment,2,2,1059,15,28,16,Furnished,1,Yes,0.6,9,8203.97,86.88
Mumbai,Andheri East,Apartment,2,2,1103,1,14,3,Semi-Furnished,1,Yes,0.3,9,27924.75,308.01
Bangalore,Hebbal,Apartment,2,2,886,9,29,4,Semi-Furnished,1,Yes,3.0,5,11773.14,104.31
Mumbai,Juhu,Villa,5,5,2782,0,3,1,Furnished,2,Yes,1.0,3,78976.28,2197.12
Bangalore,Indiranagar,Independent House,3,3,2118,0,3,5,Furnished,2,Yes,2.5,9,23288.01,493.24
Delhi NCR,Noida Sector 62,Apartment,4,3,1901,1,18,12,Unfurnished,1,Yes,1.0,5,7866.39,149.54
Hyderabad,Banjara Hills,Villa,5,5,3515,0,2,2,Unfurnished,2,No,1.2,6,31282.79,1099.59
Pune,Wakad,Apartment,3,2,1537,7,9,5,Semi-Furnished,1,Yes,5.2,6,8697.46,133.68
Pune,Baner,Apartment,4,3,2054,5,5,2,Semi-Furnished,1,Yes,1.4,6,12039.92,247.3
Bangalore,HSR Layout,Apartment,2,1,1044,14,29,0,Semi-Furnished,1,No,0.4,8,19444.44,203.0
Chennai,Adyar,Apartment,2,2,983,5,7,6,Semi-Furnished,1,Yes,6.5,8,18441.51,181.28
Delhi NCR,Noida Expressway,Apartment,3,3,1575,1,4,11,Unfurnished,0,Yes,1.2,4,8436.83,132.88
Ahmedabad,Bopal,Apartment,2,2,999,5,9,7,Furnished,2,Yes,0.3,3,6246.25,62.4
Pune,Kalyani Nagar,Apartment,3,2,1560,1,8,1,Semi-Furnished,1,Yes,5.6,4,16800.64,262.09
Mumbai,Thane West,Studio,1,1,419,4,16,10,Semi-Furnished,0,Yes,0.9,3,10393.79,43.55
Pune,Koregaon Park,Apartment,4,4,2184,11,22,7,Semi-Furnished,1,Yes,4.3,8,15233.97,332.71
Bangalore,Hebbal,Apartment,2,1,1501,5,16,3,Semi-Furnished,1,No,2.0,6,11843.44,177.77
Pune,Koregaon Park,Apartment,2,1,1305,7,7,3,Semi-Furnished,2,Yes,2.6,4,14642.15,191.08
Mumbai,Worli,Independent House,4,4,2899,0,3,2,Furnished,2,Yes,2.6,7,68682.65,1991.11
Mumbai,Worli,Apartment,3,3,1448,10,19,4,Semi-Furnished,1,Yes,5.2,6,46346.69,671.1
Chennai,Boat Club Road,Villa,4,4,2105,0,1,11,Furnished,2,Yes,3.9,4,43258.43,910.59
Bangalore,Hebbal,Apartment,1,1,574,11,20,5,Furnished,1,Yes,1.1,7,12679.44,72.78
Chennai,OMR IT Corridor,Apartment,1,1,492,3,14,6,Furnished,2,No,5.5,8,7695.12,37.86
Bangalore,Hebbal,Apartment,2,2,1131,2,31,26,Semi-Furnished,1,Yes,2.5,7,10491.6,118.66
Pune,Koregaon Park,Apartment,4,4,2138,3,5,5,Semi-Furnished,2,Yes,2.0,8,17791.86,380.39
Pune,Hinjewadi,Apartment,2,1,1007,4,11,5,Semi-Furnished,1,Yes,2.4,9,8720.95,87.82
Delhi NCR,Gurgaon Golf Course Rd,Apartment,2,1,1181,3,7,2,Semi-Furnished,1,No,2.1,9,28739.2,339.41
Bangalore,Electronic City,Apartment,1,1,587,10,31,1,Semi-Furnished,0,Yes,7.1,8,8497.44,49.88
Mumbai,Navi Mumbai (Vashi),Apartment,2,2,1336,9,25,0,Semi-Furnished,0,Yes,4.6,8,15875.0,212.09
Mumbai,Bandra West,Apartment,2,2,1235,3,11,0,Semi-Furnished,0,Yes,1.5,5,52951.42,653.95
Bangalore,Indiranagar,Studio,1,1,412,1,4,0,Semi-Furnished,0,Yes,1.4,7,21667.48,89.27
Pune,Kalyani Nagar,Apartment,2,1,801,8,14,2,Semi-Furnished,0,Yes,2.9,7,16230.96,130.01
Kolkata,Ballygunge,Villa,5,5,3338,0,1,11,Semi-Furnished,3,Yes,3.1,8,24140.2,805.8
Chennai,OMR IT Corridor,Villa,3,3,2135,0,2,2,Unfurnished,2,Yes,2.1,6,9844.5,210.18
Hyderabad,Banjara Hills,Apartment,2,2,1049,14,17,0,Unfurnished,1,No,4.0,7,24641.56,258.49
Hyderabad,Gachibowli,Apartment,2,2,1248,10,22,0,Furnished,0,Yes,10.8,7,13086.54,163.32
Pune,Kalyani Nagar,Apartment,2,2,824,7,23,2,Furnished,1,Yes,0.5,3,18507.28,152.5
Bangalore,Whitefield,Independent House,3,3,2393,0,2,3,Semi-Furnished,3,Yes,5.3,5,10799.83,258.44
Kolkata,New Town,Independent House,3,3,1864,0,2,2,Furnished,3,Yes,0.5,9,9998.93,186.38
Pune,Hinjewadi,Villa,4,4,3054,0,2,6,Furnished,2,Yes,0.5,4,11228.23,342.91
Delhi NCR,Gurgaon Golf Course Rd,Penthouse,4,4,3031,43,44,2,Unfurnished,2,Yes,0.6,9,51695.81,1566.9
Mumbai,Thane West,Independent House,3,2,2411,0,2,4,Furnished,3,No,9.0,5,12889.26,310.76
Delhi NCR,Noida Expressway,Apartment,3,3,1374,7,10,2,Unfurnished,0,Yes,0.7,7,10077.87,138.47
Delhi NCR,Gurgaon Golf Course Rd,Apartment,2,2,678,1,14,1,Semi-Furnished,1,Yes,4.0,4,28771.39,195.07
Chennai,Velachery,Villa,3,3,2141,0,3,1,Semi-Furnished,2,Yes,4.3,7,13097.15,280.41
Delhi NCR,South Extension,Apartment,2,2,1157,8,17,2,Furnished,1,No,0.9,7,28301.64,327.45
Bangalore,Whitefield,Apartment,3,3,1534,9,26,3,Furnished,0,Yes,6.3,5,9488.27,145.55
Ahmedabad,Satellite,Independent House,3,3,2134,0,3,0,Semi-Furnished,2,No,2.5,8,10335.05,220.55
Mumbai,Juhu,Apartment,2,2,1211,4,6,0,Furnished,1,Yes,2.6,5,50317.92,609.35
Delhi NCR,Noida Sector 62,Penthouse,5,5,4002,41,41,1,Furnished,2,Yes,6.2,5,15170.16,607.11
Mumbai,Worli,Independent House,4,3,2738,0,3,1,Semi-Furnished,3,Yes,0.8,6,61086.19,1672.54
Hyderabad,Gachibowli,Apartment,2,2,987,3,9,6,Furnished,1,Yes,1.0,6,11669.71,115.18
Kolkata,Park Street,Studio,1,1,549,1,4,4,Furnished,0,Yes,0.6,7,17058.29,93.65
Bangalore,Whitefield,Apartment,3,3,1588,10,18,3,Semi-Furnished,0,Yes,0.4,7,9727.33,154.47
Chennai,Velachery,Apartment,1,1,641,5,13,3,Furnished,2,No,2.9,3,8804.99,56.44
Bangalore,Koramangala,Apartment,4,4,2323,14,18,5,Furnished,1,Yes,2.7,9,21851.92,507.62
Kolkata,Alipore,Apartment,3,2,1889,8,8,0,Semi-Furnished,1,Yes,0.5,7,24438.33,461.64
Hyderabad,Gachibowli,Apartment,3,2,1621,13,15,6,Unfurnished,0,Yes,1.5,6,11798.27,191.25
Hyderabad,HITEC City,Apartment,2,2,1113,25,30,3,Semi-Furnished,1,Yes,0.5,4,14823.0,164.98
Mumbai,Navi Mumbai (Vashi),Apartment,1,1,838,7,12,0,Furnished,1,Yes,7.3,8,20355.61,170.58
Ahmedabad,Prahlad Nagar,Apartment,4,3,2029,13,25,2,Semi-Furnished,1,Yes,1.1,6,11380.48,230.91
Hyderabad,HITEC City,Villa,5,5,3452,0,2,4,Unfurnished,2,No,1.7,6,15151.51,523.03
Bangalore,Indiranagar,Villa,3,3,2396,0,2,4,Semi-Furnished,3,No,0.6,7,27160.27,650.76
Chennai,Adyar,Apartment,1,1,481,6,23,4,Semi-Furnished,1,Yes,11.0,8,15864.86,76.31
Bangalore,Indiranagar,Apartment,1,1,881,1,25,1,Furnished,1,Yes,2.7,5,21835.41,192.37
Chennai,Adyar,Apartment,3,3,1262,9,14,2,Semi-Furnished,2,Yes,0.9,7,19116.48,241.25
Mumbai,Juhu,Apartment,3,3,1593,15,24,0,Furnished,1,Yes,2.3,3,45767.73,729.08
Pune,Baner,Villa,5,5,3481,0,2,2,Semi-Furnished,2,No,9.1,4,15440.97,537.5
Delhi NCR,South Extension,Independent House,4,4,2487,0,3,4,Semi-Furnished,3,Yes,4.4,6,31246.08,777.09
Mumbai,Worli,Apartment,1,1,645,1,13,0,Unfurnished,1,Yes,0.3,9,51021.71,329.09
Bangalore,Indiranagar,Apartment,3,3,1986,14,20,5,Furnished,1,Yes,6.2,3,19215.51,381.62
Mumbai,Navi Mumbai (Vashi),Apartment,2,2,1093,9,11,1,Furnished,2,Yes,1.5,5,15835.32,173.08
Delhi NCR,South Extension,Independent House,4,4,3201,0,3,8,Semi-Furnished,3,No,4.5,7,24115.9,771.95
Bangalore,Indiranagar,Apartment,4,3,2365,18,24,7,Semi-Furnished,2,No,3.3,6,19087.1,451.41
Delhi NCR,Vasant Kunj,Studio,1,1,349,9,19,0,Semi-Furnished,0,Yes,6.1,4,21234.96,74.11
Bangalore,Indiranagar,Villa,4,4,2724,0,2,2,Furnished,3,No,0.4,8,32125.55,875.1
Bangalore,HSR Layout,Apartment,2,2,1462,1,5,1,Furnished,0,No,3.6,8,17139.53,250.58
Hyderabad,HITEC City,Apartment,3,3,1549,11,23,1,Semi-Furnished,1,Yes,0.7,4,12824.4,198.65
Mumbai,Worli,Penthouse,5,5,4602,25,25,3,Semi-Furnished,2,Yes,4.8,3,81697.09,3759.7
Kolkata,Park Street,Apartment,1,1,637,11,11,4,Unfurnished,0,Yes,1.2,6,17992.15,114.61
Chennai,OMR IT Corridor,Apartment,1,1,519,1,5,1,Semi-Furnished,1,Yes,2.9,7,7928.71,41.15
Pune,Wakad,Apartment,2,2,1363,21,28,0,Semi-Furnished,0,Yes,5.0,5,8328.69,113.52
Delhi NCR,Gurgaon Cyber City,Villa,3,3,1989,0,2,2,Semi-Furnished,1,Yes,1.9,7,25103.07,499.3
Chennai,Anna Nagar,Independent House,4,3,2410,0,2,0,Semi-Furnished,1,Yes,1.7,4,17591.7,423.96
Mumbai,Bandra West,Independent House,4,4,2471,0,2,8,Semi-Furnished,2,Yes,0.8,7,53926.75,1332.53
Mumbai,Andheri East,Penthouse,6,7,5065,37,37,8,Unfurnished,2,Yes,4.0,6,32387.76,1640.44
Bangalore,Koramangala,Penthouse,3,3,2552,18,18,3,Furnished,3,Yes,5.5,8,31383.62,800.91
Hyderabad,Madhapur,Penthouse,4,4,3190,23,23,8,Semi-Furnished,3,Yes,0.5,10,20494.98,653.79
Mumbai,Juhu,Apartment,2,2,970,11,21,6,Furnished,0,Yes,7.7,3,49795.88,483.02
Delhi NCR,Gurgaon Cyber City,Apartment,3,2,1780,2,12,19,Semi-Furnished,1,No,1.4,6,15735.96,280.1
Ahmedabad,SG Highway,Villa,3,3,2227,0,2,0,Furnished,1,Yes,6.0,7,12687.92,282.56
Chennai,Anna Nagar,Villa,4,3,3341,0,3,1,Furnished,2,Yes,2.4,5,22489.97,751.39
Delhi NCR,Noida Expressway,Independent House,3,2,2341,0,1,3,Unfurnished,1,Yes,2.0,7,10552.33,247.03
Mumbai,Navi Mumbai (Vashi),Apartment,3,3,2105,1,7,0,Furnished,1,Yes,1.4,9,19800.48,416.8
Chennai,Anna Nagar,Villa,4,3,2351,0,3,2,Semi-Furnished,2,Yes,1.0,6,25812.42,606.85
Delhi NCR,South Extension,Independent House,4,4,2579,0,3,7,Unfurnished,1,Yes,3.3,7,31221.02,805.19
Mumbai,Bandra West,Apartment,3,2,1570,11,15,5,Furnished,1,Yes,0.4,4,45893.63,720.53
Mumbai,Bandra West,Apartment,1,1,803,11,16,2,Semi-Furnished,0,Yes,2.3,5,52180.57,419.01
Kolkata,Park Street,Apartment,1,1,575,4,9,7,Furnished,0,Yes,1.5,8,19401.74,111.56
Pune,Koregaon Park,Apartment,3,3,1243,3,8,3,Furnished,0,Yes,0.4,7,20814.16,258.72
Chennai,Velachery,Apartment,3,2,1624,7,30,0,Semi-Furnished,1,Yes,1.8,6,10875.0,176.61
Chennai,Boat Club Road,Apartment,3,2,1494,18,22,0,Unfurnished,1,Yes,0.8,6,31116.47,464.88
Delhi NCR,South Extension,Apartment,3,3,1322,16,18,8,Furnished,0,Yes,0.8,5,24582.45,324.98
Delhi NCR,Vasant Kunj,Independent House,3,3,2336,0,2,1,Semi-Furnished,1,No,6.7,6,28868.58,674.37
Delhi NCR,South Extension,Independent House,3,2,2482,0,1,5,Semi-Furnished,3,Yes,0.9,9,38425.06,953.71
Bangalore,Koramangala,Villa,3,2,2109,0,2,21,Unfurnished,1,Yes,0.7,5,23972.02,505.57
Delhi NCR,Gurgaon Golf Course Rd,Apartment,3,3,1243,3,4,10,Furnished,1,Yes,0.5,7,29898.63,371.64
Hyderabad,Madhapur,Apartment,1,1,623,3,20,5,Semi-Furnished,1,Yes,8.1,8,10322.63,64.31
Pune,Hinjewadi,Villa,4,4,2693,0,3,0,Semi-Furnished,1,Yes,2.8,4,12454.14,335.39
Chennai,Boat Club Road,Apartment,3,3,1881,4,31,6,Semi-Furnished,1,Yes,3.4,5,28304.63,532.41
Delhi NCR,Gurgaon Golf Course Rd,Studio,1,1,506,7,10,4,Unfurnished,0,Yes,11.7,8,24509.88,124.02
Pune,Wakad,Villa,3,2,1651,0,2,0,Unfurnished,3,Yes,3.1,3,12672.32,209.22
Pune,Hinjewadi,Apartment,4,3,2014,5,26,2,Furnished,2,Yes,0.3,5,8760.68,176.44
Delhi NCR,Noida Sector 62,Studio,1,1,482,17,24,10,Semi-Furnished,0,Yes,0.7,4,6939.83,33.45
Pune,Wakad,Apartment,2,1,1114,7,21,2,Semi-Furnished,1,Yes,3.1,5,8838.42,98.46
Bangalore,Indiranagar,Apartment,2,2,1180,22,31,3,Furnished,1,Yes,1.3,7,25457.63,300.4
Delhi NCR,Noida Expressway,Independent House,3,3,2094,0,2,3,Semi-Furnished,2,No,4.6,9,10240.69,214.44
Mumbai,Navi Mumbai (Vashi),Apartment,3,3,1454,10,30,7,Semi-Furnished,1,Yes,2.4,6,14921.6,216.96
Bangalore,Koramangala,Penthouse,4,4,3494,37,37,20,Semi-Furnished,3,Yes,3.1,4,28468.8,994.7
Delhi NCR,South Extension,Apartment,2,2,1071,13,15,2,Unfurnished,1,No,1.9,8,30635.85,328.11
Pune,Kalyani Nagar,Apartment,2,2,1115,7,13,0,Furnished,0,Yes,2.7,6,14309.42,159.55
Ahmedabad,Prahlad Nagar,Apartment,3,2,1431,3,7,12,Unfurnished,1,Yes,1.5,8,8570.93,122.65
Pune,Hinjewadi,Independent House,5,5,3335,0,2,1,Semi-Furnished,3,No,1.2,6,9289.66,309.81
Hyderabad,Gachibowli,Apartment,1,1,707,16,26,1,Semi-Furnished,1,Yes,5.0,3,12198.02,86.24
Delhi NCR,Noida Sector 62,Apartment,3,2,1577,20,23,0,Unfurnished,1,Yes,4.2,8,10465.44,165.04
Pune,Wakad,Villa,4,4,3072,0,1,0,Semi-Furnished,3,Yes,1.1,3,14140.62,434.4
Mumbai,Juhu,Apartment,3,3,1763,28,31,3,Semi-Furnished,2,Yes,1.3,9,67045.94,1182.02
Bangalore,Koramangala,Villa,4,4,2677,0,2,0,Semi-Furnished,1,No,1.2,8,25469.18,681.81
Bangalore,Electronic City,Apartment,2,2,1055,13,31,0,Semi-Furnished,1,Yes,5.6,7,6813.27,71.88
Delhi NCR,Noida Expressway,Villa,3,3,2374,0,2,8,Unfurnished,1,Yes,8.2,6,11583.82,275.0
Mumbai,Juhu,Independent House,3,3,1965,0,2,11,Unfurnished,1,Yes,4.3,8,55995.42,1100.31
Mumbai,Worli,Apartment,3,2,1601,17,26,20,Furnished,1,Yes,2.0,6,52730.17,844.21
Bangalore,HSR Layout,Apartment,2,2,1103,3,7,2,Furnished,1,Yes,1.8,7,17726.2,195.52
Ahmedabad,Bopal,Penthouse,3,3,3204,38,39,14,Semi-Furnished,3,Yes,1.8,5,8098.63,259.48
Bangalore,Indiranagar,Apartment,2,2,1179,19,20,8,Furnished,2,Yes,1.6,7,22671.76,267.3
Delhi NCR,Gurgaon Cyber City,Studio,1,1,341,1,8,11,Semi-Furnished,1,No,1.5,7,15961.88,54.43
Mumbai,Andheri East,Apartment,2,2,832,4,14,4,Furnished,2,Yes,8.0,7,26118.99,217.31
Pune,Kalyani Nagar,Apartment,2,2,1266,21,29,4,Semi-Furnished,2,Yes,1.6,6,16091.63,203.72
Bangalore,Hebbal,Apartment,4,3,1844,15,18,4,Furnished,1,Yes,3.1,4,13551.52,249.89
Mumbai,Thane West,Studio,1,1,482,7,10,8,Furnished,1,Yes,1.6,8,13033.2,62.82
Delhi NCR,South Extension,Apartment,3,3,1424,6,7,0,Semi-Furnished,1,Yes,7.4,10,30537.92,434.86
Mumbai,Bandra West,Penthouse,4,5,3216,38,38,4,Semi-Furnished,3,Yes,2.2,5,68344.53,2197.96
Mumbai,Andheri East,Penthouse,6,6,4559,32,32,9,Unfurnished,2,Yes,0.9,5,30539.81,1392.31
Mumbai,Bandra West,Apartment,2,1,1048,18,19,0,Unfurnished,1,Yes,10.1,7,56527.67,592.41
Mumbai,Worli,Apartment,2,2,1095,1,24,8,Semi-Furnished,1,Yes,3.3,9,47126.94,516.04
Mumbai,Andheri East,Independent House,4,3,2651,0,3,6,Furnished,1,Yes,1.8,8,27050.92,717.12
Bangalore,Whitefield,Apartment,2,2,995,8,24,4,Unfurnished,1,Yes,0.6,7,9517.59,94.7
Hyderabad,Jubilee Hills,Villa,3,3,2038,0,2,1,Unfurnished,2,Yes,3.9,9,39965.65,814.5
Delhi NCR,Noida Expressway,Apartment,1,1,858,18,20,7,Unfurnished,0,Yes,2.5,7,9826.34,84.31
Delhi NCR,Gurgaon Golf Course Rd,Apartment,1,1,762,2,8,20,Furnished,0,Yes,3.9,4,26408.14,201.23
Bangalore,Koramangala,Villa,5,5,3758,0,2,4,Unfurnished,2,Yes,1.2,9,25950.77,975.23
Kolkata,Salt Lake Sector V,Apartment,2,2,756,12,13,3,Furnished,2,Yes,1.4,5,10572.75,79.93
Bangalore,Electronic City,Apartment,2,2,1385,26,30,9,Semi-Furnished,1,Yes,0.3,7,7096.03,98.28
Mumbai,Juhu,Apartment,1,1,735,14,29,2,Unfurnished,1,Yes,8.3,8,49201.36,361.63
Pune,Kalyani Nagar,Apartment,2,2,1198,2,4,3,Furnished,2,Yes,5.4,8,16498.33,197.65
Mumbai,Navi Mumbai (Vashi),Apartment,3,3,1430,8,25,3,Unfurnished,1,Yes,1.2,6,16098.6,230.21
Bangalore,Hebbal,Villa,5,5,3689,0,1,2,Furnished,3,Yes,1.5,5,17132.83,632.03
Delhi NCR,Noida Expressway,Apartment,2,2,1126,4,24,0,Unfurnished,1,Yes,2.8,6,9420.96,106.08
Chennai,Velachery,Apartment,3,2,1644,7,20,0,Furnished,1,Yes,1.7,3,9569.34,157.32
Delhi NCR,Noida Expressway,Independent House,4,4,2691,0,2,4,Unfurnished,1,No,1.9,5,11087.33,298.36
Pune,Wakad,Apartment,3,2,1446,9,18,2,Furnished,0,Yes,4.0,9,10336.79,149.47
Ahmedabad,SG Highway,Apartment,1,1,638,12,24,3,Semi-Furnished,1,Yes,2.3,6,8594.04,54.83
Mumbai,Navi Mumbai (Vashi),Penthouse,6,7,5039,18,18,2,Semi-Furnished,2,Yes,1.0,5,25099.62,1264.77
Bangalore,Indiranagar,Independent House,4,4,2857,0,2,1,Semi-Furnished,2,Yes,11.0,4,21810.99,623.14
Bangalore,Hebbal,Apartment,2,1,1158,20,29,0,Furnished,2,Yes,0.7,7,13980.14,161.89
Delhi NCR,Noida Expressway,Independent House,4,4,2370,0,2,6,Semi-Furnished,3,Yes,1.5,8,14589.87,345.78
Bangalore,Indiranagar,Apartment,3,3,1592,16,20,1,Furnished,2,Yes,5.5,8,24207.91,385.39
Kolkata,New Town,Independent House,5,4,3224,0,3,1,Semi-Furnished,1,Yes,1.5,7,8337.16,268.79
Pune,Wakad,Apartment,2,2,997,13,14,1,Furnished,1,No,1.0,5,9815.45,97.86
Pune,Kalyani Nagar,Apartment,2,2,1249,22,25,2,Unfurnished,0,Yes,2.3,3,14167.33,176.95
Bangalore,Koramangala,Apartment,2,2,1019,15,28,0,Furnished,1,Yes,1.7,7,24579.98,250.47
Chennai,Anna Nagar,Apartment,3,2,1575,4,20,10,Furnished,0,Yes,4.4,7,14671.11,231.07
Ahmedabad,SG Highway,Apartment,2,1,879,23,29,0,Furnished,1,Yes,1.4,7,8972.7,78.87
Chennai,OMR IT Corridor,Studio,1,1,404,2,4,9,Semi-Furnished,0,Yes,7.7,5,6452.97,26.07
Mumbai,Juhu,Apartment,1,1,675,4,8,10,Furnished,1,Yes,1.2,8,50216.3,338.96
Pune,Wakad,Apartment,1,1,450,6,14,10,Semi-Furnished,1,Yes,5.0,8,9131.11,41.09
Mumbai,Juhu,Apartment,1,1,546,11,31,4,Unfurnished,0,Yes,0.4,7,54239.93,296.15
Bangalore,Hebbal,Apartment,3,3,1224,18,20,3,Semi-Furnished,2,Yes,0.9,9,12975.49,158.82
Mumbai,Juhu,Independent House,4,4,2692,0,2,30,Semi-Furnished,3,Yes,3.7,7,49812.41,1340.95
Pune,Kalyani Nagar,Apartment,2,1,983,21,25,7,Furnished,1,Yes,7.6,7,16445.57,161.66
Pune,Wakad,Apartment,1,1,476,19,22,4,Semi-Furnished,1,Yes,1.3,8,8936.97,42.54
Mumbai,Worli,Apartment,3,3,1467,9,19,4,Furnished,1,Yes,2.1,4,50650.31,743.04
Bangalore,HSR Layout,Villa,3,2,2309,0,1,7,Semi-Furnished,2,Yes,9.4,9,21869.64,504.97
Delhi NCR,Gurgaon Cyber City,Apartment,3,3,1724,5,29,1,Furnished,2,Yes,2.7,3,17607.89,303.56
Bangalore,Koramangala,Apartment,3,3,1559,11,31,9,Semi-Furnished,1,Yes,1.4,7,20879.41,325.51
Mumbai,Thane West,Apartment,2,1,1039,22,29,0,Semi-Furnished,1,Yes,0.5,5,14496.63,150.62
Bangalore,Hebbal,Apartment,3,3,1271,4,9,2,Unfurnished,0,Yes,2.5,10,11136.9,141.55
Hyderabad,HITEC City,Apartment,4,4,2194,3,9,5,Furnished,1,Yes,2.1,4,11440.29,251.0
Mumbai,Bandra West,Independent House,4,4,2766,0,2,16,Semi-Furnished,2,Yes,1.7,6,52003.62,1438.42
Mumbai,Thane West,Independent House,3,3,2274,0,2,3,Furnished,2,Yes,1.9,5,17866.31,406.28
Bangalore,Electronic City,Villa,4,4,2614,0,2,7,Semi-Furnished,1,Yes,0.6,7,10349.27,270.53
Kolkata,Park Street,Apartment,2,2,1195,2,12,3,Unfurnished,2,Yes,11.7,5,15354.81,183.49
Pune,Hinjewadi,Apartment,2,1,1121,10,24,1,Semi-Furnished,1,Yes,0.4,7,9964.32,111.7
Pune,Koregaon Park,Apartment,1,1,1024,3,22,1,Semi-Furnished,0,Yes,0.9,8,18149.41,185.85
Bangalore,Koramangala,Studio,1,1,426,12,19,6,Unfurnished,0,Yes,0.5,5,18323.94,78.06
Delhi NCR,South Extension,Apartment,3,3,1555,1,30,2,Semi-Furnished,2,No,1.0,6,30848.87,479.7
Mumbai,Navi Mumbai (Vashi),Independent House,4,4,3369,0,1,4,Semi-Furnished,2,Yes,2.5,6,17897.0,602.95
Pune,Wakad,Apartment,2,1,1387,7,9,2,Semi-Furnished,1,Yes,2.3,2,9199.71,127.6
Kolkata,Ballygunge,Apartment,2,2,1160,3,6,0,Semi-Furnished,0,Yes,4.3,8,16540.52,191.87
Pune,Wakad,Apartment,2,1,1080,17,30,1,Furnished,1,No,2.5,8,9210.19,99.47
Chennai,OMR IT Corridor,Apartment,1,1,776,2,4,4,Unfurnished,1,Yes,0.6,8,8521.91,66.13
Hyderabad,Banjara Hills,Penthouse,4,5,3781,20,20,1,Semi-Furnished,3,Yes,3.2,5,42293.57,1599.12
Mumbai,Juhu,Studio,1,1,418,3,10,2,Furnished,1,Yes,1.3,8,46980.86,196.38
Kolkata,Salt Lake Sector V,Apartment,1,1,748,10,30,13,Semi-Furnished,2,Yes,0.4,6,8155.08,61.0
Mumbai,Thane West,Apartment,2,1,993,21,31,15,Semi-Furnished,1,Yes,0.9,8,11751.26,116.69
Delhi NCR,South Extension,Studio,1,1,440,3,9,4,Furnished,1,Yes,4.4,8,24959.09,109.82
Mumbai,Worli,Independent House,4,4,2692,0,2,4,Semi-Furnished,1,Yes,8.1,5,54156.02,1457.88
Mumbai,Thane West,Apartment,2,1,1195,15,19,6,Unfurnished,2,Yes,0.8,4,13740.59,164.2
Delhi NCR,Noida Expressway,Apartment,2,1,1475,12,29,7,Unfurnished,2,Yes,0.4,6,10097.63,148.94
Bangalore,Indiranagar,Apartment,2,2,1212,13,27,27,Unfurnished,1,Yes,2.0,5,14396.86,174.49
Delhi NCR,Noida Expressway,Apartment,3,3,1537,6,10,4,Unfurnished,1,Yes,8.4,4,8784.65,135.02
Delhi NCR,Vasant Kunj,Apartment,3,3,1618,24,30,2,Furnished,1,Yes,1.2,7,26012.36,420.88
Mumbai,Thane West,Apartment,3,3,1635,6,12,19,Semi-Furnished,1,Yes,0.8,10,13394.5,219.0
Mumbai,Navi Mumbai (Vashi),Apartment,3,3,1440,7,28,5,Unfurnished,1,Yes,4.3,6,17337.5,249.66
Delhi NCR,Noida Sector 62,Apartment,1,1,647,18,18,0,Semi-Furnished,0,Yes,2.3,8,10259.66,66.38
Bangalore,HSR Layout,Apartment,2,2,1006,10,10,4,Semi-Furnished,1,Yes,2.3,8,14337.97,144.24
Hyderabad,Jubilee Hills,Villa,4,4,2829,0,2,2,Semi-Furnished,1,Yes,2.4,6,34068.58,963.8
Pune,Hinjewadi,Independent House,4,3,2646,0,2,27,Semi-Furnished,2,Yes,1.5,4,6820.86,180.48
Chennai,Velachery,Apartment,3,3,1560,13,24,4,Unfurnished,2,No,2.0,5,8423.72,131.41
Pune,Wakad,Penthouse,4,4,3047,32,32,10,Semi-Furnished,2,Yes,2.6,8,13855.92,422.19
Delhi NCR,Noida Sector 62,Penthouse,5,6,4742,41,42,2,Semi-Furnished,3,Yes,0.7,10,13775.41,653.23
Pune,Baner,Apartment,2,2,1246,6,7,8,Unfurnished,1,Yes,2.5,5,10041.73,125.12
Bangalore,Hebbal,Apartment,3,3,1706,13,29,1,Semi-Furnished,1,No,0.9,6,11548.07,197.01
Bangalore,HSR Layout,Villa,3,3,2171,0,2,7,Furnished,3,Yes,1.1,9,23166.28,502.94
Hyderabad,Banjara Hills,Villa,5,5,2931,0,1,4,Semi-Furnished,3,Yes,2.8,6,31017.4,909.12
Delhi NCR,Gurgaon Cyber City,Studio,1,1,463,5,14,3,Unfurnished,1,Yes,0.7,7,18049.68,83.57
Hyderabad,Gachibowli,Penthouse,4,4,3102,37,37,0,Semi-Furnished,3,Yes,4.7,4,19512.89,605.29
Chennai,Boat Club Road,Independent House,4,3,2581,0,2,4,Semi-Furnished,1,Yes,3.4,5,34754.36,897.01
Chennai,Velachery,Apartment,3,3,1772,16,16,7,Semi-Furnished,0,Yes,1.3,8,11895.03,210.78
Kolkata,Alipore,Apartment,1,1,568,12,17,0,Furnished,0,No,4.2,5,22311.62,126.73
Delhi NCR,Gurgaon Golf Course Rd,Apartment,2,2,1059,19,27,6,Unfurnished,1,No,2.1,6,25463.64,269.66
Bangalore,Koramangala,Apartment,2,2,1227,4,11,3,Unfurnished,0,Yes,4.5,8,16949.47,207.97
Delhi NCR,Vasant Kunj,Independent House,4,4,2523,0,3,0,Furnished,1,Yes,3.7,10,30325.01,765.1
Bangalore,HSR Layout,Apartment,4,4,1876,8,14,10,Furnished,1,Yes,2.1,8,16739.34,314.03
Pune,Wakad,Villa,5,4,3685,0,1,4,Unfurnished,1,Yes,1.4,6,13458.62,495.95
Pune,Hinjewadi,Apartment,1,1,580,8,18,1,Unfurnished,2,Yes,2.0,7,8217.24,47.66
Pune,Baner,Apartment,2,2,1123,14,14,6,Unfurnished,0,Yes,1.5,6,10683.88,119.98
Bangalore,Koramangala,Apartment,3,3,1625,11,16,7,Unfurnished,2,Yes,10.7,10,17321.85,281.48
Mumbai,Juhu,Apartment,3,3,1594,1,28,9,Semi-Furnished,1,Yes,1.3,5,41365.12,659.36
Delhi NCR,Gurgaon Cyber City,Villa,4,4,2822,0,3,1,Semi-Furnished,1,Yes,6.2,7,26972.01,761.15
Mumbai,Juhu,Independent House,4,4,2740,0,3,4,Semi-Furnished,1,Yes,7.1,6,58320.8,1597.99
Chennai,Boat Club Road,Studio,1,1,503,3,12,9,Furnished,0,Yes,3.1,7,25405.57,127.79
Bangalore,Whitefield,Apartment,4,4,2285,5,24,0,Semi-Furnished,2,Yes,0.9,9,12784.25,292.12
Mumbai,Andheri East,Apartment,2,2,1163,24,24,5,Semi-Furnished,1,Yes,2.2,6,24054.17,279.75
Mumbai,Bandra West,Apartment,2,2,1035,12,30,3,Semi-Furnished,1,Yes,1.8,4,43455.07,449.76
Pune,Kalyani Nagar,Apartment,4,3,1990,1,4,1,Semi-Furnished,1,Yes,1.2,5,15438.19,307.22
Pune,Kalyani Nagar,Villa,4,3,2548,0,2,6,Semi-Furnished,3,No,2.7,6,17304.16,440.91
Bangalore,Hebbal,Independent House,5,5,3701,0,2,7,Furnished,1,Yes,2.6,10,13552.28,501.57
Mumbai,Navi Mumbai (Vashi),Penthouse,5,5,3853,22,22,0,Furnished,2,Yes,1.9,5,22072.15,850.44
Bangalore,Whitefield,Apartment,3,3,1349,26,27,5,Furnished,0,Yes,2.8,8,10707.19,144.44
Bangalore,HSR Layout,Penthouse,3,3,3702,44,44,4,Furnished,3,Yes,1.0,6,27084.82,1002.68
Pune,Hinjewadi,Apartment,4,4,2056,7,19,3,Unfurnished,1,Yes,4.3,8,8574.42,176.29
Pune,Koregaon Park,Penthouse,4,5,3167,41,41,0,Furnished,3,Yes,0.7,7,28359.96,898.16
Bangalore,Electronic City,Apartment,3,3,1482,11,13,12,Furnished,1,Yes,0.5,5,8188.26,121.35
Mumbai,Juhu,Apartment,2,2,1097,2,7,2,Semi-Furnished,0,Yes,0.9,5,45092.98,494.67
Ahmedabad,SG Highway,Apartment,2,2,1355,19,31,3,Semi-Furnished,0,Yes,5.7,8,8354.24,113.2
Delhi NCR,South Extension,Studio,1,1,380,15,19,13,Furnished,0,Yes,0.6,6,25526.32,97.0
Pune,Kalyani Nagar,Apartment,2,1,1108,4,6,3,Semi-Furnished,1,Yes,11.2,10,18623.65,206.35
Mumbai,Juhu,Apartment,2,1,999,22,31,8,Semi-Furnished,1,Yes,0.7,4,46357.36,463.11
Delhi NCR,Noida Expressway,Villa,4,4,3091,0,2,3,Furnished,3,Yes,2.4,8,17305.73,534.92
Mumbai,Juhu,Apartment,2,2,838,9,13,5,Furnished,2,Yes,0.6,3,57152.74,478.94
Delhi NCR,Gurgaon Golf Course Rd,Apartment,2,2,1180,11,21,0,Unfurnished,2,Yes,0.5,10,36483.05,430.5
Ahmedabad,Prahlad Nagar,Apartment,3,2,1584,5,7,4,Unfurnished,2,Yes,4.0,4,9304.29,147.38
Bangalore,Koramangala,Apartment,3,3,1364,2,6,0,Semi-Furnished,1,Yes,2.8,4,19583.58,267.12
Mumbai,Bandra West,Penthouse,5,6,4548,42,42,0,Furnished,3,Yes,2.1,5,86194.59,3920.13
Mumbai,Thane West,Villa,4,4,2688,0,3,4,Semi-Furnished,2,No,1.3,3,18266.0,490.99
Bangalore,Whitefield,Apartment,2,1,972,1,5,5,Semi-Furnished,1,Yes,0.7,6,10456.79,101.64
Mumbai,Worli,Studio,1,1,455,1,5,2,Furnished,0,Yes,2.4,4,47268.13,215.07
Mumbai,Bandra West,Apartment,1,1,520,15,15,4,Semi-Furnished,1,Yes,0.8,4,50934.62,264.86
Hyderabad,Madhapur,Apartment,2,2,1378,10,29,0,Semi-Furnished,1,Yes,2.7,7,13445.57,185.28
Delhi NCR,South Extension,Apartment,3,3,1630,2,17,3,Semi-Furnished,1,Yes,2.2,8,31168.1,508.04
Bangalore,Whitefield,Apartment,2,2,1265,5,8,1,Semi-Furnished,1,Yes,0.8,6,10137.55,128.24
Kolkata,New Town,Apartment,2,2,1085,1,5,1,Unfurnished,1,Yes,0.3,10,9326.27,101.19
Mumbai,Bandra West,Studio,1,1,441,4,5,5,Semi-Furnished,0,Yes,0.4,7,39176.87,172.77
Ahmedabad,Bodakdev,Villa,3,2,2543,0,3,2,Unfurnished,1,No,0.7,5,12788.83,325.22
Bangalore,HSR Layout,Apartment,2,2,1238,18,25,7,Furnished,2,Yes,2.8,5,14332.79,177.44
Chennai,Anna Nagar,Apartment,3,3,1485,27,28,6,Unfurnished,2,Yes,1.1,6,17682.83,262.59
Pune,Wakad,Independent House,5,4,3794,0,1,23,Furnished,3,Yes,2.6,7,9236.69,350.44
Chennai,Boat Club Road,Studio,1,1,471,1,24,9,Furnished,1,Yes,1.5,8,25609.34,120.62
Ahmedabad,Satellite,Penthouse,3,4,2731,26,27,5,Semi-Furnished,2,Yes,1.3,8,14905.16,407.06
Bangalore,Indiranagar,Apartment,2,2,1392,12,14,2,Semi-Furnished,1,Yes,1.2,4,23440.37,326.29
Ahmedabad,Bopal,Villa,5,5,3400,0,2,11,Unfurnished,1,Yes,2.5,7,7604.71,258.56
Bangalore,Hebbal,Apartment,3,2,1400,9,17,0,Semi-Furnished,1,Yes,1.5,4,11747.14,164.46
Bangalore,HSR Layout,Apartment,2,2,1083,2,14,0,Furnished,1,Yes,4.9,10,16367.5,177.26
Bangalore,Indiranagar,Apartment,3,2,1400,6,11,3,Semi-Furnished,1,Yes,7.6,4,19262.14,269.67
Delhi NCR,Noida Sector 62,Apartment,1,1,636,27,28,1,Semi-Furnished,2,No,0.8,8,8286.16,52.7
Mumbai,Bandra West,Apartment,2,2,1132,6,15,6,Semi-Furnished,0,Yes,1.1,6,46287.1,523.97
Delhi NCR,Gurgaon Cyber City,Apartment,3,2,1623,25,31,10,Semi-Furnished,0,Yes,5.9,6,19815.77,321.61
Delhi NCR,Noida Sector 62,Apartment,3,2,1328,13,16,0,Semi-Furnished,0,No,1.1,6,9210.09,122.31
Hyderabad,Madhapur,Independent House,4,4,2951,0,2,1,Unfurnished,3,Yes,1.1,5,13004.07,383.75
Chennai,OMR IT Corridor,Apartment,2,1,1510,2,8,1,Unfurnished,2,Yes,2.1,6,7381.46,111.46
Delhi NCR,Gurgaon Cyber City,Apartment,2,2,1342,2,27,2,Furnished,1,Yes,2.8,7,23953.8,321.46
Bangalore,Electronic City,Apartment,1,1,655,2,15,0,Semi-Furnished,1,Yes,1.5,5,6905.34,45.23
Bangalore,Hebbal,Studio,1,1,447,10,11,4,Semi-Furnished,1,No,0.7,6,10073.83,45.03
Mumbai,Navi Mumbai (Vashi),Apartment,2,1,973,3,6,12,Semi-Furnished,0,Yes,0.4,6,13632.07,132.64
Mumbai,Thane West,Apartment,1,1,560,16,30,16,Semi-Furnished,1,No,2.3,5,11023.21,61.73
Bangalore,Electronic City,Apartment,4,4,1926,6,19,3,Unfurnished,0,Yes,2.1,6,6305.82,121.45
Bangalore,Hebbal,Villa,3,3,1917,0,2,8,Semi-Furnished,3,Yes,0.4,6,18258.74,350.02
Ahmedabad,Prahlad Nagar,Studio,1,1,487,15,24,12,Unfurnished,1,No,0.4,9,6835.73,33.29
Delhi NCR,Gurgaon Cyber City,Apartment,2,2,1118,1,8,10,Unfurnished,1,Yes,1.7,5,21047.41,235.31
Bangalore,HSR Layout,Apartment,2,2,1085,4,7,2,Unfurnished,1,Yes,4.3,5,12198.16,132.35
Delhi NCR,Noida Sector 62,Penthouse,4,5,3403,41,41,1,Unfurnished,3,Yes,6.2,4,14437.26,491.3
Mumbai,Andheri East,Apartment,3,3,1385,6,18,4,Semi-Furnished,1,No,1.6,5,19514.8,270.28
Delhi NCR,Noida Expressway,Independent House,3,3,2183,0,2,3,Furnished,2,Yes,0.4,8,13895.1,303.33
Pune,Wakad,Apartment,3,3,1477,1,4,0,Semi-Furnished,2,Yes,3.6,4,8429.25,124.5
Delhi NCR,Noida Expressway,Apartment,1,1,551,19,19,15,Furnished,1,Yes,0.4,4,9678.77,53.33
Bangalore,Whitefield,Apartment,1,1,599,13,16,14,Semi-Furnished,1,Yes,1.0,6,8664.44,51.9
Ahmedabad,Prahlad Nagar,Apartment,2,2,922,7,19,4,Semi-Furnished,0,Yes,0.3,6,9607.38,88.58
Chennai,Adyar,Independent House,4,3,3254,0,2,1,Semi-Furnished,2,Yes,0.5,8,23583.28,767.4
Pune,Baner,Studio,1,1,530,1,11,8,Unfurnished,0,Yes,1.7,8,8954.72,47.46
Delhi NCR,Gurgaon Golf Course Rd,Apartment,2,2,1048,19,30,3,Unfurnished,1,Yes,0.7,7,32577.29,341.41
Pune,Baner,Villa,4,4,2757,0,2,5,Furnished,2,Yes,8.0,4,15450.49,425.97
Mumbai,Thane West,Apartment,3,2,1529,7,10,0,Semi-Furnished,1,Yes,1.6,7,13807.06,211.11
Bangalore,HSR Layout,Apartment,2,1,1127,7,19,5,Semi-Furnished,2,Yes,1.5,4,12474.71,140.59
Mumbai,Navi Mumbai (Vashi),Apartment,3,3,1396,8,21,2,Semi-Furnished,0,Yes,0.3,5,15636.1,218.28
Delhi NCR,Noida Expressway,Penthouse,5,6,4410,40,40,1,Semi-Furnished,3,Yes,0.8,7,16014.74,706.25
Delhi NCR,Gurgaon Golf Course Rd,Villa,3,2,2255,0,2,0,Semi-Furnished,2,Yes,0.9,5,40801.77,920.08
Bangalore,Indiranagar,Independent House,4,4,2776,0,1,1,Semi-Furnished,2,Yes,3.8,5,24329.25,675.38
Ahmedabad,Bopal,Villa,4,3,2693,0,1,1,Unfurnished,2,Yes,2.5,7,8421.09,226.78
Kolkata,Park Street,Independent House,3,2,2082,0,1,7,Unfurnished,2,Yes,1.0,1,17945.73,373.63
Hyderabad,Jubilee Hills,Studio,1,1,476,4,17,4,Furnished,0,Yes,4.2,5,23012.61,109.54
Delhi NCR,Gurgaon Golf Course Rd,Independent House,4,3,2318,0,1,3,Semi-Furnished,2,Yes,4.5,6,37407.25,867.1
Chennai,Boat Club Road,Penthouse,5,5,4373,32,32,21,Semi-Furnished,2,Yes,8.3,9,40609.65,1775.86
Mumbai,Juhu,Apartment,3,3,1764,13,15,0,Furnished,2,Yes,7.7,7,61310.66,1081.52
Hyderabad,Banjara Hills,Apartment,2,1,1423,4,4,0,Furnished,1,Yes,10.4,8,27844.69,396.23
Mumbai,Thane West,Apartment,3,3,1510,1,4,7,Semi-Furnished,1,Yes,3.7,6,12470.86,188.31
Hyderabad,Madhapur,Apartment,3,3,1957,2,5,6,Semi-Furnished,1,Yes,2.0,9,13605.01,266.25
Bangalore,HSR Layout,Apartment,2,1,906,25,30,1,Furnished,2,No,0.5,5,15164.46,137.39
Chennai,Adyar,Apartment,2,2,786,9,12,0,Semi-Furnished,1,Yes,1.5,8,23944.02,188.2
Kolkata,Park Street,Independent House,3,2,1899,0,1,10,Semi-Furnished,3,No,3.6,7,16538.18,314.06
Mumbai,Worli,Apartment,3,3,1805,15,19,8,Furnished,1,No,4.4,5,47862.6,863.92
Delhi NCR,Gurgaon Golf Course Rd,Apartment,2,1,949,10,13,0,Furnished,1,Yes,0.9,5,32544.78,308.85
Ahmedabad,Satellite,Apartment,4,4,1965,6,15,10,Unfurnished,1,Yes,1.7,6,8263.1,162.37
Delhi NCR,Vasant Kunj,Studio,1,1,503,8,12,6,Furnished,1,Yes,11.3,6,20455.27,102.89
Chennai,Adyar,Apartment,3,3,1443,20,22,4,Unfurnished,0,Yes,3.5,8,19214.14,277.26
Delhi NCR,Gurgaon Golf Course Rd,Apartment,1,1,800,9,21,17,Semi-Furnished,0,Yes,0.4,6,22417.5,179.34
Bangalore,Koramangala,Independent House,3,2,2487,0,2,1,Semi-Furnished,3,Yes,0.5,5,26829.51,667.25
Bangalore,Koramangala,Independent House,3,3,2039,0,2,1,Furnished,2,Yes,0.4,6,25906.82,528.24
Mumbai,Andheri East,Apartment,3,3,1535,19,24,15,Furnished,1,Yes,3.6,8,21818.24,334.91
Hyderabad,Madhapur,Apartment,4,4,2006,6,30,17,Furnished,1,Yes,1.2,6,11538.38,231.46
Bangalore,Electronic City,Apartment,4,4,2015,7,15,3,Furnished,0,Yes,3.6,7,7803.97,157.25
Delhi NCR,Noida Expressway,Studio,1,1,573,2,18,0,Semi-Furnished,0,Yes,1.5,7,9059.34,51.91
Delhi NCR,Noida Sector 62,Apartment,3,3,1544,1,18,10,Furnished,0,Yes,6.8,6,8842.62,136.53
Delhi NCR,Gurgaon Cyber City,Apartment,3,3,1030,3,13,4,Semi-Furnished,1,Yes,1.7,8,20351.46,209.62
Chennai,Adyar,Apartment,3,3,1375,14,14,5,Semi-Furnished,1,Yes,1.8,4,22994.18,316.17
Ahmedabad,Bodakdev,Apartment,2,2,1528,16,24,5,Furnished,0,Yes,1.0,3,11539.92,176.33
Bangalore,Electronic City,Villa,3,3,2482,0,2,9,Furnished,1,No,1.4,5,8284.05,205.61
Chennai,Boat Club Road,Apartment,2,2,1145,6,23,9,Furnished,2,No,1.0,3,28673.36,328.31
Hyderabad,Gachibowli,Apartment,2,2,1092,5,14,2,Furnished,0,Yes,11.1,7,12559.52,137.15
Delhi NCR,Gurgaon Golf Course Rd,Apartment,1,1,558,5,13,1,Semi-Furnished,1,Yes,0.8,4,27322.58,152.46
Ahmedabad,Prahlad Nagar,Apartment,2,1,1277,13,24,3,Furnished,0,Yes,0.6,4,10046.2,128.29
Mumbai,Navi Mumbai (Vashi),Apartment,2,2,994,13,18,0,Semi-Furnished,1,Yes,0.4,9,15767.61,156.73
Mumbai,Navi Mumbai (Vashi),Villa,4,4,2765,0,2,2,Semi-Furnished,3,No,0.4,9,22105.24,611.21
Chennai,OMR IT Corridor,Villa,4,4,3228,0,2,3,Semi-Furnished,3,No,2.0,10,11399.01,367.96
Delhi NCR,Noida Expressway,Penthouse,5,6,3959,30,30,16,Semi-Furnished,2,Yes,4.4,10,14223.54,563.11
Chennai,Adyar,Villa,5,5,3464,0,2,2,Semi-Furnished,1,Yes,3.7,5,22618.36,783.5
Chennai,Boat Club Road,Independent House,5,5,3272,0,3,3,Furnished,1,Yes,4.2,7,44394.25,1452.58
Mumbai,Andheri East,Apartment,2,2,1001,5,5,1,Furnished,2,Yes,0.6,6,23527.47,235.51
Chennai,Anna Nagar,Villa,3,3,2026,0,1,2,Semi-Furnished,2,No,2.5,8,24688.55,500.19
Delhi NCR,Vasant Kunj,Villa,5,5,3608,0,2,4,Semi-Furnished,1,Yes,1.6,5,32833.15,1184.62
Delhi NCR,Gurgaon Golf Course Rd,Villa,4,4,2710,0,1,0,Semi-Furnished,2,Yes,4.0,8,48301.11,1308.96
Pune,Kalyani Nagar,Apartment,2,1,1001,9,18,0,Semi-Furnished,1,Yes,1.5,10,16249.75,162.66
Kolkata,Salt Lake Sector V,Apartment,3,3,1589,1,5,4,Semi-Furnished,1,Yes,2.5,6,8842.04,140.5
Mumbai,Juhu,Villa,4,4,3046,0,2,2,Semi-Furnished,2,Yes,0.4,8,73184.83,2229.21
Delhi NCR,Gurgaon Cyber City,Independent House,3,3,2268,0,3,0,Semi-Furnished,2,Yes,4.6,6,24583.33,557.55
Pune,Kalyani Nagar,Studio,1,1,458,10,21,3,Semi-Furnished,0,Yes,1.8,6,12757.64,58.43
Hyderabad,Banjara Hills,Apartment,2,2,1046,10,25,2,Semi-Furnished,1,Yes,5.1,8,26490.44,277.09
Pune,Hinjewadi,Apartment,2,2,1154,4,17,2,Semi-Furnished,1,Yes,2.5,6,8519.93,98.32
Mumbai,Andheri East,Apartment,2,2,908,6,9,9,Semi-Furnished,2,Yes,4.1,7,18657.49,169.41
Bangalore,Indiranagar,Villa,3,3,2988,0,2,2,Unfurnished,2,Yes,4.6,6,26649.93,796.3
Bangalore,Koramangala,Apartment,3,3,1559,4,16,2,Semi-Furnished,1,Yes,1.1,7,19999.36,311.79
Hyderabad,Madhapur,Apartment,1,1,541,10,22,0,Semi-Furnished,1,Yes,1.9,5,12530.5,67.79
Bangalore,Indiranagar,Studio,1,1,494,11,12,0,Semi-Furnished,0,No,0.6,5,17643.72,87.16
Mumbai,Bandra West,Apartment,2,2,1064,4,5,9,Semi-Furnished,1,Yes,1.6,5,41335.53,439.81
Ahmedabad,Prahlad Nagar,Villa,5,5,3316,0,1,1,Furnished,3,No,0.9,8,15525.63,514.83
Mumbai,Andheri East,Apartment,4,4,1757,6,15,1,Unfurnished,1,Yes,14.1,9,22112.69,388.52
Ahmedabad,SG Highway,Villa,4,3,2260,0,2,0,Furnished,2,Yes,0.9,5,12849.56,290.4
Pune,Kalyani Nagar,Apartment,3,2,1641,26,28,3,Semi-Furnished,2,Yes,0.8,7,19363.8,317.76
Chennai,OMR IT Corridor,Penthouse,6,7,4878,26,26,8,Semi-Furnished,2,Yes,9.8,9,11801.97,575.7
Bangalore,Koramangala,Penthouse,3,3,2888,18,18,1,Unfurnished,3,Yes,0.9,6,32896.12,950.04
Mumbai,Bandra West,Apartment,1,1,757,11,23,3,Furnished,1,Yes,0.7,5,58253.63,440.98
Hyderabad,Madhapur,Apartment,2,1,1183,3,9,3,Semi-Furnished,0,Yes,2.7,10,13693.15,161.99
Chennai,Anna Nagar,Apartment,2,2,1068,20,22,7,Semi-Furnished,2,No,3.5,3,12056.18,128.76
Hyderabad,Gachibowli,Independent House,4,4,2823,0,1,5,Semi-Furnished,2,Yes,10.4,7,12217.5,344.9
Mumbai,Thane West,Penthouse,4,4,3809,21,21,0,Furnished,3,Yes,0.9,9,28706.48,1093.43
Hyderabad,Jubilee Hills,Apartment,3,2,1428,3,7,6,Semi-Furnished,2,Yes,0.5,7,26588.94,379.69
Hyderabad,Gachibowli,Independent House,4,4,2601,0,1,1,Semi-Furnished,2,No,3.5,5,11615.15,302.11
Pune,Baner,Apartment,2,1,1030,6,31,1,Furnished,1,Yes,1.0,5,11947.57,123.06
Hyderabad,Jubilee Hills,Villa,5,5,2726,0,2,0,Semi-Furnished,2,No,1.3,3,33237.34,906.05
Chennai,Anna Nagar,Studio,1,1,480,1,17,3,Semi-Furnished,0,Yes,2.9,7,14983.33,71.92
Pune,Koregaon Park,Apartment,3,3,1775,18,27,5,Semi-Furnished,1,Yes,1.3,6,19772.96,350.97
Mumbai,Juhu,Apartment,1,1,450,27,27,0,Unfurnished,2,Yes,0.5,5,52286.67,235.29
Delhi NCR,Noida Sector 62,Apartment,3,3,1719,12,23,12,Semi-Furnished,1,Yes,0.8,6,7214.08,124.01
Mumbai,Navi Mumbai (Vashi),Apartment,2,1,1116,5,5,5,Unfurnished,2,Yes,2.0,7,15855.73,176.95
Bangalore,Indiranagar,Apartment,3,2,1539,3,15,5,Unfurnished,1,No,2.3,8,19228.72,295.93
Bangalore,Hebbal,Apartment,3,3,1691,3,24,30,Furnished,1,Yes,1.4,7,10004.73,169.18
Mumbai,Thane West,Apartment,4,3,2067,3,24,3,Furnished,1,Yes,0.9,9,18223.51,376.68
Bangalore,Hebbal,Apartment,2,1,1283,27,28,7,Semi-Furnished,0,Yes,3.4,7,11450.51,146.91
Mumbai,Andheri East,Apartment,3,3,1610,8,15,2,Semi-Furnished,2,Yes,5.2,5,19768.94,318.28
Hyderabad,Banjara Hills,Apartment,3,3,1549,4,6,12,Semi-Furnished,1,Yes,1.8,6,19393.8,300.41
Kolkata,Park Street,Apartment,1,1,450,1,13,14,Semi-Furnished,0,Yes,4.0,6,16788.89,75.55
Mumbai,Bandra West,Villa,4,4,3067,0,2,12,Semi-Furnished,1,Yes,4.3,4,58103.03,1782.02
Ahmedabad,SG Highway,Independent House,3,3,2116,0,3,0,Semi-Furnished,3,Yes,2.5,5,9249.53,195.72
Delhi NCR,Gurgaon Golf Course Rd,Apartment,2,2,906,6,7,4,Furnished,1,Yes,1.0,3,32043.05,290.31
Bangalore,Whitefield,Apartment,2,2,1156,19,26,5,Unfurnished,1,No,8.6,6,8377.16,96.84
Mumbai,Navi Mumbai (Vashi),Villa,3,2,1705,0,2,2,Furnished,2,Yes,1.3,5,20947.8,357.16
Delhi NCR,Vasant Kunj,Studio,1,1,491,5,9,1,Unfurnished,1,No,0.6,5,17881.87,87.8
Hyderabad,Madhapur,Apartment,1,1,953,4,4,11,Furnished,1,Yes,1.2,7,13142.71,125.25
Pune,Baner,Apartment,2,2,1222,3,16,7,Unfurnished,0,Yes,2.8,8,11858.43,144.91
Mumbai,Andheri East,Apartment,3,3,1689,18,19,0,Furnished,1,Yes,4.7,7,27833.63,470.11
Mumbai,Thane West,Apartment,2,2,1194,5,7,4,Furnished,1,Yes,0.6,10,15028.48,179.44
Bangalore,Hebbal,Apartment,1,1,723,1,15,0,Furnished,1,No,0.9,4,12035.96,87.02
Bangalore,Hebbal,Apartment,2,2,1085,4,6,25,Semi-Furnished,1,Yes,3.2,3,8458.99,91.78
Bangalore,Koramangala,Independent House,3,3,2291,0,2,0,Unfurnished,3,No,8.6,6,19531.21,447.46
Bangalore,Koramangala,Apartment,2,2,1291,7,14,1,Semi-Furnished,1,Yes,1.0,8,24243.22,312.98
Hyderabad,Jubilee Hills,Apartment,1,1,756,1,10,3,Unfurnished,1,Yes,4.7,6,25211.64,190.6
Kolkata,Alipore,Apartment,1,1,722,7,14,11,Semi-Furnished,1,Yes,2.6,5,19810.25,143.03
Bangalore,Koramangala,Apartment,2,2,990,3,4,7,Semi-Furnished,1,Yes,12.5,4,17875.76,176.97
Kolkata,Alipore,Apartment,2,2,926,7,16,2,Unfurnished,1,Yes,0.7,6,23595.03,218.49
Bangalore,HSR Layout,Apartment,2,2,1131,4,5,8,Furnished,2,Yes,2.4,7,15073.39,170.48
Delhi NCR,Vasant Kunj,Penthouse,4,4,3413,30,30,3,Semi-Furnished,3,Yes,3.1,8,38401.99,1310.66
Bangalore,HSR Layout,Apartment,3,3,1259,16,29,5,Unfurnished,1,Yes,1.2,7,16598.89,208.98
Pune,Kalyani Nagar,Independent House,4,4,2474,0,3,1,Unfurnished,1,Yes,1.0,6,16534.36,409.06
Ahmedabad,Bopal,Penthouse,4,4,3489,24,25,0,Unfurnished,3,Yes,1.4,6,10098.6,352.34
Pune,Koregaon Park,Apartment,3,3,1837,4,12,5,Unfurnished,1,Yes,1.7,7,17328.8,318.33
Bangalore,Koramangala,Apartment,4,4,1925,2,8,8,Furnished,1,Yes,2.2,9,18893.51,363.7
Pune,Hinjewadi,Apartment,1,1,839,22,24,0,Unfurnished,1,Yes,0.3,3,8667.46,72.72
Mumbai,Andheri East,Penthouse,3,4,2765,19,19,3,Semi-Furnished,3,Yes,1.8,7,35270.89,975.24
Chennai,Boat Club Road,Studio,1,1,484,2,7,4,Unfurnished,0,No,1.1,7,23469.01,113.59
Delhi NCR,Vasant Kunj,Independent House,4,3,2775,0,2,0,Semi-Furnished,2,Yes,0.6,7,28710.63,796.72
Delhi NCR,Gurgaon Golf Course Rd,Apartment,2,2,1022,17,31,24,Semi-Furnished,1,Yes,2.2,6,23233.86,237.45
Delhi NCR,Vasant Kunj,Independent House,4,4,2676,0,1,3,Semi-Furnished,1,Yes,0.4,7,29481.32,788.92
Pune,Wakad,Apartment,3,2,1768,13,24,1,Semi-Furnished,0,Yes,0.4,7,9981.33,176.47
Mumbai,Bandra West,Apartment,3,3,1571,2,16,2,Furnished,2,Yes,0.4,5,49841.5,783.01
Pune,Baner,Apartment,4,4,1975,21,25,7,Unfurnished,1,Yes,3.3,8,13042.53,257.59
Bangalore,Koramangala,Apartment,2,2,1143,7,18,3,Unfurnished,1,Yes,1.4,6,18715.66,213.92
Pune,Baner,Villa,3,3,2121,0,2,4,Furnished,3,Yes,2.8,8,17351.25,368.02
Chennai,Velachery,Apartment,3,3,1675,21,25,3,Semi-Furnished,2,Yes,2.7,9,11727.16,196.43
Hyderabad,Jubilee Hills,Apartment,2,2,989,2,9,6,Semi-Furnished,1,Yes,5.5,5,25070.78,247.95
Delhi NCR,Gurgaon Golf Course Rd,Apartment,1,1,704,4,26,9,Semi-Furnished,2,Yes,0.4,6,30296.88,213.29
Delhi NCR,Gurgaon Golf Course Rd,Villa,4,3,3128,0,2,8,Furnished,1,Yes,1.0,8,49412.08,1545.61
Mumbai,Andheri East,Villa,3,3,2008,0,2,1,Unfurnished,1,Yes,14.3,9,33967.63,682.07
Hyderabad,Banjara Hills,Apartment,3,2,1616,2,27,13,Semi-Furnished,1,Yes,2.0,8,21646.66,349.81
Bangalore,Whitefield,Apartment,3,3,1582,9,17,10,Semi-Furnished,0,Yes,4.2,8,10605.56,167.78
Delhi NCR,Vasant Kunj,Apartment,3,2,1547,18,22,5,Semi-Furnished,0,Yes,0.5,3,21223.66,328.33
Bangalore,Electronic City,Penthouse,4,4,3610,44,44,4,Furnished,3,Yes,0.3,10,11860.11,428.15
Mumbai,Navi Mumbai (Vashi),Apartment,2,2,767,8,13,21,Semi-Furnished,2,No,0.7,9,13285.53,101.9
Pune,Hinjewadi,Apartment,4,4,1804,9,10,2,Furnished,2,Yes,1.9,6,8748.34,157.82
Mumbai,Juhu,Apartment,3,2,1517,10,20,1,Furnished,1,No,1.3,8,58642.72,889.61
Hyderabad,HITEC City,Apartment,2,2,1319,9,15,0,Semi-Furnished,1,Yes,2.0,8,12993.93,171.39
Bangalore,Indiranagar,Villa,5,5,3467,0,3,2,Unfurnished,2,Yes,6.8,6,28322.18,981.93
Mumbai,Andheri East,Apartment,3,2,1178,9,13,10,Semi-Furnished,1,No,1.8,9,21073.85,248.25
Delhi NCR,Noida Sector 62,Apartment,3,2,1407,8,22,3,Furnished,1,Yes,2.6,5,9334.75,131.34
Mumbai,Bandra West,Apartment,3,3,1367,12,21,11,Semi-Furnished,1,Yes,1.6,9,49710.31,679.54
Bangalore,Hebbal,Apartment,2,2,1210,17,29,4,Unfurnished,1,No,6.1,6,12678.51,153.41
Pune,Kalyani Nagar,Penthouse,4,4,3516,18,19,0,Semi-Furnished,2,Yes,1.5,7,25987.49,913.72
Mumbai,Bandra West,Apartment,2,1,1225,1,5,3,Unfurnished,1,Yes,1.1,6,44081.63,540.0
Chennai,Adyar,Penthouse,4,5,3229,19,19,4,Semi-Furnished,2,Yes,0.4,7,28117.06,907.9
Mumbai,Thane West,Villa,3,3,2103,0,3,2,Semi-Furnished,2,No,3.5,8,15485.02,325.65
Bangalore,Koramangala,Apartment,2,2,1270,18,21,14,Furnished,1,Yes,2.3,5,24411.02,310.02
Hyderabad,Banjara Hills,Apartment,4,4,2183,26,30,1,Semi-Furnished,1,Yes,3.6,6,24669.26,538.53
Bangalore,Koramangala,Apartment,1,1,450,8,17,8,Semi-Furnished,1,No,3.2,5,17455.56,78.55
Mumbai,Andheri East,Independent House,4,4,2820,0,1,6,Semi-Furnished,1,Yes,2.7,2,25996.81,733.11
Bangalore,Koramangala,Apartment,1,1,467,13,28,0,Unfurnished,1,No,7.4,9,19449.68,90.83
Bangalore,Hebbal,Apartment,3,3,1747,9,10,3,Unfurnished,1,Yes,1.8,6,11973.1,209.17
Chennai,OMR IT Corridor,Apartment,2,2,1216,2,7,6,Furnished,1,Yes,3.4,5,7134.05,86.75
Bangalore,Indiranagar,Independent House,4,3,2527,0,2,8,Furnished,2,Yes,2.9,6,22826.67,576.83
Hyderabad,HITEC City,Apartment,2,2,1074,16,20,4,Semi-Furnished,0,Yes,1.4,5,13624.77,146.33
Chennai,OMR IT Corridor,Apartment,2,2,1167,15,24,4,Furnished,0,Yes,0.6,10,10602.4,123.73
Delhi NCR,Noida Expressway,Apartment,2,1,1149,6,18,15,Semi-Furnished,1,Yes,3.6,9,9516.1,109.34
Kolkata,Ballygunge,Apartment,4,4,2105,20,28,11,Unfurnished,1,No,3.3,9,15444.66,325.11
Bangalore,Whitefield,Villa,3,2,2245,0,2,0,Unfurnished,2,Yes,1.4,3,13152.34,295.27
Ahmedabad,SG Highway,Apartment,3,3,1510,5,8,4,Semi-Furnished,2,Yes,0.9,8,8492.72,128.24
Mumbai,Bandra West,Villa,3,3,2442,0,2,2,Unfurnished,2,Yes,5.6,9,64581.08,1577.07
Pune,Koregaon Park,Independent House,3,3,2187,0,3,4,Semi-Furnished,2,Yes,0.9,6,21684.5,474.24
Delhi NCR,Vasant Kunj,Apartment,2,2,1153,11,28,5,Furnished,1,Yes,0.8,10,31949.7,368.38
Bangalore,Electronic City,Independent House,5,4,3339,0,2,2,Semi-Furnished,2,No,1.2,6,9118.0,304.45
Pune,Baner,Apartment,2,2,1220,16,19,6,Semi-Furnished,1,Yes,5.8,8,11748.36,143.33
Pune,Kalyani Nagar,Apartment,1,1,558,6,11,12,Semi-Furnished,2,No,2.1,4,12858.42,71.75
Mumbai,Worli,Independent House,3,3,1996,0,2,11,Furnished,1,Yes,7.6,8,54486.47,1087.55
Mumbai,Thane West,Apartment,1,1,664,6,16,1,Semi-Furnished,1,Yes,3.2,4,14992.47,99.55
Pune,Baner,Independent House,4,4,2655,0,1,3,Semi-Furnished,1,Yes,6.0,7,13032.77,346.02
Pune,Kalyani Nagar,Apartment,3,3,1807,4,5,6,Unfurnished,1,Yes,0.3,5,14415.61,260.49
Ahmedabad,Bodakdev,Penthouse,3,4,2861,30,30,2,Semi-Furnished,2,Yes,2.4,7,17218.8,492.63
Hyderabad,Jubilee Hills,Apartment,2,1,1535,8,23,0,Semi-Furnished,1,Yes,6.6,6,24527.69,376.5
Ahmedabad,Prahlad Nagar,Apartment,2,2,944,16,16,9,Semi-Furnished,1,Yes,2.7,10,9995.76,94.36
Pune,Kalyani Nagar,Apartment,4,4,2130,21,24,5,Furnished,1,No,1.1,9,16207.04,345.21
Bangalore,Hebbal,Villa,3,3,1592,0,1,11,Semi-Furnished,3,Yes,7.4,6,14629.4,232.9
Mumbai,Juhu,Villa,4,4,2350,0,2,20,Unfurnished,1,Yes,2.4,4,58690.64,1379.23
Hyderabad,Madhapur,Apartment,2,1,1235,5,8,0,Semi-Furnished,2,Yes,6.3,7,11817.81,145.95
Pune,Koregaon Park,Penthouse,4,5,3944,19,19,11,Unfurnished,2,Yes,1.9,5,20896.81,824.17
Mumbai,Thane West,Apartment,3,3,1291,17,26,0,Furnished,0,Yes,1.8,10,16804.03,216.94
Bangalore,Whitefield,Apartment,3,3,1689,7,18,6,Furnished,1,Yes,1.0,8,10807.58,182.54
Ahmedabad,Bodakdev,Penthouse,4,5,3588,36,36,9,Unfurnished,3,Yes,1.3,5,13645.76,489.61
Delhi NCR,South Extension,Penthouse,6,7,4417,33,33,9,Unfurnished,3,Yes,4.0,5,40081.73,1770.41
Delhi NCR,Gurgaon Cyber City,Independent House,3,3,1983,0,1,20,Unfurnished,1,Yes,0.4,8,17771.56,352.41
Delhi NCR,South Extension,Villa,4,3,2651,0,2,7,Semi-Furnished,1,Yes,3.0,8,37875.52,1004.08
Mumbai,Worli,Apartment,1,1,518,3,9,8,Unfurnished,0,Yes,0.9,6,46139.0,239.0
Bangalore,Hebbal,Penthouse,5,6,4414,34,34,12,Unfurnished,3,Yes,1.3,7,18492.07,816.24
Bangalore,Hebbal,Apartment,3,3,1627,5,15,1,Unfurnished,1,Yes,6.8,5,11333.13,184.39
Mumbai,Navi Mumbai (Vashi),Apartment,1,1,513,7,26,4,Semi-Furnished,0,Yes,2.7,5,15713.45,80.61
Hyderabad,Gachibowli,Apartment,3,2,1438,12,18,4,Semi-Furnished,2,Yes,3.5,6,12074.41,173.63
Bangalore,Hebbal,Apartment,2,1,1403,28,30,12,Unfurnished,1,Yes,7.1,8,11717.75,164.4
Chennai,Boat Club Road,Apartment,3,3,1597,10,27,20,Semi-Furnished,1,Yes,4.2,6,23484.03,375.04
Chennai,Anna Nagar,Apartment,1,1,647,5,6,14,Semi-Furnished,1,Yes,2.0,6,14749.61,95.43
Mumbai,Juhu,Apartment,3,2,1525,1,4,1,Semi-Furnished,1,Yes,5.3,6,58363.93,890.05
Pune,Wakad,Apartment,4,4,1911,6,26,14,Semi-Furnished,0,No,0.8,5,7050.24,134.73
Delhi NCR,Noida Expressway,Apartment,3,2,1552,29,29,4,Semi-Furnished,1,No,0.9,6,9196.52,142.73
Chennai,Velachery,Apartment,2,2,1446,17,17,8,Furnished,1,Yes,1.0,8,10974.41,158.69
Mumbai,Juhu,Apartment,3,3,1446,4,8,4,Unfurnished,2,Yes,7.2,1,49396.96,714.28
Pune,Wakad,Villa,4,4,2100,0,1,4,Semi-Furnished,1,No,0.4,10,13076.67,274.61
Pune,Koregaon Park,Penthouse,3,4,2475,35,35,10,Semi-Furnished,3,Yes,4.0,3,21566.06,533.76
Bangalore,HSR Layout,Villa,5,5,3601,0,2,5,Furnished,1,Yes,2.0,5,20570.4,740.74
Mumbai,Worli,Apartment,1,1,598,2,5,1,Furnished,2,Yes,4.3,10,59692.31,356.96
Pune,Wakad,Villa,4,4,2763,0,2,7,Furnished,2,Yes,6.1,7,12916.03,356.87
Hyderabad,Madhapur,Apartment,2,2,1198,5,20,8,Semi-Furnished,0,Yes,1.5,6,9554.26,114.46
Bangalore,HSR Layout,Apartment,2,1,1171,24,28,5,Furnished,2,Yes,1.2,5,15880.44,185.96
Pune,Baner,Apartment,1,1,658,6,14,9,Unfurnished,1,Yes,2.7,7,9886.02,65.05
Bangalore,Indiranagar,Villa,3,2,2127,0,3,0,Furnished,1,Yes,0.8,7,32503.53,691.35
Pune,Koregaon Park,Apartment,1,1,950,8,29,1,Furnished,1,Yes,0.5,6,18604.21,176.74
Mumbai,Andheri East,Apartment,2,2,1236,2,5,8,Furnished,2,Yes,0.6,10,23142.39,286.04
Chennai,Adyar,Apartment,2,2,994,5,13,0,Furnished,1,Yes,1.0,3,18140.85,180.32
Bangalore,HSR Layout,Villa,4,4,2723,0,1,11,Semi-Furnished,2,Yes,3.7,3,18917.37,515.12
Bangalore,Electronic City,Independent House,3,3,1941,0,2,3,Unfurnished,1,Yes,3.9,7,8843.38,171.65
Mumbai,Bandra West,Apartment,2,2,1100,8,18,2,Semi-Furnished,1,Yes,1.2,9,59575.45,655.33
Mumbai,Worli,Apartment,2,1,980,9,24,4,Furnished,1,Yes,4.3,6,56012.24,548.92
Delhi NCR,Gurgaon Cyber City,Apartment,2,2,965,8,17,0,Furnished,1,Yes,8.0,7,20743.01,200.17
Bangalore,Indiranagar,Independent House,3,3,2061,0,1,0,Semi-Furnished,1,No,3.3,5,19244.54,396.63
Chennai,OMR IT Corridor,Apartment,2,2,948,8,15,2,Unfurnished,1,Yes,4.3,4,7443.04,70.56
Mumbai,Juhu,Penthouse,6,7,4443,34,34,2,Furnished,3,Yes,3.2,5,82002.48,3643.37
Bangalore,Electronic City,Apartment,3,3,1559,10,14,2,Semi-Furnished,1,Yes,4.3,6,7523.41,117.29
Bangalore,Koramangala,Independent House,4,4,2790,0,2,1,Semi-Furnished,2,No,2.4,8,25031.18,698.37
Mumbai,Navi Mumbai (Vashi),Apartment,2,2,1251,6,28,2,Furnished,1,Yes,1.3,4,16661.07,208.43
Mumbai,Navi Mumbai (Vashi),Apartment,1,1,652,5,20,1,Semi-Furnished,1,Yes,3.8,4,16590.49,108.17
Bangalore,Indiranagar,Apartment,2,1,1292,6,28,2,Furnished,1,Yes,1.6,5,22352.94,288.8
Delhi NCR,Noida Sector 62,Apartment,2,1,1236,2,14,3,Semi-Furnished,1,Yes,1.5,8,10152.91,125.49
Bangalore,HSR Layout,Apartment,2,1,814,16,24,7,Furnished,1,Yes,1.1,6,17939.8,146.03
Delhi NCR,Gurgaon Cyber City,Villa,5,5,3160,0,2,1,Semi-Furnished,2,Yes,2.1,2,25409.18,802.93
Delhi NCR,Noida Expressway,Apartment,3,3,1591,5,22,0,Furnished,1,Yes,1.1,5,12342.55,196.37
Mumbai,Juhu,Independent House,3,3,2323,0,2,0,Unfurnished,3,Yes,0.5,6,58166.59,1351.21
Delhi NCR,Gurgaon Cyber City,Villa,4,4,2626,0,2,4,Furnished,1,Yes,2.6,9,27830.16,730.82
Ahmedabad,Bopal,Apartment,2,2,1232,3,25,2,Unfurnished,1,Yes,0.6,4,5363.64,66.08
Delhi NCR,Noida Sector 62,Villa,5,5,3509,0,2,0,Unfurnished,1,Yes,1.8,9,9622.11,337.64
Pune,Wakad,Independent House,4,4,2929,0,2,5,Unfurnished,2,No,1.2,5,8923.52,261.37
Bangalore,Whitefield,Apartment,2,1,1211,19,26,3,Semi-Furnished,1,Yes,1.4,3,11490.5,139.15
Hyderabad,Gachibowli,Villa,4,4,2924,0,1,15,Semi-Furnished,2,Yes,0.3,6,12879.27,376.59
Hyderabad,Madhapur,Apartment,1,1,450,7,21,1,Semi-Furnished,1,Yes,1.9,9,13377.78,60.2
Delhi NCR,Noida Expressway,Apartment,1,1,727,13,13,2,Furnished,2,Yes,0.5,4,10045.39,73.03
Ahmedabad,Bopal,Villa,4,3,3225,0,2,4,Semi-Furnished,1,Yes,5.5,9,8444.96,272.35
Mumbai,Bandra West,Apartment,1,1,1049,3,13,2,Furnished,0,Yes,2.0,10,49494.76,519.2
Mumbai,Navi Mumbai (Vashi),Apartment,2,1,856,19,24,0,Unfurnished,2,Yes,2.7,6,14073.6,120.47
Hyderabad,Gachibowli,Apartment,3,2,1517,6,19,2,Furnished,1,No,1.2,9,12999.34,197.2
Hyderabad,HITEC City,Villa,3,3,2258,0,2,7,Semi-Furnished,1,No,1.1,5,13371.12,301.92
Mumbai,Thane West,Penthouse,5,6,4642,38,38,2,Semi-Furnished,2,Yes,0.5,10,20637.44,957.99
Bangalore,HSR Layout,Apartment,1,1,564,21,24,7,Semi-Furnished,1,Yes,3.3,6,14982.27,84.5
Mumbai,Navi Mumbai (Vashi),Independent House,3,2,2058,0,1,2,Semi-Furnished,2,No,7.0,6,16827.5,346.31
Bangalore,Whitefield,Penthouse,5,5,3993,19,20,1,Furnished,2,Yes,1.2,6,15705.48,627.12
Hyderabad,Banjara Hills,Apartment,3,3,1676,9,10,0,Semi-Furnished,1,Yes,2.2,7,24654.53,413.21
Delhi NCR,Vasant Kunj,Apartment,2,2,916,10,12,3,Furnished,1,Yes,0.4,4,21304.59,195.15
Bangalore,Koramangala,Independent House,3,2,2065,0,2,2,Unfurnished,2,Yes,0.5,8,23450.36,484.25
Bangalore,Whitefield,Villa,4,3,3208,0,2,1,Semi-Furnished,2,Yes,2.2,9,13538.03,434.3
Mumbai,Bandra West,Villa,3,3,2545,0,1,3,Unfurnished,2,Yes,0.8,6,60055.8,1528.42
Bangalore,HSR Layout,Apartment,3,2,1413,1,23,0,Furnished,1,Yes,1.9,7,16890.3,238.66
Pune,Wakad,Apartment,3,3,1639,19,26,0,Furnished,1,Yes,2.4,7,10897.5,178.61
Ahmedabad,SG Highway,Apartment,3,3,1735,2,10,3,Furnished,1,Yes,0.7,8,9575.22,166.13
Chennai,Adyar,Apartment,1,1,889,26,30,7,Furnished,2,Yes,0.9,6,18826.77,167.37
Mumbai,Navi Mumbai (Vashi),Apartment,3,3,1519,14,25,2,Furnished,2,Yes,0.5,9,17710.34,269.02
Chennai,Adyar,Villa,4,3,2942,0,2,3,Semi-Furnished,1,Yes,3.1,8,26100.95,767.89
Hyderabad,Gachibowli,Apartment,3,3,1661,5,20,1,Furnished,1,Yes,1.0,7,12380.49,205.64
Hyderabad,Gachibowli,Villa,4,3,2812,0,2,3,Semi-Furnished,2,Yes,3.2,7,17252.13,485.13
Delhi NCR,South Extension,Apartment,2,2,1213,4,27,0,Unfurnished,1,No,12.6,7,27070.9,328.37
Bangalore,Hebbal,Apartment,3,2,1626,9,23,2,Semi-Furnished,1,Yes,0.4,8,12956.95,210.68
Bangalore,Hebbal,Apartment,1,1,594,4,16,6,Semi-Furnished,2,Yes,1.2,5,11789.56,70.03
Mumbai,Andheri East,Apartment,2,2,900,2,16,6,Semi-Furnished,0,Yes,1.5,5,18407.78,165.67
Bangalore,Hebbal,Apartment,3,2,1570,3,10,0,Semi-Furnished,1,Yes,0.4,8,12336.94,193.69
Bangalore,Hebbal,Studio,1,1,402,7,24,3,Furnished,0,Yes,2.9,5,13557.21,54.5
Delhi NCR,South Extension,Villa,4,3,2858,0,2,1,Semi-Furnished,1,Yes,5.1,8,41781.32,1194.11
Hyderabad,HITEC City,Apartment,4,4,1987,14,18,6,Semi-Furnished,1,Yes,2.2,5,11234.02,223.22
Delhi NCR,South Extension,Apartment,1,1,860,27,28,4,Unfurnished,1,Yes,0.3,10,28403.49,244.27
Mumbai,Thane West,Penthouse,3,3,2858,19,20,6,Semi-Furnished,2,Yes,5.4,9,19266.97,550.65
Ahmedabad,Satellite,Apartment,2,2,870,21,29,5,Semi-Furnished,1,Yes,2.1,5,9385.06,81.65
Kolkata,Park Street,Apartment,2,2,1358,21,21,1,Semi-Furnished,2,Yes,1.7,6,19349.04,262.76
Hyderabad,Gachibowli,Apartment,3,3,1717,9,18,2,Furnished,0,Yes,1.0,1,10378.57,178.2
Ahmedabad,Satellite,Studio,1,1,430,16,23,3,Semi-Furnished,0,Yes,1.1,9,8937.21,38.43
Delhi NCR,Vasant Kunj,Apartment,3,3,1662,12,16,2,Semi-Furnished,0,Yes,1.9,8,26450.66,439.61
Ahmedabad,Bodakdev,Apartment,2,2,857,13,19,14,Furnished,1,Yes,6.1,10,10136.52,86.87
Mumbai,Andheri East,Penthouse,6,6,4892,27,27,0,Furnished,3,Yes,4.6,8,41528.41,2031.57
Bangalore,Hebbal,Apartment,2,2,1106,1,16,0,Furnished,2,Yes,0.3,8,12751.36,141.03
Bangalore,Indiranagar,Apartment,2,2,1149,4,5,5,Semi-Furnished,1,Yes,2.2,5,18998.26,218.29
Mumbai,Andheri East,Apartment,3,2,1835,5,13,0,Furnished,2,Yes,2.7,6,23773.84,436.25
Mumbai,Juhu,Penthouse,4,5,3436,28,28,5,Semi-Furnished,2,Yes,1.3,7,70210.13,2412.42
Pune,Wakad,Apartment,2,2,863,4,6,5,Semi-Furnished,2,Yes,0.5,10,10045.19,86.69
Hyderabad,HITEC City,Studio,1,1,416,13,19,7,Semi-Furnished,1,Yes,3.0,7,12295.67,51.15
Delhi NCR,Gurgaon Golf Course Rd,Independent House,5,5,3233,0,2,7,Unfurnished,2,Yes,1.8,9,32689.14,1056.84
Mumbai,Bandra West,Apartment,3,3,1575,8,8,0,Unfurnished,1,Yes,0.4,7,53357.46,840.38
Hyderabad,Banjara Hills,Studio,1,1,321,12,16,19,Semi-Furnished,0,Yes,2.9,6,17445.48,56.0
Pune,Kalyani Nagar,Apartment,3,3,1634,9,28,5,Furnished,0,Yes,2.5,10,18926.56,309.26
Bangalore,Whitefield,Apartment,2,2,1297,8,11,7,Semi-Furnished,2,Yes,4.0,2,9405.55,121.99
Pune,Wakad,Apartment,2,1,991,4,26,3,Semi-Furnished,1,Yes,7.2,8,9653.88,95.67
Bangalore,Koramangala,Apartment,1,1,777,6,26,0,Semi-Furnished,1,Yes,2.3,5,21315.32,165.62
Bangalore,Koramangala,Apartment,1,1,892,5,23,2,Semi-Furnished,0,Yes,3.7,6,21244.39,189.5
Kolkata,Park Street,Apartment,3,3,1490,8,12,12,Furnished,1,Yes,1.5,3,14034.9,209.12
Bangalore,Electronic City,Apartment,2,1,1083,10,10,16,Semi-Furnished,1,Yes,0.6,6,5242.84,56.78
Delhi NCR,South Extension,Villa,3,3,1917,0,2,3,Furnished,2,Yes,1.0,7,45866.46,879.26
Chennai,Adyar,Apartment,1,1,702,22,25,3,Semi-Furnished,1,Yes,3.0,8,21806.27,153.08
Pune,Koregaon Park,Studio,1,1,454,6,20,2,Semi-Furnished,1,No,0.6,5,15566.08,70.67
Mumbai,Andheri East,Apartment,2,2,1115,20,28,3,Semi-Furnished,1,Yes,5.5,5,25539.01,284.76
Mumbai,Worli,Apartment,3,2,1637,2,5,13,Furnished,1,Yes,4.3,5,41097.13,672.76
Mumbai,Worli,Apartment,2,1,1318,2,11,1,Semi-Furnished,1,No,0.5,3,47717.75,628.92
Pune,Koregaon Park,Apartment,3,3,1807,7,17,1,Semi-Furnished,2,Yes,1.4,8,19948.53,360.47
Delhi NCR,Gurgaon Cyber City,Apartment,1,1,694,11,17,8,Furnished,1,Yes,1.4,6,22406.34,155.5
Mumbai,Juhu,Villa,3,2,2149,0,2,4,Semi-Furnished,2,Yes,3.9,9,64463.01,1385.31
Ahmedabad,Bopal,Penthouse,4,5,3547,44,44,2,Semi-Furnished,3,Yes,1.8,4,7915.7,280.77
Delhi NCR,Noida Sector 62,Studio,1,1,461,3,6,6,Semi-Furnished,0,Yes,0.5,4,7180.04,33.1
Bangalore,HSR Layout,Apartment,2,2,1058,4,24,4,Semi-Furnished,1,Yes,0.4,8,17316.64,183.21
Delhi NCR,Vasant Kunj,Penthouse,6,6,4992,20,20,12,Semi-Furnished,3,Yes,0.4,5,34359.17,1715.21
Pune,Koregaon Park,Apartment,1,1,594,4,9,0,Semi-Furnished,1,Yes,3.2,5,17331.65,102.95
Mumbai,Navi Mumbai (Vashi),Apartment,2,2,887,7,9,0,Semi-Furnished,0,Yes,0.5,6,16985.34,150.66
Bangalore,Indiranagar,Penthouse,3,4,2543,19,19,4,Semi-Furnished,3,Yes,4.9,4,28190.33,716.88
Hyderabad,Madhapur,Independent House,5,5,2990,0,2,10,Semi-Furnished,2,Yes,1.0,6,13481.61,403.1
Delhi NCR,Noida Sector 62,Apartment,3,3,1938,1,15,2,Furnished,1,Yes,0.8,9,10310.63,199.82
Delhi NCR,Noida Sector 62,Apartment,3,2,1520,1,9,1,Furnished,1,Yes,0.6,10,10723.03,162.99
Delhi NCR,Gurgaon Golf Course Rd,Apartment,2,2,1054,7,16,27,Furnished,1,Yes,5.8,8,25704.93,270.93
Mumbai,Juhu,Independent House,4,4,2923,0,3,6,Furnished,3,Yes,3.8,4,49537.8,1447.99
Mumbai,Thane West,Apartment,1,1,523,3,8,5,Semi-Furnished,1,Yes,4.5,7,14154.88,74.03
Delhi NCR,Gurgaon Cyber City,Studio,1,1,499,11,15,1,Semi-Furnished,0,Yes,2.8,8,19214.43,95.88
Mumbai,Navi Mumbai (Vashi),Apartment,3,2,1475,13,30,10,Furnished,0,Yes,2.7,4,15253.56,224.99
Mumbai,Juhu,Apartment,1,1,621,7,10,5,Unfurnished,1,Yes,2.5,7,45181.96,280.58
Chennai,Adyar,Apartment,2,1,1166,8,26,2,Semi-Furnished,1,Yes,3.8,5,15765.87,183.83
Ahmedabad,Bopal,Apartment,2,2,989,2,7,1,Unfurnished,1,Yes,0.5,5,5704.75,56.42
Hyderabad,Madhapur,Apartment,2,2,1008,6,8,13,Semi-Furnished,1,Yes,3.3,8,10916.67,110.04
Chennai,OMR IT Corridor,Independent House,5,4,3549,0,1,1,Semi-Furnished,2,Yes,0.6,7,10734.57,380.97
Bangalore,Whitefield,Penthouse,3,3,3159,41,41,29,Furnished,3,Yes,1.3,5,13181.39,416.4
Ahmedabad,SG Highway,Penthouse,5,6,3918,23,24,1,Furnished,3,Yes,2.1,6,13656.2,535.05
Mumbai,Navi Mumbai (Vashi),Villa,5,4,3570,0,3,1,Furnished,3,No,0.7,5,21343.14,761.95
Ahmedabad,Bodakdev,Villa,4,4,2812,0,3,1,Semi-Furnished,2,No,0.8,8,14861.31,417.9
Ahmedabad,SG Highway,Apartment,2,2,1178,17,20,2,Semi-Furnished,1,Yes,1.0,5,8847.2,104.22
Pune,Baner,Villa,3,2,2546,0,2,4,Semi-Furnished,3,Yes,5.8,7,19239.98,489.85
Ahmedabad,Satellite,Apartment,2,1,1207,3,23,1,Semi-Furnished,1,Yes,2.5,8,8299.92,100.18
Delhi NCR,Noida Expressway,Apartment,3,3,1745,15,25,10,Unfurnished,1,Yes,10.6,7,9186.82,160.31
Bangalore,Whitefield,Apartment,3,2,1559,12,26,5,Furnished,1,Yes,5.3,4,10488.13,163.51
Delhi NCR,Noida Expressway,Apartment,3,3,1451,1,9,6,Furnished,1,Yes,0.3,5,10783.6,156.47
Delhi NCR,South Extension,Apartment,2,2,1193,5,6,2,Semi-Furnished,2,No,8.6,2,22678.12,270.55
Mumbai,Navi Mumbai (Vashi),Studio,1,1,516,18,21,0,Semi-Furnished,0,Yes,1.9,6,16071.71,82.93
Pune,Baner,Apartment,2,1,1188,21,22,0,Semi-Furnished,1,Yes,1.5,6,11838.38,140.64
Ahmedabad,Bodakdev,Apartment,2,1,1239,6,16,0,Semi-Furnished,1,Yes,0.8,10,12175.95,150.86
Mumbai,Juhu,Apartment,1,1,450,1,16,5,Furnished,1,Yes,2.6,7,54884.44,246.98
Hyderabad,Banjara Hills,Apartment,1,1,534,6,12,6,Semi-Furnished,1,Yes,0.9,4,25825.84,137.91
Kolkata,Ballygunge,Apartment,2,2,1066,9,30,6,Unfurnished,1,Yes,0.5,6,16791.74,179.0
Kolkata,Alipore,Apartment,2,2,1286,6,9,5,Furnished,1,Yes,5.4,7,22883.36,294.28
Ahmedabad,Satellite,Apartment,1,1,450,3,27,0,Unfurnished,1,Yes,3.3,5,9377.78,42.2
Delhi NCR,Vasant Kunj,Apartment,3,3,1310,20,25,17,Unfurnished,1,Yes,5.3,5,16620.61,217.73
Ahmedabad,Bodakdev,Villa,4,3,2493,0,3,3,Furnished,1,Yes,1.0,7,14892.5,371.27
Hyderabad,Jubilee Hills,Independent House,4,4,2603,0,3,13,Furnished,3,Yes,3.8,4,30000.0,780.9
Mumbai,Navi Mumbai (Vashi),Apartment,3,3,1625,18,26,4,Semi-Furnished,1,Yes,5.0,7,19260.31,312.98
Delhi NCR,Noida Expressway,Apartment,2,2,1004,9,13,23,Semi-Furnished,1,Yes,1.3,6,7784.86,78.16
Pune,Koregaon Park,Apartment,1,1,450,3,7,4,Semi-Furnished,1,Yes,0.8,9,18804.44,84.62
Bangalore,Koramangala,Villa,4,3,2662,0,1,4,Semi-Furnished,1,Yes,6.7,7,26134.49,695.7
Pune,Baner,Apartment,2,1,1151,4,5,1,Semi-Furnished,1,No,1.4,6,11231.1,129.27
Pune,Kalyani Nagar,Apartment,3,3,1660,23,27,1,Furnished,1,Yes,2.5,6,18140.36,301.13
Mumbai,Juhu,Villa,3,3,2350,0,3,2,Unfurnished,2,Yes,3.5,7,72978.72,1715.0
Delhi NCR,Noida Sector 62,Apartment,2,2,883,1,14,4,Semi-Furnished,0,Yes,0.5,6,9800.68,86.54
Hyderabad,HITEC City,Apartment,2,1,927,1,30,2,Semi-Furnished,1,Yes,6.4,3,13010.79,120.61
Delhi NCR,Gurgaon Cyber City,Apartment,2,1,1107,2,12,7,Unfurnished,1,Yes,2.2,6,16272.81,180.14
Mumbai,Thane West,Penthouse,5,5,4337,43,43,3,Semi-Furnished,2,Yes,7.7,8,19406.04,841.64
Mumbai,Worli,Villa,3,3,2020,0,3,0,Furnished,3,No,4.1,7,69183.66,1397.51
Bangalore,Whitefield,Independent House,5,5,3282,0,1,0,Semi-Furnished,2,Yes,4.3,6,12953.99,425.15
Kolkata,New Town,Apartment,3,2,1788,1,18,8,Semi-Furnished,2,Yes,0.9,6,7320.47,130.89
Bangalore,Indiranagar,Apartment,1,1,503,4,13,1,Furnished,0,Yes,4.5,5,18556.66,93.34
Pune,Hinjewadi,Studio,1,1,448,5,16,0,Unfurnished,0,Yes,1.7,5,7473.21,33.48
Bangalore,Whitefield,Studio,1,1,526,1,13,0,Furnished,1,Yes,1.7,6,9281.37,48.82
Bangalore,Indiranagar,Apartment,4,4,1864,9,9,2,Semi-Furnished,0,No,5.7,9,17878.22,333.25
Chennai,OMR IT Corridor,Villa,5,4,2896,0,2,4,Semi-Furnished,3,Yes,4.0,7,11646.41,337.28
Hyderabad,Jubilee Hills,Apartment,3,3,1668,19,28,11,Furnished,0,Yes,1.9,9,23981.41,400.01
Mumbai,Worli,Apartment,2,2,962,4,15,1,Unfurnished,1,Yes,3.2,7,55449.06,533.42
Delhi NCR,Noida Expressway,Independent House,3,3,2484,0,2,8,Unfurnished,1,Yes,0.9,6,11405.8,283.32
Mumbai,Thane West,Apartment,3,3,1732,3,8,0,Semi-Furnished,1,Yes,2.9,6,14840.07,257.03
Delhi NCR,Gurgaon Cyber City,Penthouse,5,6,4033,34,34,1,Furnished,3,Yes,6.8,5,34342.18,1385.02
Pune,Wakad,Apartment,3,3,1608,13,15,3,Furnished,1,Yes,1.7,7,9169.78,147.45
Mumbai,Worli,Apartment,1,1,588,19,26,3,Semi-Furnished,1,Yes,12.5,4,52775.51,310.32
Bangalore,Electronic City,Penthouse,4,5,3228,30,30,8,Furnished,3,Yes,4.5,7,12920.07,417.06
Bangalore,Whitefield,Penthouse,4,4,3676,21,21,4,Semi-Furnished,2,Yes,0.7,4,13591.13,499.61
Kolkata,Park Street,Apartment,2,2,772,3,5,4,Unfurnished,1,Yes,1.6,6,15669.69,120.97
Ahmedabad,Bodakdev,Apartment,2,2,1118,3,4,4,Semi-Furnished,1,Yes,9.5,5,9358.68,104.63
Mumbai,Navi Mumbai (Vashi),Independent House,5,5,3728,0,2,1,Unfurnished,2,Yes,0.8,6,15994.64,596.28
Hyderabad,Madhapur,Apartment,2,2,812,19,23,1,Semi-Furnished,1,Yes,0.6,9,15238.92,123.74
Bangalore,Whitefield,Studio,1,1,536,9,16,0,Semi-Furnished,0,Yes,1.1,2,8158.58,43.73
Bangalore,Electronic City,Penthouse,4,4,3537,27,27,0,Unfurnished,2,Yes,2.2,6,9986.71,353.23
Hyderabad,Madhapur,Apartment,1,1,766,4,4,0,Semi-Furnished,1,No,1.0,6,11554.83,88.51
Kolkata,Ballygunge,Apartment,3,3,1694,4,23,1,Unfurnished,2,No,3.4,4,14438.61,244.59
Ahmedabad,SG Highway,Apartment,3,2,1542,14,16,7,Furnished,1,No,1.5,7,7684.82,118.5
Delhi NCR,Gurgaon Golf Course Rd,Penthouse,4,4,3336,32,32,10,Furnished,2,Yes,2.7,6,44272.18,1476.92
Bangalore,Whitefield,Apartment,2,2,1158,5,12,0,Unfurnished,2,Yes,0.3,6,8785.84,101.74
Hyderabad,Gachibowli,Apartment,2,2,1395,7,25,1,Semi-Furnished,2,Yes,1.0,7,12271.68,171.19
Bangalore,Whitefield,Apartment,3,3,1575,13,18,5,Unfurnished,2,Yes,1.7,6,9452.7,148.88
Delhi NCR,Vasant Kunj,Apartment,2,1,1242,3,5,4,Unfurnished,2,Yes,4.9,9,19883.25,246.95
Bangalore,HSR Layout,Apartment,2,2,1083,12,24,3,Furnished,1,Yes,1.4,8,14515.24,157.2
Pune,Hinjewadi,Apartment,3,3,1452,2,19,0,Semi-Furnished,1,Yes,0.5,5,7443.53,108.08
Bangalore,Koramangala,Penthouse,4,4,4253,18,18,4,Semi-Furnished,2,Yes,1.2,5,31865.74,1355.25
Mumbai,Worli,Penthouse,5,5,4300,36,36,11,Semi-Furnished,2,Yes,1.4,6,67343.72,2895.78
Kolkata,Park Street,Villa,4,4,2756,0,1,1,Semi-Furnished,1,No,1.4,5,26377.0,726.95
Mumbai,Bandra West,Apartment,2,2,1015,2,6,0,Furnished,1,Yes,8.7,5,46224.63,469.18
Delhi NCR,South Extension,Apartment,2,1,1031,25,31,2,Semi-Furnished,1,Yes,1.8,4,33065.96,340.91
Bangalore,Hebbal,Independent House,4,3,2493,0,3,0,Semi-Furnished,1,Yes,2.0,6,14482.55,361.05
Mumbai,Thane West,Apartment,2,1,1246,2,18,0,Furnished,0,Yes,3.8,6,14041.73,174.96
Mumbai,Bandra West,Penthouse,4,4,3024,19,19,0,Unfurnished,3,Yes,1.6,9,72915.34,2204.96
Mumbai,Navi Mumbai (Vashi),Independent House,4,4,2685,0,1,2,Semi-Furnished,2,No,1.8,3,17281.56,464.01
Chennai,Anna Nagar,Apartment,4,4,1991,6,29,2,Unfurnished,0,Yes,1.8,9,16514.31,328.8
Bangalore,Indiranagar,Penthouse,5,5,4445,31,32,16,Semi-Furnished,3,Yes,6.1,5,28491.79,1266.46
Ahmedabad,Bopal,Studio,1,1,595,8,21,0,Furnished,0,Yes,1.8,4,5383.19,32.03
Delhi NCR,South Extension,Apartment,2,2,1222,3,27,3,Semi-Furnished,1,Yes,0.4,6,28693.94,350.64
Delhi NCR,Noida Expressway,Apartment,2,2,901,4,7,2,Furnished,1,Yes,3.9,5,10477.25,94.4
Delhi NCR,Noida Expressway,Apartment,1,1,550,9,9,6,Unfurnished,1,Yes,1.8,7,8814.55,48.48
Delhi NCR,Noida Expressway,Apartment,3,3,1555,13,21,9,Furnished,1,Yes,2.3,9,11918.33,185.33
Hyderabad,Gachibowli,Apartment,2,2,1088,4,11,13,Semi-Furnished,2,Yes,0.4,7,9256.43,100.71
Bangalore,Electronic City,Apartment,2,1,1024,6,10,0,Semi-Furnished,0,No,0.7,4,7088.87,72.59
Bangalore,Indiranagar,Studio,1,1,480,11,13,4,Semi-Furnished,1,No,0.7,5,17004.17,81.62
Chennai,Adyar,Apartment,1,1,668,4,31,3,Furnished,1,Yes,2.2,5,22064.37,147.39
Kolkata,Salt Lake Sector V,Apartment,3,2,1542,6,9,5,Semi-Furnished,1,Yes,0.8,6,8069.39,124.43
Chennai,Boat Club Road,Independent House,4,3,2910,0,2,1,Semi-Furnished,2,Yes,7.0,10,36508.59,1062.4
Bangalore,Koramangala,Apartment,1,1,695,30,31,11,Furnished,2,Yes,1.4,9,19153.96,133.12
Hyderabad,Madhapur,Villa,5,5,3346,0,2,2,Unfurnished,1,Yes,2.3,5,13801.26,461.79
Delhi NCR,Vasant Kunj,Apartment,2,2,956,28,29,1,Furnished,2,Yes,3.9,6,29880.75,285.66
Delhi NCR,South Extension,Apartment,2,2,1074,16,26,6,Semi-Furnished,1,Yes,3.3,9,29863.13,320.73
Mumbai,Andheri East,Apartment,2,1,1190,3,21,3,Semi-Furnished,1,Yes,2.9,7,19786.55,235.46
Delhi NCR,Gurgaon Cyber City,Villa,4,4,2974,0,2,8,Furnished,2,Yes,6.8,6,26131.81,777.16
Mumbai,Worli,Apartment,1,1,450,8,22,6,Unfurnished,1,Yes,1.5,5,38228.89,172.03
Bangalore,Indiranagar,Villa,5,5,3199,0,2,0,Semi-Furnished,3,Yes,1.4,3,27737.73,887.33
Chennai,Adyar,Apartment,2,2,953,15,25,13,Furnished,2,Yes,0.6,7,18722.98,178.43
Mumbai,Thane West,Apartment,2,1,1173,7,8,7,Semi-Furnished,0,Yes,0.5,4,13144.08,154.18
Mumbai,Andheri East,Apartment,1,1,601,19,30,2,Semi-Furnished,1,Yes,4.7,4,23981.7,144.13
Mumbai,Bandra West,Studio,1,1,395,19,22,1,Semi-Furnished,0,Yes,0.4,9,46281.01,182.81
Kolkata,Ballygunge,Penthouse,6,7,5254,27,27,5,Semi-Furnished,3,Yes,4.2,7,25448.04,1337.04
Delhi NCR,Noida Expressway,Apartment,2,1,1198,7,16,0,Furnished,1,Yes,3.9,6,9863.11,118.16
Bangalore,Koramangala,Apartment,2,2,1025,5,6,0,Furnished,1,Yes,2.9,8,24066.34,246.68
Hyderabad,Gachibowli,Apartment,3,3,1679,1,5,8,Unfurnished,1,Yes,2.5,5,11069.09,185.85
Chennai,Anna Nagar,Apartment,1,1,450,14,31,9,Furnished,1,Yes,2.4,7,18188.89,81.85
Bangalore,Hebbal,Apartment,3,2,1439,7,7,8,Unfurnished,1,Yes,1.3,8,11454.48,164.83
Pune,Koregaon Park,Penthouse,4,4,3404,37,37,1,Furnished,2,Yes,2.4,7,29742.95,1012.45
Hyderabad,Gachibowli,Penthouse,6,7,4979,26,26,6,Unfurnished,2,Yes,4.3,5,14604.94,727.18
Pune,Baner,Apartment,2,1,1080,21,31,9,Semi-Furnished,2,Yes,1.2,7,11687.96,126.23
Mumbai,Andheri East,Apartment,2,1,1290,11,21,0,Semi-Furnished,1,Yes,1.7,7,23178.29,299.0
Chennai,OMR IT Corridor,Penthouse,4,4,3583,28,29,4,Furnished,3,Yes,1.7,9,14496.23,519.4
Delhi NCR,Gurgaon Cyber City,Villa,3,2,2149,0,2,15,Furnished,2,No,5.8,6,22604.47,485.77
Bangalore,Indiranagar,Apartment,2,2,966,1,28,3,Furnished,1,Yes,2.2,8,21387.16,206.6
Delhi NCR,Noida Expressway,Apartment,3,2,1391,14,15,1,Furnished,1,Yes,1.6,6,11035.23,153.5
Mumbai,Andheri East,Apartment,3,3,1145,13,24,10,Furnished,1,Yes,0.5,7,23872.49,273.34
Mumbai,Bandra West,Apartment,3,2,1567,1,26,0,Semi-Furnished,1,Yes,0.3,6,45730.7,716.6
Hyderabad,Banjara Hills,Apartment,4,4,2185,6,7,1,Semi-Furnished,1,Yes,6.5,8,23833.41,520.76
Mumbai,Andheri East,Apartment,3,3,1552,12,23,2,Semi-Furnished,1,Yes,2.9,8,29860.18,463.43
Bangalore,Koramangala,Independent House,5,4,3595,0,2,0,Semi-Furnished,2,Yes,2.3,5,22235.88,799.38
Delhi NCR,Gurgaon Cyber City,Apartment,3,2,1646,27,31,4,Semi-Furnished,2,Yes,0.4,5,20321.99,334.5
Mumbai,Worli,Apartment,2,1,822,11,12,1,Semi-Furnished,1,Yes,3.0,6,53107.06,436.54
Ahmedabad,SG Highway,Apartment,1,1,450,16,27,7,Semi-Furnished,0,Yes,1.1,6,7153.33,32.19
Bangalore,Hebbal,Villa,4,4,2942,0,2,5,Semi-Furnished,1,No,3.0,7,17309.65,509.25
Bangalore,Electronic City,Villa,4,4,2716,0,2,1,Unfurnished,1,Yes,1.7,6,10932.99,296.94
Bangalore,Whitefield,Apartment,3,3,1785,1,5,1,Furnished,1,Yes,2.2,4,11768.07,210.06
Bangalore,Hebbal,Apartment,3,3,1458,13,20,18,Furnished,1,No,3.7,6,10130.32,147.7
Mumbai,Andheri East,Studio,1,1,418,3,4,1,Semi-Furnished,0,Yes,1.4,6,23543.06,98.41
Hyderabad,Banjara Hills,Apartment,2,1,878,2,14,5,Furnished,1,Yes,1.9,5,22657.18,198.93
Ahmedabad,Bodakdev,Apartment,3,3,1633,14,27,7,Unfurnished,1,Yes,3.1,8,9123.09,148.98
Bangalore,Koramangala,Apartment,2,2,1417,1,6,0,Unfurnished,2,Yes,0.8,6,24287.23,344.15
Pune,Koregaon Park,Apartment,3,2,1591,9,16,6,Furnished,2,Yes,6.4,8,18723.44,297.89
Hyderabad,Gachibowli,Apartment,1,1,673,1,8,2,Furnished,1,Yes,2.1,4,11561.66,77.81
Chennai,OMR IT Corridor,Penthouse,4,4,3365,29,30,5,Semi-Furnished,2,Yes,0.6,6,12583.06,423.42
Delhi NCR,Noida Sector 62,Independent House,5,5,2919,0,2,4,Semi-Furnished,1,Yes,6.3,4,9863.65,287.92
Bangalore,Hebbal,Apartment,3,2,1503,11,26,30,Furnished,2,No,1.6,7,8516.97,128.01
Bangalore,HSR Layout,Penthouse,4,5,3518,35,35,2,Semi-Furnished,3,Yes,3.3,10,27137.01,954.68
Pune,Baner,Apartment,1,1,530,14,25,1,Semi-Furnished,1,Yes,5.6,6,12198.11,64.65
Hyderabad,Gachibowli,Apartment,3,3,1597,4,10,0,Semi-Furnished,2,Yes,0.4,8,14338.76,228.99
Mumbai,Thane West,Apartment,3,3,1633,14,17,6,Furnished,1,Yes,3.0,6,13716.47,223.99
Bangalore,Whitefield,Independent House,3,2,2478,0,2,7,Semi-Furnished,2,Yes,1.0,8,11239.31,278.51
Kolkata,New Town,Apartment,2,2,1192,11,11,0,Furnished,0,No,5.7,9,7367.45,87.82
Hyderabad,HITEC City,Apartment,4,3,2007,13,22,2,Unfurnished,2,Yes,3.4,7,13648.23,273.92
Ahmedabad,SG Highway,Independent House,4,3,3027,0,3,5,Semi-Furnished,2,Yes,5.1,3,8459.86,256.08
Hyderabad,Jubilee Hills,Independent House,3,2,2174,0,2,12,Semi-Furnished,2,Yes,4.2,5,28457.22,618.66
Bangalore,Whitefield,Independent House,3,2,2231,0,3,1,Unfurnished,2,Yes,2.6,8,12160.02,271.29
Delhi NCR,South Extension,Apartment,2,2,1088,14,21,7,Unfurnished,2,Yes,1.7,9,24740.81,269.18
Pune,Baner,Apartment,4,4,2200,7,24,4,Semi-Furnished,1,Yes,0.6,6,11286.36,248.3
Mumbai,Bandra West,Apartment,3,2,1632,5,8,1,Furnished,1,Yes,3.4,7,45848.65,748.25
Delhi NCR,Gurgaon Golf Course Rd,Apartment,3,3,1700,22,29,4,Semi-Furnished,0,Yes,1.8,7,31700.0,538.9
Pune,Baner,Studio,1,1,376,20,21,0,Semi-Furnished,1,No,1.7,6,9523.94,35.81
Mumbai,Juhu,Apartment,1,1,602,7,21,7,Furnished,0,Yes,1.4,9,51699.34,311.23
Hyderabad,Gachibowli,Apartment,2,2,1359,10,13,0,Unfurnished,1,Yes,0.4,7,14264.9,193.86
Delhi NCR,South Extension,Villa,3,3,1930,0,1,2,Furnished,3,Yes,1.2,7,36627.46,706.91
Ahmedabad,Bopal,Apartment,2,2,1032,5,26,12,Furnished,1,Yes,1.4,7,6924.42,71.46
Mumbai,Worli,Apartment,2,2,1163,29,29,1,Furnished,1,Yes,7.3,5,45760.1,532.19
Bangalore,HSR Layout,Villa,5,5,2891,0,2,7,Semi-Furnished,2,No,1.9,8,17018.68,492.01
Pune,Koregaon Park,Penthouse,4,5,3461,28,28,10,Semi-Furnished,3,Yes,4.4,5,21770.3,753.47
Bangalore,Electronic City,Independent House,3,2,2631,0,1,2,Furnished,3,No,1.3,4,7683.77,202.16
Pune,Hinjewadi,Apartment,3,3,1294,17,18,1,Semi-Furnished,1,No,1.8,6,7939.72,102.74
Hyderabad,HITEC City,Apartment,2,2,1178,16,23,12,Semi-Furnished,1,Yes,8.7,8,11490.66,135.36
Mumbai,Bandra West,Villa,4,4,2496,0,2,5,Semi-Furnished,1,Yes,0.5,7,73197.12,1827.0
Delhi NCR,Gurgaon Cyber City,Apartment,2,1,986,28,29,4,Furnished,1,Yes,5.2,6,18326.57,180.7
Delhi NCR,Vasant Kunj,Apartment,1,1,921,7,9,3,Unfurnished,1,Yes,1.6,6,19791.53,182.28
Bangalore,Indiranagar,Penthouse,3,3,2645,42,43,5,Furnished,3,Yes,7.8,7,36257.84,959.02
Kolkata,Park Street,Apartment,2,2,1283,3,4,9,Unfurnished,1,Yes,10.4,6,15557.29,199.6
Chennai,Anna Nagar,Villa,3,3,2472,0,2,1,Furnished,1,No,1.3,10,24529.53,606.37
Pune,Kalyani Nagar,Apartment,2,2,1099,17,22,13,Semi-Furnished,1,Yes,1.9,10,18576.89,204.16
Pune,Kalyani Nagar,Apartment,3,2,1584,11,13,0,Furnished,1,Yes,2.2,2,17351.01,274.84
Delhi NCR,Gurgaon Golf Course Rd,Apartment,3,3,1370,5,5,8,Furnished,1,Yes,0.6,8,29617.52,405.76
Kolkata,Alipore,Villa,3,2,2048,0,2,2,Unfurnished,3,Yes,6.0,3,28250.0,578.56
Pune,Baner,Apartment,1,1,742,18,20,8,Unfurnished,1,Yes,0.8,6,9871.97,73.25
Hyderabad,HITEC City,Apartment,3,3,1369,5,22,21,Semi-Furnished,1,No,1.8,6,10214.76,139.84
Chennai,Anna Nagar,Independent House,4,4,2604,0,2,1,Semi-Furnished,1,No,1.6,1,17647.85,459.55
Bangalore,Electronic City,Independent House,5,4,3391,0,2,1,Semi-Furnished,3,Yes,1.0,5,8214.98,278.57
Hyderabad,Banjara Hills,Studio,1,1,426,1,5,5,Unfurnished,0,Yes,6.6,4,20464.79,87.18
Mumbai,Worli,Apartment,1,1,523,24,31,12,Furnished,1,Yes,0.4,10,53697.9,280.84
Bangalore,Koramangala,Apartment,3,3,1619,12,17,2,Semi-Furnished,0,Yes,1.8,8,22483.63,364.01
Bangalore,Hebbal,Studio,1,1,546,1,16,1,Semi-Furnished,1,Yes,0.6,5,10879.12,59.4
Ahmedabad,Prahlad Nagar,Independent House,4,4,2676,0,1,3,Semi-Furnished,1,Yes,2.5,4,10191.7,272.73
Chennai,Boat Club Road,Apartment,2,2,1372,2,4,9,Unfurnished,1,Yes,1.6,4,28274.78,387.93
Pune,Wakad,Apartment,3,3,1725,7,31,6,Furnished,0,Yes,4.2,5,9596.52,165.54
Hyderabad,Gachibowli,Villa,3,3,2458,0,2,2,Furnished,1,No,15.0,3,15010.98,368.97
Delhi NCR,Gurgaon Golf Course Rd,Apartment,3,2,1431,2,6,2,Semi-Furnished,1,Yes,2.2,9,29953.18,428.63
Kolkata,Alipore,Independent House,3,2,2598,0,2,0,Semi-Furnished,1,Yes,1.0,8,28484.22,740.02
Delhi NCR,Gurgaon Cyber City,Apartment,2,2,1122,4,12,6,Furnished,1,Yes,0.6,10,24058.82,269.94
Bangalore,HSR Layout,Apartment,1,1,450,12,30,0,Semi-Furnished,1,Yes,1.4,6,18148.89,81.67
Mumbai,Juhu,Independent House,4,3,3240,0,2,0,Unfurnished,2,Yes,1.1,9,65627.78,2126.34
Hyderabad,HITEC City,Apartment,4,4,2336,10,22,3,Furnished,1,No,1.6,10,13187.07,308.05
Hyderabad,Jubilee Hills,Apartment,2,2,812,11,31,5,Semi-Furnished,1,Yes,2.7,8,27352.22,222.1
Bangalore,HSR Layout,Apartment,2,2,1249,6,17,10,Semi-Furnished,0,Yes,11.3,6,14519.62,181.35
Mumbai,Thane West,Apartment,3,2,1052,1,5,15,Semi-Furnished,0,Yes,0.6,8,11395.44,119.88
Chennai,Velachery,Villa,4,4,2404,0,1,0,Unfurnished,2,No,1.0,5,11961.73,287.56
Mumbai,Juhu,Villa,4,4,2739,0,2,15,Semi-Furnished,2,Yes,1.6,2,57006.21,1561.4
Pune,Wakad,Villa,4,3,2431,0,2,0,Semi-Furnished,1,Yes,1.0,8,16567.67,402.76
Ahmedabad,SG Highway,Apartment,4,3,2375,6,30,1,Semi-Furnished,0,Yes,3.0,6,9336.84,221.75
Delhi NCR,Gurgaon Cyber City,Apartment,3,2,1690,9,19,4,Semi-Furnished,1,Yes,0.4,6,23003.55,388.76
Bangalore,Electronic City,Apartment,1,1,784,10,10,10,Semi-Furnished,2,Yes,1.7,9,6056.12,47.48
Pune,Baner,Penthouse,3,4,2664,21,21,1,Unfurnished,2,Yes,3.0,4,16789.41,447.27
Hyderabad,Banjara Hills,Villa,5,5,3865,0,3,6,Semi-Furnished,1,Yes,1.4,6,37025.1,1431.02
Delhi NCR,Gurgaon Golf Course Rd,Villa,3,2,2292,0,2,9,Furnished,2,Yes,1.8,8,36890.05,845.52
Ahmedabad,Prahlad Nagar,Apartment,2,2,968,12,13,30,Furnished,1,No,0.5,5,7195.25,69.65
Mumbai,Andheri East,Apartment,2,2,1132,12,21,7,Furnished,1,Yes,3.4,5,22603.36,255.87
Delhi NCR,Noida Sector 62,Apartment,3,3,1349,6,12,7,Furnished,1,No,0.7,10,11409.93,153.92
Pune,Baner,Apartment,2,2,1224,5,20,0,Unfurnished,1,Yes,1.5,7,11287.58,138.16
Chennai,Anna Nagar,Apartment,3,3,945,7,9,4,Semi-Furnished,1,Yes,0.5,6,18966.14,179.23
Mumbai,Andheri East,Studio,1,1,401,4,7,6,Semi-Furnished,0,Yes,10.1,6,20538.65,82.36
Hyderabad,Madhapur,Apartment,1,1,841,4,5,0,Semi-Furnished,1,Yes,3.2,5,11986.92,100.81
Delhi NCR,Noida Expressway,Apartment,3,3,1605,21,27,2,Unfurnished,2,Yes,7.7,4,10326.48,165.74
Bangalore,Hebbal,Apartment,3,2,1560,3,15,1,Semi-Furnished,1,Yes,0.6,6,14741.03,229.96
Mumbai,Andheri East,Penthouse,4,4,3199,30,30,10,Unfurnished,2,Yes,2.5,4,29555.8,945.49
Chennai,Adyar,Apartment,2,1,1183,8,20,3,Semi-Furnished,2,Yes,0.5,9,20301.78,240.17
Mumbai,Bandra West,Independent House,4,3,2611,0,1,0,Unfurnished,1,No,3.8,7,51362.7,1341.08
Bangalore,Koramangala,Penthouse,4,4,3723,43,43,2,Semi-Furnished,2,Yes,9.0,7,39257.86,1461.57
Bangalore,Koramangala,Apartment,2,1,1216,25,27,6,Furnished,1,No,2.2,5,20048.52,243.79
Chennai,OMR IT Corridor,Independent House,3,3,2336,0,1,1,Semi-Furnished,3,Yes,2.1,5,9044.52,211.28
Pune,Kalyani Nagar,Apartment,3,3,1375,7,9,4,Semi-Furnished,1,Yes,2.0,7,17168.73,236.07
Hyderabad,Jubilee Hills,Apartment,2,1,1340,13,13,2,Furnished,1,Yes,1.9,6,34566.42,463.19
Bangalore,Indiranagar,Villa,3,3,1653,0,3,17,Semi-Furnished,2,Yes,0.6,6,27619.48,456.55
Pune,Kalyani Nagar,Villa,3,3,2064,0,2,1,Furnished,2,Yes,6.1,7,19090.6,394.03
Delhi NCR,Vasant Kunj,Apartment,3,2,1570,5,10,2,Furnished,1,Yes,4.0,9,27542.04,432.41
Chennai,Anna Nagar,Apartment,2,2,1208,10,10,8,Unfurnished,0,Yes,4.5,5,15295.53,184.77
Kolkata,Salt Lake Sector V,Apartment,2,2,1154,3,10,0,Semi-Furnished,1,Yes,0.9,6,10649.91,122.9
Mumbai,Worli,Apartment,1,1,629,12,12,0,Unfurnished,0,Yes,0.4,9,58653.42,368.93
Pune,Baner,Apartment,3,2,1442,1,7,7,Semi-Furnished,1,Yes,2.5,3,8819.69,127.18
Mumbai,Thane West,Apartment,2,2,847,20,27,13,Semi-Furnished,2,Yes,3.5,8,12876.03,109.06
Delhi NCR,Gurgaon Cyber City,Apartment,2,2,947,13,22,0,Semi-Furnished,1,Yes,10.1,6,21756.07,206.03
Bangalore,Koramangala,Villa,5,5,3400,0,2,0,Semi-Furnished,3,Yes,2.6,9,31972.35,1087.06
Bangalore,Whitefield,Apartment,2,2,992,3,7,8,Unfurnished,1,No,0.9,8,9093.75,90.21
Bangalore,Hebbal,Apartment,3,2,1766,4,14,3,Furnished,1,No,2.3,6,13083.24,231.05
Pune,Wakad,Apartment,1,1,450,6,14,22,Unfurnished,1,Yes,1.4,8,8306.67,37.38
Bangalore,Whitefield,Penthouse,3,3,3027,22,22,2,Unfurnished,3,Yes,0.9,8,18793.52,568.88
Hyderabad,HITEC City,Apartment,3,2,1498,3,16,5,Semi-Furnished,1,Yes,4.5,9,12875.17,192.87
Bangalore,Indiranagar,Apartment,3,3,1580,13,23,4,Unfurnished,1,No,0.4,4,19591.14,309.54
Mumbai,Bandra West,Apartment,1,1,819,8,22,7,Semi-Furnished,1,Yes,3.5,6,37304.03,305.52
Hyderabad,Jubilee Hills,Villa,3,3,2518,0,3,5,Unfurnished,3,No,3.0,10,30327.64,763.65
Bangalore,Whitefield,Apartment,2,1,1107,5,13,6,Semi-Furnished,1,Yes,4.0,6,10472.45,115.93
Delhi NCR,Gurgaon Golf Course Rd,Villa,4,4,2734,0,3,2,Furnished,3,Yes,2.9,3,42057.43,1149.85
Pune,Baner,Studio,1,1,506,2,6,1,Unfurnished,0,No,4.8,6,9871.54,49.95
Bangalore,Hebbal,Villa,3,3,2242,0,2,2,Semi-Furnished,1,No,1.5,4,16727.03,375.02
Mumbai,Bandra West,Independent House,4,4,3076,0,2,3,Semi-Furnished,2,No,2.9,8,58597.2,1802.45
Bangalore,Electronic City,Apartment,2,2,1313,8,14,1,Semi-Furnished,1,Yes,0.8,6,7182.79,94.31
Kolkata,Salt Lake Sector V,Apartment,3,3,1780,26,26,2,Furnished,1,No,6.0,9,10524.72,187.34
Pune,Hinjewadi,Studio,1,1,460,3,15,6,Semi-Furnished,1,Yes,4.3,5,7232.61,33.27
Pune,Baner,Apartment,3,2,1512,3,12,2,Unfurnished,2,Yes,7.2,7,12752.65,192.82
Pune,Wakad,Apartment,2,2,981,5,6,1,Furnished,1,No,2.1,8,9827.73,96.41
Mumbai,Thane West,Independent House,4,3,3393,0,1,0,Furnished,1,Yes,1.8,8,16440.91,557.84
Bangalore,HSR Layout,Apartment,4,4,2249,12,27,5,Furnished,1,Yes,4.8,6,16295.69,366.49
Hyderabad,HITEC City,Apartment,3,3,1342,1,21,4,Semi-Furnished,1,Yes,2.3,7,10780.92,144.68
Mumbai,Navi Mumbai (Vashi),Apartment,2,2,1357,20,27,25,Semi-Furnished,1,Yes,4.9,3,11193.07,151.89
Bangalore,HSR Layout,Apartment,1,1,683,5,10,7,Semi-Furnished,1,Yes,1.8,7,15816.98,108.03
Bangalore,Hebbal,Villa,5,5,3177,0,2,5,Unfurnished,2,No,2.5,6,16366.7,519.97
Delhi NCR,South Extension,Apartment,2,1,1018,7,12,6,Semi-Furnished,1,Yes,1.6,4,24813.36,252.6
Ahmedabad,SG Highway,Apartment,3,3,1848,10,20,5,Furnished,1,Yes,1.3,6,8222.4,151.95
Mumbai,Thane West,Apartment,3,3,1623,21,25,1,Unfurnished,1,Yes,7.3,7,12545.9,203.62
Delhi NCR,Noida Sector 62,Independent House,4,3,3075,0,2,0,Semi-Furnished,1,No,1.5,3,8905.69,273.85
Mumbai,Andheri East,Villa,3,2,2373,0,3,1,Semi-Furnished,2,Yes,6.9,6,29171.93,692.25
Ahmedabad,SG Highway,Apartment,3,3,1548,22,31,2,Semi-Furnished,1,Yes,2.6,7,8615.63,133.37
Mumbai,Navi Mumbai (Vashi),Independent House,4,4,2696,0,1,1,Unfurnished,1,Yes,0.7,6,18038.95,486.33
Bangalore,Whitefield,Apartment,4,3,1715,2,15,2,Semi-Furnished,1,Yes,5.6,7,9383.09,160.92
Hyderabad,Madhapur,Penthouse,4,5,3265,35,36,4,Semi-Furnished,3,Yes,3.9,7,13999.08,457.07
Pune,Wakad,Apartment,3,3,1870,22,30,0,Semi-Furnished,1,Yes,1.2,7,10418.72,194.83
Delhi NCR,Vasant Kunj,Independent House,4,3,2753,0,2,23,Furnished,2,No,1.2,6,26211.04,721.59
Bangalore,Electronic City,Apartment,2,1,1132,1,5,3,Semi-Furnished,1,Yes,2.2,9,7204.95,81.56
Bangalore,Electronic City,Apartment,3,2,1565,3,24,13,Semi-Furnished,1,Yes,1.4,8,6946.33,108.71
Bangalore,Indiranagar,Apartment,2,2,1362,3,7,14,Furnished,1,No,0.4,5,17216.59,234.49
Mumbai,Juhu,Penthouse,5,6,4523,36,36,2,Furnished,2,Yes,0.6,8,101414.99,4587.0
Delhi NCR,South Extension,Apartment,2,2,1133,1,12,2,Furnished,2,Yes,1.0,8,32557.81,368.88
Bangalore,Indiranagar,Penthouse,4,4,3305,35,35,3,Semi-Furnished,2,Yes,0.8,8,27458.4,907.5
Bangalore,Whitefield,Apartment,3,3,1561,3,17,5,Unfurnished,1,Yes,3.0,5,9629.08,150.31
Pune,Koregaon Park,Apartment,3,3,1433,3,5,5,Unfurnished,1,Yes,2.9,6,16498.26,236.42
Ahmedabad,Bopal,Apartment,1,1,573,28,31,0,Semi-Furnished,1,Yes,5.0,6,5319.37,30.48
Pune,Koregaon Park,Villa,4,4,2865,0,2,2,Semi-Furnished,1,Yes,2.3,6,25835.25,740.18
Mumbai,Bandra West,Apartment,2,2,1113,6,14,8,Unfurnished,1,Yes,0.5,7,47125.79,524.51
Mumbai,Navi Mumbai (Vashi),Penthouse,3,4,2346,43,43,6,Furnished,3,Yes,3.3,7,24390.88,572.21
Ahmedabad,SG Highway,Penthouse,3,4,2926,38,38,15,Semi-Furnished,3,Yes,0.8,7,11424.81,334.29
Bangalore,Koramangala,Studio,1,1,597,9,13,0,Semi-Furnished,1,Yes,2.0,6,16562.81,98.88
Mumbai,Andheri East,Apartment,2,1,1178,4,7,7,Furnished,0,Yes,0.6,10,23200.34,273.3
Delhi NCR,Gurgaon Golf Course Rd,Independent House,3,3,2084,0,2,3,Unfurnished,2,Yes,2.2,4,33672.26,701.73
Pune,Wakad,Villa,3,3,2183,0,2,5,Unfurnished,2,Yes,4.8,6,11175.9,243.97
Pune,Baner,Apartment,2,2,1201,10,25,2,Furnished,0,Yes,1.0,5,10650.29,127.91
Bangalore,Electronic City,Independent House,3,3,2188,0,2,7,Furnished,2,Yes,5.6,7,9001.83,196.96
Mumbai,Andheri East,Apartment,4,3,2077,19,23,2,Furnished,2,Yes,0.4,9,27344.25,567.94
Ahmedabad,Bodakdev,Apartment,2,2,1369,7,11,1,Semi-Furnished,0,No,0.6,8,11252.74,154.05
Bangalore,Electronic City,Apartment,4,4,2177,1,10,6,Semi-Furnished,2,Yes,4.0,7,7229.21,157.38
Pune,Hinjewadi,Apartment,2,1,1008,5,12,4,Semi-Furnished,1,Yes,2.7,5,6736.11,67.9
Pune,Baner,Apartment,1,1,897,21,21,5,Furnished,1,Yes,2.5,6,12164.99,109.12
Pune,Kalyani Nagar,Apartment,2,1,829,5,28,6,Unfurnished,1,Yes,0.3,10,17361.88,143.93
Bangalore,Whitefield,Independent House,3,2,2445,0,2,6,Semi-Furnished,2,Yes,0.7,7,12485.07,305.26
Bangalore,HSR Layout,Apartment,2,2,806,10,17,12,Furnished,0,Yes,1.2,4,15122.83,121.89
Delhi NCR,Vasant Kunj,Apartment,3,2,1633,10,14,2,Furnished,1,Yes,1.5,6,23597.67,385.35
Chennai,Anna Nagar,Apartment,2,2,1223,5,5,6,Semi-Furnished,1,Yes,0.4,7,16039.25,196.16
Kolkata,Alipore,Apartment,2,2,1204,4,6,3,Semi-Furnished,1,Yes,0.7,7,19848.84,238.98
Mumbai,Navi Mumbai (Vashi),Independent House,5,5,3110,0,2,5,Furnished,2,Yes,1.6,8,17166.24,533.87
Mumbai,Worli,Apartment,4,4,2156,3,29,0,Furnished,1,Yes,5.2,9,62426.25,1345.91
Kolkata,New Town,Independent House,5,5,3700,0,2,8,Unfurnished,1,Yes,2.4,6,7785.68,288.07
Hyderabad,Banjara Hills,Apartment,3,3,1703,8,15,0,Unfurnished,2,Yes,7.2,5,25000.59,425.76
Chennai,Velachery,Villa,3,2,2134,0,2,11,Semi-Furnished,2,Yes,5.6,6,13087.16,279.28
Mumbai,Andheri East,Apartment,2,2,1250,4,9,8,Semi-Furnished,2,Yes,0.9,7,22952.0,286.9
Delhi NCR,South Extension,Apartment,3,3,1512,12,21,3,Semi-Furnished,1,Yes,4.2,9,32796.96,495.89
Pune,Wakad,Independent House,4,4,2741,0,1,4,Semi-Furnished,2,No,0.6,5,9434.51,258.6
Pune,Hinjewadi,Apartment,2,1,1069,5,13,9,Semi-Furnished,1,Yes,2.3,5,7376.05,78.85
Bangalore,HSR Layout,Independent House,3,3,2154,0,3,10,Unfurnished,2,Yes,7.8,7,17473.07,376.37
Mumbai,Worli,Independent House,4,4,2668,0,2,0,Semi-Furnished,1,Yes,4.3,8,60465.14,1613.21
Delhi NCR,South Extension,Apartment,2,2,1050,5,26,2,Semi-Furnished,0,Yes,4.1,4,28339.05,297.56
Bangalore,Electronic City,Apartment,3,3,1445,10,28,4,Semi-Furnished,2,No,1.5,8,7083.04,102.35
Delhi NCR,Gurgaon Cyber City,Apartment,1,1,474,5,13,3,Unfurnished,1,Yes,3.3,6,18099.16,85.79
Ahmedabad,SG Highway,Penthouse,5,6,4654,39,39,24,Semi-Furnished,2,Yes,0.5,7,10678.99,497.0
Bangalore,Electronic City,Independent House,3,3,1829,0,1,1,Furnished,3,Yes,3.9,3,7915.8,144.78
Chennai,Boat Club Road,Apartment,2,2,1084,8,9,3,Semi-Furnished,1,Yes,3.6,3,29635.61,321.25
Mumbai,Andheri East,Apartment,2,1,1220,13,23,1,Semi-Furnished,1,Yes,9.0,9,20583.61,251.12
Pune,Hinjewadi,Apartment,2,1,1013,1,29,5,Furnished,1,Yes,5.5,7,8179.66,82.86
Ahmedabad,SG Highway,Villa,4,3,3532,0,2,6,Semi-Furnished,1,Yes,1.8,7,12915.63,456.18
Mumbai,Worli,Apartment,4,4,1995,20,21,3,Unfurnished,1,Yes,2.9,7,49766.92,992.85
Mumbai,Thane West,Apartment,3,3,1454,6,29,1,Semi-Furnished,2,Yes,0.6,6,14145.8,205.68
Delhi NCR,Gurgaon Cyber City,Penthouse,4,5,4012,28,29,13,Unfurnished,3,Yes,0.3,6,30149.05,1209.58
Mumbai,Bandra West,Apartment,3,3,1667,6,7,3,Furnished,1,Yes,3.6,7,49793.64,830.06
Hyderabad,Madhapur,Apartment,2,2,968,5,5,2,Unfurnished,2,No,1.2,4,12523.76,121.23
Kolkata,Alipore,Studio,1,1,538,11,20,5,Semi-Furnished,0,Yes,1.0,4,17966.54,96.66
Delhi NCR,Gurgaon Cyber City,Independent House,3,3,2298,0,2,8,Semi-Furnished,3,Yes,1.3,8,22097.04,507.79
Bangalore,Whitefield,Apartment,2,1,1286,3,19,0,Semi-Furnished,1,Yes,0.6,7,9696.73,124.7
Delhi NCR,Noida Expressway,Apartment,2,2,969,25,28,7,Furnished,1,Yes,2.0,5,12097.01,117.22
Hyderabad,Banjara Hills,Apartment,3,2,1876,5,25,14,Semi-Furnished,1,Yes,1.3,7,21490.94,403.17
Mumbai,Andheri East,Apartment,2,2,943,5,27,2,Semi-Furnished,1,Yes,0.4,6,23255.57,219.3
Delhi NCR,Noida Expressway,Penthouse,4,4,3771,33,33,0,Furnished,2,Yes,0.6,9,18192.79,686.05
Pune,Baner,Apartment,2,1,1207,16,22,2,Semi-Furnished,1,Yes,1.1,7,13521.13,163.2
Pune,Baner,Independent House,5,5,3541,0,2,6,Semi-Furnished,2,Yes,0.6,7,12507.48,442.89
Bangalore,Electronic City,Penthouse,4,5,3666,35,35,7,Furnished,3,Yes,0.7,8,12208.13,447.55
Pune,Koregaon Park,Apartment,1,1,450,18,21,1,Furnished,1,Yes,0.9,6,20468.89,92.11
Mumbai,Worli,Apartment,2,2,793,13,31,8,Semi-Furnished,1,Yes,0.3,4,49031.53,388.82
Mumbai,Bandra West,Apartment,2,2,920,17,21,0,Semi-Furnished,2,Yes,1.7,6,44188.04,406.53
Chennai,Velachery,Penthouse,4,5,3170,44,44,3,Unfurnished,3,Yes,1.5,8,14207.89,450.39
Hyderabad,HITEC City,Villa,4,3,2427,0,2,6,Unfurnished,2,Yes,1.2,9,15848.37,384.64
Mumbai,Bandra West,Apartment,3,3,1518,23,23,0,Semi-Furnished,1,Yes,4.4,6,46671.28,708.47
Bangalore,Electronic City,Independent House,3,3,2394,0,3,12,Semi-Furnished,1,Yes,3.6,8,7778.61,186.22
Mumbai,Worli,Apartment,2,1,902,3,23,3,Semi-Furnished,1,Yes,0.9,5,51106.43,460.98
Bangalore,Electronic City,Penthouse,4,5,3800,42,42,3,Semi-Furnished,2,Yes,3.2,9,11013.68,418.52
Bangalore,Electronic City,Apartment,3,2,1553,1,21,1,Furnished,1,Yes,1.9,5,7436.57,115.49
Mumbai,Bandra West,Apartment,2,2,1081,4,10,2,Semi-Furnished,1,Yes,1.0,6,49438.48,534.43
Delhi NCR,Gurgaon Golf Course Rd,Penthouse,4,5,3649,28,28,10,Semi-Furnished,3,Yes,0.4,6,45144.7,1647.33
Hyderabad,Gachibowli,Apartment,2,1,1059,8,30,1,Furnished,0,Yes,1.7,7,13314.45,141.0
Pune,Kalyani Nagar,Apartment,2,2,935,16,21,3,Semi-Furnished,1,No,1.8,6,15879.14,148.47
Pune,Wakad,Apartment,4,3,2336,22,30,1,Unfurnished,1,Yes,3.7,7,10242.29,239.26
Mumbai,Andheri East,Apartment,3,3,1431,8,20,6,Semi-Furnished,0,Yes,7.1,9,20082.46,287.38
Ahmedabad,Prahlad Nagar,Apartment,2,2,564,4,5,6,Semi-Furnished,0,Yes,4.7,7,10001.77,56.41
Chennai,Anna Nagar,Studio,1,1,320,4,7,6,Unfurnished,0,Yes,2.4,6,14503.12,46.41
Hyderabad,HITEC City,Apartment,3,3,1824,1,16,12,Semi-Furnished,2,Yes,0.5,6,11001.1,200.66
Chennai,Anna Nagar,Apartment,2,2,907,5,27,3,Furnished,0,Yes,0.4,9,18971.33,172.07
Kolkata,Park Street,Independent House,3,2,2391,0,2,0,Semi-Furnished,3,No,9.9,2,16980.76,406.01
Delhi NCR,Gurgaon Cyber City,Apartment,2,1,1142,16,18,9,Semi-Furnished,1,Yes,1.5,4,20683.89,236.21
Mumbai,Thane West,Apartment,2,2,902,13,13,3,Semi-Furnished,2,Yes,0.6,9,16175.17,145.9
Pune,Hinjewadi,Independent House,4,4,2262,0,2,8,Furnished,1,Yes,0.6,5,9967.73,225.47
Hyderabad,Gachibowli,Penthouse,4,5,3365,27,27,0,Furnished,2,Yes,1.5,10,22005.94,740.5
Hyderabad,Jubilee Hills,Independent House,4,4,2940,0,2,9,Unfurnished,1,Yes,3.6,6,24234.69,712.5
Delhi NCR,Gurgaon Golf Course Rd,Independent House,3,3,2158,0,2,1,Semi-Furnished,3,Yes,1.6,5,36277.11,782.86
Mumbai,Thane West,Apartment,3,3,1745,13,23,4,Unfurnished,2,Yes,1.0,7,14613.18,255.0
Bangalore,Whitefield,Studio,1,1,519,3,4,0,Semi-Furnished,0,Yes,1.7,4,9169.56,47.59
Kolkata,Alipore,Apartment,2,2,1296,8,8,1,Unfurnished,2,Yes,3.0,8,23773.15,308.1
Delhi NCR,South Extension,Villa,4,3,3038,0,2,1,Furnished,1,No,0.7,7,45583.94,1384.84
Delhi NCR,Noida Sector 62,Apartment,4,4,2046,8,30,1,Semi-Furnished,1,Yes,1.8,10,9437.93,193.1
Bangalore,Indiranagar,Penthouse,4,4,3338,29,30,2,Furnished,3,Yes,2.1,6,34442.78,1149.7
Bangalore,HSR Layout,Independent House,4,4,2592,0,3,13,Semi-Furnished,2,Yes,0.4,6,16447.15,426.31
Chennai,Adyar,Villa,4,3,2670,0,3,1,Semi-Furnished,2,Yes,2.2,5,23931.84,638.98
Pune,Wakad,Apartment,4,4,2093,9,27,0,Semi-Furnished,1,Yes,1.4,6,9693.26,202.88
Hyderabad,Jubilee Hills,Apartment,3,2,1565,2,4,0,Unfurnished,1,Yes,1.2,9,25846.01,404.49
Delhi NCR,South Extension,Independent House,5,5,2943,0,2,1,Unfurnished,3,Yes,5.7,7,30716.96,904.0
Pune,Hinjewadi,Villa,3,2,1805,0,2,3,Furnished,3,No,1.0,9,12298.61,221.99
Bangalore,Hebbal,Apartment,1,1,689,2,11,4,Semi-Furnished,1,Yes,1.3,10,12316.4,84.86
Pune,Hinjewadi,Studio,1,1,447,1,4,10,Semi-Furnished,1,No,0.8,6,6313.2,28.22
Delhi NCR,Noida Sector 62,Penthouse,4,4,3619,35,35,4,Semi-Furnished,2,Yes,5.6,8,13369.16,483.83
Delhi NCR,South Extension,Apartment,2,2,881,17,20,1,Unfurnished,0,Yes,6.8,6,25350.74,223.34
Pune,Hinjewadi,Villa,5,5,3486,0,2,7,Furnished,3,Yes,2.6,8,12096.1,421.67
Kolkata,New Town,Apartment,3,3,1782,7,15,0,Unfurnished,1,No,2.1,9,6502.24,115.87
Mumbai,Worli,Apartment,3,2,1620,4,21,4,Furnished,0,No,1.1,7,44828.4,726.22
Chennai,Adyar,Apartment,2,2,1059,11,20,0,Semi-Furnished,1,Yes,0.8,10,22766.76,241.1
Bangalore,Koramangala,Apartment,2,2,1178,5,27,4,Semi-Furnished,0,No,3.6,9,18847.2,222.02
Delhi NCR,Noida Expressway,Independent House,3,2,2126,0,2,6,Furnished,3,Yes,0.7,7,12970.37,275.75
Mumbai,Worli,Apartment,2,1,1402,18,21,2,Semi-Furnished,1,Yes,0.7,7,66437.23,931.45
Bangalore,HSR Layout,Independent House,3,3,2222,0,2,0,Unfurnished,2,No,10.2,7,15495.05,344.3
Delhi NCR,South Extension,Independent House,3,3,2640,0,1,2,Semi-Furnished,1,Yes,0.4,8,31371.97,828.22
Mumbai,Thane West,Independent House,4,4,2939,0,2,2,Semi-Furnished,1,Yes,2.6,4,16707.04,491.02
Delhi NCR,Noida Expressway,Apartment,2,1,718,8,16,4,Semi-Furnished,1,Yes,0.6,7,10384.4,74.56
Kolkata,Salt Lake Sector V,Villa,5,5,3491,0,2,0,Furnished,2,No,2.5,5,11503.01,401.57
Mumbai,Andheri East,Apartment,1,1,979,6,21,0,Furnished,1,Yes,2.6,9,26633.3,260.74
Hyderabad,HITEC City,Apartment,3,3,1414,4,12,0,Semi-Furnished,1,No,1.6,4,11176.8,158.04
Bangalore,Hebbal,Apartment,3,3,1738,4,6,0,Furnished,1,No,0.7,6,12974.11,225.49
Pune,Baner,Apartment,3,3,1575,9,21,0,Unfurnished,1,Yes,3.8,8,11046.35,173.98
Bangalore,Electronic City,Penthouse,3,4,2670,25,26,1,Semi-Furnished,3,Yes,2.5,6,11938.95,318.77
Mumbai,Navi Mumbai (Vashi),Apartment,3,3,1344,5,21,2,Unfurnished,1,Yes,0.8,7,15708.33,211.12
Mumbai,Navi Mumbai (Vashi),Villa,4,3,3107,0,2,2,Semi-Furnished,1,Yes,7.0,5,17732.22,550.94
Mumbai,Worli,Apartment,2,2,1012,12,14,0,Unfurnished,2,Yes,2.6,7,48875.49,494.62
Mumbai,Navi Mumbai (Vashi),Apartment,2,2,997,2,5,2,Semi-Furnished,1,Yes,1.7,10,15930.79,158.83
Pune,Kalyani Nagar,Studio,1,1,570,12,17,4,Semi-Furnished,1,No,2.1,8,13359.65,76.15
Chennai,Anna Nagar,Villa,3,3,2396,0,2,3,Unfurnished,2,Yes,2.1,6,18257.51,437.45
Hyderabad,Banjara Hills,Apartment,2,2,1169,8,15,4,Semi-Furnished,0,Yes,0.6,6,26198.46,306.26
Pune,Koregaon Park,Apartment,3,2,1322,1,5,20,Furnished,2,Yes,1.4,1,13046.9,172.48
Mumbai,Juhu,Apartment,1,1,664,12,12,7,Semi-Furnished,1,Yes,5.7,9,47079.82,312.61
Bangalore,Hebbal,Apartment,2,2,1001,7,17,0,Unfurnished,1,Yes,2.7,7,14043.96,140.58
Bangalore,Electronic City,Villa,3,3,2043,0,1,1,Semi-Furnished,2,Yes,5.9,5,10094.96,206.24
Bangalore,Indiranagar,Villa,4,3,2701,0,2,7,Semi-Furnished,2,No,1.7,8,25195.85,680.54
Delhi NCR,Gurgaon Cyber City,Apartment,2,1,1067,21,29,10,Semi-Furnished,1,Yes,0.9,6,21282.1,227.08
Delhi NCR,Noida Sector 62,Penthouse,3,4,2554,28,28,2,Unfurnished,2,Yes,0.7,6,13959.28,356.52
Bangalore,Whitefield,Apartment,1,1,614,19,20,1,Furnished,1,Yes,6.5,9,12127.04,74.46
Bangalore,HSR Layout,Apartment,2,2,1117,4,7,4,Semi-Furnished,1,Yes,6.0,6,17191.58,192.03
Chennai,Adyar,Apartment,3,2,1646,4,18,9,Furnished,1,Yes,1.5,7,18866.95,310.55
Hyderabad,HITEC City,Independent House,4,3,3289,0,2,30,Semi-Furnished,1,Yes,2.3,7,11548.8,379.84
Bangalore,HSR Layout,Apartment,2,2,962,13,14,7,Semi-Furnished,1,Yes,3.6,10,17369.02,167.09
Kolkata,Ballygunge,Apartment,3,3,1545,2,5,0,Furnished,1,Yes,0.8,9,22411.0,346.25
Ahmedabad,Bodakdev,Apartment,2,2,909,15,17,0,Furnished,1,Yes,3.2,7,11633.66,105.75
Bangalore,Electronic City,Apartment,3,3,1528,3,5,11,Semi-Furnished,2,Yes,0.7,8,6278.14,95.93
Bangalore,Koramangala,Villa,5,5,3984,0,1,1,Furnished,2,Yes,2.0,6,33178.21,1321.82
Delhi NCR,Gurgaon Cyber City,Apartment,2,2,1089,4,31,1,Furnished,0,Yes,2.9,6,20087.24,218.75
Kolkata,Ballygunge,Apartment,2,2,1154,7,21,1,Unfurnished,2,Yes,1.8,5,17408.15,200.89
Chennai,Adyar,Villa,3,3,1632,0,2,6,Semi-Furnished,2,No,6.5,3,23787.99,388.22
Mumbai,Worli,Penthouse,4,5,3240,19,19,3,Semi-Furnished,3,Yes,4.3,7,80319.44,2602.35
Bangalore,Koramangala,Studio,1,1,393,1,7,3,Unfurnished,0,Yes,3.1,9,19577.61,76.94
Delhi NCR,Noida Expressway,Apartment,2,2,1041,9,15,2,Furnished,1,Yes,0.6,10,10862.63,113.08
Delhi NCR,South Extension,Apartment,1,1,697,3,4,0,Semi-Furnished,1,Yes,0.8,8,27928.26,194.66
Mumbai,Worli,Apartment,1,1,791,2,22,4,Semi-Furnished,2,Yes,1.2,6,50101.14,396.3
Chennai,Anna Nagar,Apartment,2,2,1121,15,24,7,Semi-Furnished,0,Yes,1.6,4,17584.3,197.12
Pune,Kalyani Nagar,Penthouse,4,5,3321,21,22,1,Unfurnished,3,Yes,3.3,8,25147.24,835.14
Chennai,Velachery,Apartment,4,4,2052,10,26,0,Unfurnished,1,Yes,2.9,9,9299.22,190.82
Chennai,Adyar,Apartment,3,3,1436,3,24,1,Semi-Furnished,1,Yes,4.0,7,19791.09,284.2
Hyderabad,Jubilee Hills,Apartment,2,1,1264,7,22,4,Furnished,0,Yes,0.6,9,28499.21,360.23
Delhi NCR,Gurgaon Cyber City,Apartment,2,2,893,6,30,1,Furnished,1,Yes,3.0,10,24123.18,215.42
Pune,Kalyani Nagar,Villa,5,5,3256,0,2,3,Semi-Furnished,3,Yes,1.9,5,19572.79,637.29
Mumbai,Worli,Apartment,3,3,1583,3,13,1,Furnished,2,No,1.3,7,50010.11,791.66
Pune,Kalyani Nagar,Apartment,2,2,1086,8,26,1,Semi-Furnished,0,Yes,3.0,4,16646.41,180.78
Mumbai,Navi Mumbai (Vashi),Apartment,4,3,2108,11,13,0,Semi-Furnished,1,Yes,3.6,7,20443.55,430.95
Pune,Kalyani Nagar,Apartment,2,2,1177,2,7,4,Furnished,1,Yes,1.1,7,13435.85,158.14
Bangalore,Koramangala,Apartment,3,3,1499,15,30,2,Unfurnished,1,Yes,3.3,7,19468.31,291.83
Mumbai,Thane West,Independent House,4,3,3347,0,2,9,Furnished,3,Yes,2.6,7,16214.22,542.69
Mumbai,Worli,Apartment,2,2,1313,17,21,2,Semi-Furnished,1,Yes,2.2,7,54799.7,719.52
Mumbai,Andheri East,Independent House,3,3,2074,0,2,6,Semi-Furnished,1,Yes,3.9,7,25111.86,520.82
Pune,Baner,Penthouse,4,4,3551,29,29,0,Semi-Furnished,3,Yes,1.8,6,19438.47,690.26
Hyderabad,Jubilee Hills,Penthouse,5,6,3667,18,18,9,Semi-Furnished,3,Yes,3.7,5,37730.57,1383.58
Delhi NCR,Noida Sector 62,Studio,1,1,352,7,14,6,Furnished,0,Yes,0.4,6,8562.5,30.14
Mumbai,Thane West,Apartment,2,2,995,4,5,2,Semi-Furnished,1,Yes,3.8,6,16096.48,160.16
Mumbai,Thane West,Apartment,1,1,701,22,29,2,Semi-Furnished,1,Yes,4.0,4,13818.83,96.87
Mumbai,Juhu,Apartment,2,2,1296,1,6,0,Unfurnished,1,Yes,11.6,8,52131.94,675.63
Mumbai,Andheri East,Penthouse,4,4,3245,21,21,8,Semi-Furnished,2,Yes,1.2,9,38446.53,1247.59
Chennai,Boat Club Road,Studio,1,1,626,8,9,1,Semi-Furnished,0,Yes,0.8,6,24033.55,150.45
Bangalore,Electronic City,Villa,5,4,3621,0,1,7,Semi-Furnished,2,Yes,5.7,4,8884.01,321.69
Bangalore,Koramangala,Apartment,2,2,1398,6,13,11,Unfurnished,1,Yes,0.9,9,19103.0,267.06
Mumbai,Navi Mumbai (Vashi),Studio,1,1,491,11,13,8,Furnished,0,Yes,1.7,3,12767.82,62.69
Bangalore,HSR Layout,Apartment,2,1,890,1,20,2,Semi-Furnished,0,Yes,1.1,5,15389.89,136.97
Delhi NCR,Gurgaon Golf Course Rd,Apartment,2,2,1336,12,25,3,Semi-Furnished,1,Yes,1.7,9,33592.07,448.79
Pune,Kalyani Nagar,Apartment,2,2,770,5,15,1,Semi-Furnished,1,Yes,5.5,8,15233.77,117.3
Bangalore,Koramangala,Apartment,2,1,1060,9,11,1,Furnished,1,Yes,3.6,4,18341.51,194.42
Mumbai,Juhu,Apartment,3,3,1572,8,9,2,Semi-Furnished,1,Yes,2.3,9,58616.41,921.45
Bangalore,Hebbal,Apartment,2,2,1197,10,12,15,Furnished,0,Yes,2.6,9,13246.45,158.56
Bangalore,Koramangala,Apartment,2,2,1207,8,29,4,Semi-Furnished,1,Yes,2.4,9,20426.68,246.55
Mumbai,Juhu,Independent House,3,2,2130,0,2,14,Semi-Furnished,2,Yes,2.9,3,44118.78,939.73
Ahmedabad,SG Highway,Penthouse,3,4,2200,37,37,2,Unfurnished,3,Yes,8.0,5,14393.64,316.66
Pune,Hinjewadi,Independent House,4,4,3336,0,2,3,Semi-Furnished,3,Yes,1.3,6,9106.41,303.79
Delhi NCR,Gurgaon Golf Course Rd,Apartment,3,3,1443,26,30,5,Furnished,0,Yes,7.7,4,35157.31,507.32
Bangalore,Whitefield,Villa,4,4,2334,0,2,21,Furnished,3,No,1.6,7,12191.52,284.55
Delhi NCR,Vasant Kunj,Penthouse,4,5,3781,19,19,3,Unfurnished,2,Yes,4.3,4,38793.18,1466.77
Delhi NCR,Vasant Kunj,Apartment,3,3,1334,12,27,1,Furnished,2,Yes,1.4,7,28465.52,379.73
Pune,Wakad,Apartment,3,3,1787,15,15,0,Semi-Furnished,0,Yes,1.0,6,10097.37,180.44
Pune,Hinjewadi,Apartment,3,2,1659,13,28,21,Furnished,2,Yes,3.7,8,6303.19,104.57
Mumbai,Worli,Apartment,3,3,1275,15,18,8,Semi-Furnished,2,Yes,1.2,8,50338.04,641.81
Delhi NCR,Noida Expressway,Independent House,4,3,2537,0,2,0,Semi-Furnished,1,Yes,0.4,6,11013.8,279.42
Bangalore,Hebbal,Penthouse,3,3,3257,41,42,3,Semi-Furnished,3,Yes,1.8,8,17932.15,584.05
Chennai,OMR IT Corridor,Apartment,2,2,1273,5,16,0,Semi-Furnished,0,Yes,7.1,4,8057.34,102.57
Pune,Baner,Villa,3,2,1976,0,1,11,Unfurnished,2,Yes,5.9,8,13922.57,275.11
Delhi NCR,Noida Expressway,Villa,4,4,2690,0,2,4,Semi-Furnished,2,No,1.0,6,14578.07,392.15
Mumbai,Navi Mumbai (Vashi),Penthouse,4,4,3827,31,32,1,Semi-Furnished,3,Yes,4.6,4,22707.87,869.03
Pune,Kalyani Nagar,Apartment,1,1,700,17,27,4,Unfurnished,1,No,0.3,9,12962.86,90.74
Mumbai,Navi Mumbai (Vashi),Penthouse,4,5,3682,18,18,3,Unfurnished,3,Yes,1.3,6,22585.82,831.61
Bangalore,Koramangala,Apartment,3,3,1371,17,17,7,Semi-Furnished,1,Yes,1.1,6,24052.52,329.76
Mumbai,Juhu,Apartment,2,2,1079,5,14,4,Unfurnished,1,Yes,7.6,5,37897.13,408.91
Pune,Kalyani Nagar,Apartment,2,2,1126,9,9,1,Furnished,1,Yes,5.1,9,18233.57,205.31
Mumbai,Navi Mumbai (Vashi),Apartment,3,3,1911,6,9,3,Semi-Furnished,1,Yes,4.4,4,17147.04,327.68
Bangalore,Indiranagar,Independent House,3,3,2006,0,2,2,Unfurnished,1,Yes,6.9,6,23041.87,462.22
Chennai,Velachery,Apartment,2,2,948,13,16,5,Furnished,2,Yes,2.3,7,11291.14,107.04
Mumbai,Bandra West,Apartment,4,4,2153,25,29,2,Furnished,1,Yes,2.3,9,57007.9,1227.38
Delhi NCR,Gurgaon Cyber City,Apartment,3,3,1413,4,26,1,Furnished,1,Yes,5.7,7,21871.9,309.05
Bangalore,Whitefield,Independent House,3,2,2331,0,2,1,Semi-Furnished,1,Yes,2.4,6,10680.82,248.97
Mumbai,Juhu,Apartment,1,1,450,12,18,3,Semi-Furnished,2,Yes,3.8,5,58313.33,262.41
Hyderabad,HITEC City,Villa,4,3,3167,0,2,3,Semi-Furnished,2,Yes,1.9,6,17952.64,568.56
Mumbai,Thane West,Apartment,3,3,1954,2,29,2,Unfurnished,1,Yes,4.8,7,13615.66,266.05
Delhi NCR,Gurgaon Cyber City,Apartment,2,1,1330,4,9,0,Semi-Furnished,1,Yes,1.7,7,19507.52,259.45
Delhi NCR,Vasant Kunj,Apartment,2,2,1310,14,28,3,Furnished,2,Yes,4.1,6,28932.82,379.02
Pune,Wakad,Apartment,3,3,1408,9,18,14,Unfurnished,1,No,0.6,7,6578.84,92.63
Pune,Baner,Apartment,2,1,1030,4,12,0,Furnished,2,Yes,0.4,7,13905.83,143.23
Bangalore,Indiranagar,Apartment,2,2,1181,12,20,2,Furnished,1,Yes,2.1,6,28804.4,340.18
Mumbai,Bandra West,Studio,1,1,491,10,15,7,Furnished,0,No,3.5,8,38114.05,187.14
Hyderabad,Gachibowli,Independent House,4,4,2365,0,2,1,Semi-Furnished,1,No,2.4,6,11485.84,271.64
Delhi NCR,Gurgaon Cyber City,Apartment,2,2,1163,1,5,2,Furnished,1,Yes,4.4,5,21673.26,252.06
Chennai,OMR IT Corridor,Apartment,1,1,502,19,23,0,Furnished,2,Yes,6.6,7,9422.31,47.3
Chennai,Anna Nagar,Penthouse,4,4,3399,38,38,0,Furnished,2,Yes,1.5,9,34663.14,1178.2
Chennai,Anna Nagar,Apartment,1,1,845,5,7,4,Furnished,1,Yes,0.6,7,15782.25,133.36
Delhi NCR,Gurgaon Cyber City,Apartment,3,2,1601,8,12,0,Semi-Furnished,1,Yes,2.4,9,21755.78,348.31
Bangalore,Hebbal,Villa,4,3,2577,0,1,14,Unfurnished,2,Yes,0.3,9,15271.25,393.54
Hyderabad,Jubilee Hills,Independent House,5,5,3008,0,2,2,Semi-Furnished,1,Yes,2.5,7,28816.16,866.79
Delhi NCR,Vasant Kunj,Apartment,3,2,1607,4,28,3,Furnished,1,Yes,4.8,5,24988.8,401.57
Mumbai,Worli,Apartment,3,3,1648,3,24,0,Furnished,1,Yes,3.3,7,44996.36,741.54
Chennai,Anna Nagar,Apartment,2,2,1169,11,22,18,Unfurnished,1,Yes,4.7,7,14326.78,167.48
Chennai,Adyar,Independent House,4,4,2961,0,2,0,Furnished,2,Yes,1.2,6,24978.39,739.61
Delhi NCR,Noida Expressway,Apartment,3,3,1497,4,14,4,Unfurnished,1,No,8.0,3,7728.79,115.7
Mumbai,Navi Mumbai (Vashi),Apartment,1,1,575,19,20,1,Furnished,1,No,1.4,4,13953.04,80.23
Bangalore,Indiranagar,Apartment,2,2,1150,21,23,2,Unfurnished,1,Yes,6.1,8,22909.57,263.46
Hyderabad,Gachibowli,Apartment,3,2,1742,14,23,10,Semi-Furnished,1,Yes,7.8,10,12238.23,213.19
Kolkata,Salt Lake Sector V,Studio,1,1,470,18,21,3,Semi-Furnished,1,Yes,2.9,9,10855.32,51.02
Mumbai,Navi Mumbai (Vashi),Villa,5,4,3450,0,3,7,Semi-Furnished,1,Yes,1.0,6,22184.06,765.35
Mumbai,Bandra West,Independent House,5,5,3572,0,2,5,Semi-Furnished,2,No,2.1,10,52332.87,1869.33
Chennai,OMR IT Corridor,Apartment,1,1,610,13,13,1,Furnished,1,Yes,2.8,10,10757.38,65.62
Bangalore,Indiranagar,Apartment,3,2,1484,2,7,0,Semi-Furnished,0,Yes,1.5,5,21235.85,315.14
Delhi NCR,Gurgaon Golf Course Rd,Apartment,3,3,1624,6,7,3,Semi-Furnished,2,Yes,4.8,7,32482.14,527.51
Ahmedabad,Bodakdev,Apartment,3,3,1625,9,24,7,Furnished,1,Yes,4.9,6,12587.69,204.55
Mumbai,Juhu,Studio,1,1,364,1,4,3,Furnished,1,Yes,6.6,6,40887.36,148.83
Pune,Kalyani Nagar,Apartment,2,2,1062,5,24,5,Semi-Furnished,1,Yes,4.0,3,14577.21,154.81
Mumbai,Thane West,Apartment,3,2,1431,7,15,4,Furnished,1,Yes,0.4,6,15200.56,217.52
Bangalore,Whitefield,Apartment,4,4,2129,3,7,1,Semi-Furnished,1,Yes,1.6,9,12179.43,259.3
Hyderabad,HITEC City,Independent House,3,3,1902,0,2,9,Furnished,2,Yes,2.6,8,15761.3,299.78
Delhi NCR,Vasant Kunj,Apartment,1,1,706,11,25,2,Semi-Furnished,1,Yes,6.8,6,27566.57,194.62
Ahmedabad,SG Highway,Apartment,2,1,1155,1,15,1,Furnished,0,Yes,1.6,5,8734.2,100.88
Delhi NCR,Noida Sector 62,Apartment,3,3,1425,13,23,8,Semi-Furnished,2,Yes,0.3,5,8522.11,121.44
Bangalore,Hebbal,Penthouse,4,4,2987,20,20,0,Furnished,2,Yes,0.5,5,19039.5,568.71
Bangalore,Koramangala,Apartment,3,2,1532,9,25,3,Furnished,1,Yes,1.0,6,18368.8,281.41
Bangalore,HSR Layout,Penthouse,5,5,4348,26,27,9,Furnished,3,Yes,0.6,6,21851.2,950.09
Bangalore,Hebbal,Villa,3,3,2084,0,2,9,Unfurnished,2,No,2.2,7,15545.59,323.97
Mumbai,Navi Mumbai (Vashi),Apartment,2,1,1315,2,21,2,Furnished,1,Yes,2.8,6,13507.98,177.63
Bangalore,Indiranagar,Villa,4,4,2867,0,2,2,Semi-Furnished,3,Yes,1.8,6,34519.01,989.66
Delhi NCR,Noida Sector 62,Apartment,3,3,1753,15,22,0,Furnished,1,Yes,7.9,9,9614.95,168.55
Hyderabad,Madhapur,Studio,1,1,522,10,14,4,Furnished,1,Yes,3.7,8,11432.95,59.68
Pune,Koregaon Park,Apartment,2,2,775,29,30,2,Semi-Furnished,0,No,0.8,10,17788.39,137.86
Pune,Baner,Apartment,4,4,1971,1,12,14,Semi-Furnished,1,Yes,2.8,4,10414.51,205.27
Mumbai,Navi Mumbai (Vashi),Apartment,2,2,961,20,24,9,Unfurnished,0,Yes,3.9,9,13784.6,132.47
Mumbai,Juhu,Apartment,2,2,1183,12,28,0,Unfurnished,2,No,1.3,7,51999.15,615.15
Pune,Wakad,Studio,1,1,421,11,14,2,Semi-Furnished,0,No,4.1,7,7907.36,33.29
Delhi NCR,South Extension,Apartment,2,2,890,3,10,1,Semi-Furnished,1,Yes,5.3,8,26522.47,236.05
Mumbai,Andheri East,Independent House,4,4,3089,0,3,7,Semi-Furnished,2,Yes,2.5,6,28045.97,866.34
Hyderabad,Madhapur,Apartment,2,2,1070,6,29,5,Semi-Furnished,1,Yes,2.3,9,13331.78,142.65
Hyderabad,Gachibowli,Studio,1,1,320,6,12,5,Unfurnished,1,Yes,5.0,3,8650.0,27.68
Delhi NCR,Vasant Kunj,Apartment,4,4,2163,22,27,1,Semi-Furnished,0,Yes,2.5,6,29153.49,630.59
Mumbai,Thane West,Apartment,4,4,2337,8,13,4,Semi-Furnished,1,Yes,1.3,7,16097.56,376.2
Hyderabad,Madhapur,Apartment,4,4,2089,18,19,12,Furnished,0,Yes,2.1,7,13004.31,271.66
Delhi NCR,Noida Sector 62,Independent House,4,3,3212,0,2,0,Furnished,2,Yes,1.8,4,10365.5,332.94
Hyderabad,Gachibowli,Apartment,2,2,736,5,5,1,Unfurnished,0,Yes,0.4,5,13040.76,95.98
Hyderabad,Banjara Hills,Apartment,2,2,743,17,19,2,Furnished,1,Yes,7.1,10,29636.61,220.2
Hyderabad,Madhapur,Apartment,2,1,1197,8,8,7,Semi-Furnished,1,Yes,2.0,9,13480.37,161.36
Delhi NCR,Gurgaon Golf Course Rd,Independent House,3,2,2137,0,2,5,Furnished,2,Yes,1.2,5,37461.39,800.55
Mumbai,Andheri East,Apartment,4,4,1929,4,28,2,Unfurnished,2,Yes,0.4,6,23880.25,460.65
Pune,Hinjewadi,Apartment,2,2,1153,14,25,2,Furnished,1,Yes,2.6,8,10751.08,123.96
Pune,Hinjewadi,Apartment,2,1,1062,18,28,2,Unfurnished,2,Yes,0.9,3,8438.79,89.62
Hyderabad,Madhapur,Penthouse,6,6,5500,20,20,10,Furnished,3,Yes,2.8,8,23573.09,1296.52
Mumbai,Bandra West,Studio,1,1,374,2,17,1,Unfurnished,0,Yes,5.2,5,42048.13,157.26
Mumbai,Bandra West,Apartment,3,2,1635,9,19,10,Semi-Furnished,0,Yes,1.0,5,45161.47,738.39
Chennai,Boat Club Road,Apartment,2,1,1558,6,7,2,Furnished,0,Yes,1.3,7,38747.11,603.68
Hyderabad,HITEC City,Apartment,2,2,984,5,7,13,Semi-Furnished,1,Yes,0.9,5,12224.59,120.29
Kolkata,New Town,Apartment,2,1,1381,18,19,1,Furnished,0,Yes,0.9,9,10084.72,139.27
Hyderabad,HITEC City,Apartment,3,2,1582,4,10,1,Furnished,2,Yes,8.6,7,15391.28,243.49
Delhi NCR,Noida Expressway,Independent House,4,3,3330,0,2,5,Unfurnished,2,Yes,0.7,5,8956.76,298.26
Pune,Koregaon Park,Apartment,2,2,1132,7,7,0,Semi-Furnished,1,Yes,0.3,6,20466.43,231.68
Chennai,Adyar,Studio,1,1,433,6,7,8,Semi-Furnished,0,Yes,7.3,6,17545.03,75.97
Delhi NCR,Noida Expressway,Apartment,4,4,2117,3,7,9,Furnished,0,Yes,4.3,10,9436.94,199.78
Pune,Koregaon Park,Independent House,4,4,2724,0,1,1,Semi-Furnished,3,Yes,2.5,9,22409.32,610.43
Mumbai,Worli,Apartment,2,1,1110,6,7,2,Unfurnished,2,Yes,0.7,7,49668.47,551.32
Delhi NCR,Gurgaon Golf Course Rd,Apartment,1,1,701,1,19,0,Semi-Furnished,1,Yes,2.0,8,31881.6,223.49
Pune,Baner,Apartment,2,2,1297,3,6,3,Unfurnished,0,Yes,1.0,9,13192.75,171.11
Bangalore,Indiranagar,Apartment,3,3,1484,6,10,1,Unfurnished,1,Yes,1.1,7,19661.05,291.77
Mumbai,Worli,Apartment,2,1,1078,3,12,10,Furnished,1,Yes,8.4,6,47954.55,516.95
Bangalore,HSR Layout,Independent House,4,4,3194,0,2,6,Furnished,2,Yes,1.7,6,15675.02,500.66
Bangalore,Hebbal,Studio,1,1,375,3,23,10,Unfurnished,0,No,6.6,5,7978.67,29.92
Mumbai,Navi Mumbai (Vashi),Apartment,2,1,1252,4,8,9,Semi-Furnished,0,No,2.0,6,13562.3,169.8
Delhi NCR,South Extension,Apartment,2,1,1236,4,13,1,Furnished,1,Yes,1.5,7,29784.79,368.14
Kolkata,Ballygunge,Apartment,2,2,1322,4,11,4,Furnished,2,Yes,0.8,9,18792.74,248.44
Delhi NCR,South Extension,Apartment,3,3,1688,8,18,18,Semi-Furnished,0,Yes,5.9,6,24652.25,416.13
Mumbai,Bandra West,Apartment,3,2,1694,8,15,11,Semi-Furnished,1,Yes,3.9,6,38226.68,647.56
Mumbai,Navi Mumbai (Vashi),Villa,3,2,1792,0,1,0,Furnished,3,Yes,2.0,10,25705.36,460.64
Pune,Baner,Studio,1,1,456,2,10,0,Furnished,0,Yes,1.8,6,11015.35,50.23
Bangalore,HSR Layout,Studio,1,1,474,9,17,1,Unfurnished,0,Yes,2.0,7,12860.76,60.96
Chennai,Boat Club Road,Apartment,3,3,1650,7,12,6,Semi-Furnished,1,Yes,6.8,7,30824.24,508.6
Pune,Hinjewadi,Penthouse,4,4,3634,33,33,0,Semi-Furnished,3,Yes,1.6,5,13578.98,493.46
Hyderabad,Madhapur,Independent House,4,4,2700,0,2,13,Semi-Furnished,2,No,2.9,5,11809.63,318.86
Bangalore,Indiranagar,Apartment,3,3,1296,8,13,1,Semi-Furnished,0,Yes,2.4,5,17962.96,232.8
Pune,Hinjewadi,Apartment,2,1,1081,11,13,2,Semi-Furnished,0,No,1.8,5,6677.15,72.18
Bangalore,Whitefield,Villa,3,2,2280,0,2,0,Semi-Furnished,2,Yes,2.6,7,13699.56,312.35
Kolkata,New Town,Apartment,3,2,1654,10,28,1,Furnished,2,Yes,3.0,7,7284.76,120.49
Pune,Wakad,Apartment,3,3,1482,4,23,1,Semi-Furnished,1,Yes,2.8,4,8738.87,129.51
Bangalore,Whitefield,Apartment,2,2,928,17,23,1,Semi-Furnished,1,Yes,2.4,5,10182.11,94.49
Bangalore,Electronic City,Apartment,2,2,852,3,15,0,Unfurnished,0,Yes,1.2,4,6853.29,58.39
Mumbai,Bandra West,Apartment,2,2,1086,6,17,5,Semi-Furnished,2,Yes,1.1,5,47007.37,510.5
Pune,Wakad,Penthouse,3,3,2200,22,23,0,Unfurnished,3,Yes,3.6,7,15526.82,341.59
Mumbai,Juhu,Independent House,3,3,2665,0,3,10,Unfurnished,2,Yes,6.7,5,44743.34,1192.41
Delhi NCR,South Extension,Independent House,4,4,2819,0,3,3,Furnished,1,No,2.0,7,29506.21,831.78
Bangalore,Electronic City,Apartment,2,2,1238,1,18,1,Semi-Furnished,1,Yes,10.8,3,7145.4,88.46
Pune,Baner,Independent House,4,3,2455,0,2,2,Semi-Furnished,1,No,3.9,6,13193.48,323.9
Hyderabad,Jubilee Hills,Apartment,1,1,705,5,8,5,Unfurnished,1,Yes,6.6,5,24582.98,173.31
Hyderabad,Madhapur,Apartment,3,2,1487,12,19,3,Semi-Furnished,1,Yes,3.5,8,13092.13,194.68
Hyderabad,Jubilee Hills,Apartment,2,1,1185,4,10,6,Semi-Furnished,1,Yes,1.9,7,20843.04,246.99
Mumbai,Thane West,Apartment,3,2,1832,12,15,5,Semi-Furnished,1,No,1.7,8,15331.88,280.88
Mumbai,Bandra West,Apartment,1,1,983,10,23,1,Furnished,1,Yes,5.5,5,42818.92,420.91
Pune,Koregaon Park,Apartment,1,1,907,8,21,0,Furnished,0,Yes,3.2,4,19619.63,177.95
Bangalore,Electronic City,Apartment,2,1,1013,12,15,4,Semi-Furnished,1,No,1.0,8,5832.18,59.08
Delhi NCR,Vasant Kunj,Apartment,3,2,1451,21,22,3,Semi-Furnished,2,No,0.7,4,22394.9,324.95
Mumbai,Juhu,Studio,1,1,468,1,4,1,Semi-Furnished,0,Yes,2.1,6,46408.12,217.19
Bangalore,Whitefield,Apartment,3,3,1581,27,27,6,Semi-Furnished,0,Yes,0.9,4,10370.02,163.95
Mumbai,Andheri East,Independent House,3,2,2239,0,2,8,Furnished,2,Yes,3.5,6,23857.97,534.18
Chennai,Adyar,Apartment,2,1,1072,5,8,1,Semi-Furnished,0,Yes,5.0,10,25180.04,269.93
Bangalore,Whitefield,Apartment,2,2,1057,7,15,0,Furnished,1,Yes,6.9,6,11616.84,122.79
Delhi NCR,Noida Expressway,Studio,1,1,499,1,6,1,Unfurnished,0,No,1.9,6,8913.83,44.48
Mumbai,Juhu,Apartment,4,4,2041,13,14,0,Unfurnished,1,Yes,9.3,8,44425.77,906.73
Pune,Wakad,Apartment,3,2,1852,15,17,5,Semi-Furnished,1,Yes,8.1,5,8937.9,165.53
Bangalore,HSR Layout,Independent House,4,4,2823,0,2,2,Furnished,1,No,0.8,9,21701.38,612.63
Chennai,OMR IT Corridor,Apartment,3,3,1716,8,14,6,Furnished,2,Yes,0.4,7,9504.08,163.09
Chennai,Boat Club Road,Villa,3,2,2437,0,2,2,Semi-Furnished,2,Yes,0.9,7,47707.02,1162.62
Bangalore,Koramangala,Apartment,3,2,1232,4,5,4,Semi-Furnished,1,Yes,0.8,7,20286.53,249.93
Kolkata,Ballygunge,Apartment,2,1,1157,7,13,10,Semi-Furnished,0,Yes,1.6,3,16325.84,188.89
Ahmedabad,Satellite,Apartment,2,1,1220,7,28,2,Furnished,0,Yes,1.5,9,10585.25,129.14
Chennai,Velachery,Apartment,1,1,673,7,11,2,Semi-Furnished,1,Yes,5.4,6,9561.66,64.35
Chennai,Boat Club Road,Penthouse,3,3,2801,28,28,3,Semi-Furnished,3,Yes,2.3,5,46277.4,1296.23
Bangalore,Hebbal,Independent House,5,4,3161,0,2,0,Semi-Furnished,2,Yes,3.0,5,17773.49,561.82
Delhi NCR,Vasant Kunj,Apartment,2,1,1341,6,15,3,Semi-Furnished,2,Yes,1.0,7,22085.76,296.17
Mumbai,Worli,Apartment,1,1,964,12,27,5,Furnished,2,Yes,1.3,8,51899.38,500.31
Mumbai,Andheri East,Independent House,3,2,1918,0,3,6,Semi-Furnished,2,Yes,2.0,7,28494.26,546.52
Ahmedabad,Bodakdev,Apartment,2,1,1267,2,5,0,Unfurnished,0,Yes,4.6,6,9745.07,123.47
Bangalore,Whitefield,Apartment,2,2,1139,2,12,8,Semi-Furnished,0,Yes,9.8,8,9069.36,103.3
Hyderabad,Banjara Hills,Apartment,2,1,834,9,14,0,Unfurnished,1,Yes,5.1,8,24805.76,206.88
Hyderabad,Banjara Hills,Apartment,3,2,1815,7,10,8,Semi-Furnished,1,No,7.5,8,19055.1,345.85
Chennai,Anna Nagar,Independent House,4,4,2678,0,2,2,Furnished,2,No,2.8,6,19848.77,531.55
Ahmedabad,Prahlad Nagar,Studio,1,1,490,8,17,3,Semi-Furnished,1,Yes,2.9,7,10059.18,49.29
Bangalore,Indiranagar,Apartment,3,2,1206,5,7,0,Semi-Furnished,2,Yes,1.7,7,21508.29,259.39
Mumbai,Navi Mumbai (Vashi),Apartment,2,2,1058,4,27,3,Semi-Furnished,0,No,2.8,6,17780.72,188.12
Bangalore,HSR Layout,Apartment,3,3,1666,2,7,4,Furnished,1,Yes,1.7,6,15160.26,252.57
Mumbai,Juhu,Apartment,2,1,1068,1,4,3,Semi-Furnished,1,Yes,6.5,7,56126.4,599.43
Mumbai,Bandra West,Apartment,3,2,1546,2,7,3,Furnished,1,No,5.1,4,43272.32,668.99
Bangalore,Whitefield,Villa,4,3,3011,0,2,0,Furnished,2,Yes,0.6,4,15092.99,454.45
Hyderabad,Madhapur,Apartment,2,2,916,3,4,3,Semi-Furnished,1,Yes,3.4,9,13635.37,124.9
Delhi NCR,South Extension,Apartment,1,1,724,18,31,5,Furnished,1,Yes,1.0,5,30102.21,217.94
Bangalore,Whitefield,Apartment,3,2,1261,17,18,6,Unfurnished,0,Yes,12.6,5,10511.5,132.55
Pune,Koregaon Park,Apartment,2,2,1004,1,4,1,Semi-Furnished,2,Yes,0.8,10,20728.09,208.11
Bangalore,Koramangala,Apartment,3,3,1486,11,31,4,Semi-Furnished,2,Yes,0.6,9,22971.74,341.36
Mumbai,Bandra West,Independent House,3,3,1898,0,1,2,Semi-Furnished,2,Yes,4.1,8,40499.47,768.68
Hyderabad,HITEC City,Apartment,2,2,1204,1,15,11,Semi-Furnished,1,Yes,4.2,4,11261.63,135.59
Pune,Baner,Independent House,4,4,2473,0,2,0,Furnished,1,Yes,3.7,5,13438.33,332.33
Hyderabad,HITEC City,Apartment,2,1,1253,2,9,1,Unfurnished,0,Yes,0.4,6,12351.96,154.77
Mumbai,Worli,Apartment,1,1,834,17,26,12,Semi-Furnished,1,Yes,0.4,5,41473.62,345.89
Chennai,OMR IT Corridor,Apartment,2,1,1075,20,23,2,Unfurnished,1,Yes,8.7,8,6662.33,71.62
Pune,Hinjewadi,Apartment,2,2,1076,12,24,7,Semi-Furnished,1,No,4.6,7,7733.27,83.21
Delhi NCR,Vasant Kunj,Apartment,2,2,971,21,29,1,Furnished,1,Yes,1.0,7,24636.46,239.22
Pune,Hinjewadi,Apartment,3,2,1678,4,15,5,Semi-Furnished,2,Yes,2.6,7,9100.72,152.71
Chennai,Boat Club Road,Independent House,3,3,2371,0,2,3,Furnished,1,No,0.7,8,37851.96,897.47
Delhi NCR,Gurgaon Cyber City,Independent House,3,2,1945,0,2,3,Semi-Furnished,2,No,4.0,8,24759.9,481.58
Delhi NCR,Noida Sector 62,Apartment,2,2,954,20,25,15,Furnished,1,Yes,4.2,9,10766.25,102.71
Ahmedabad,Bopal,Apartment,2,2,1100,21,26,1,Semi-Furnished,1,Yes,1.8,7,6954.55,76.5
Hyderabad,Jubilee Hills,Apartment,4,3,1991,3,5,8,Unfurnished,1,Yes,1.9,5,23352.08,464.94
Delhi NCR,Gurgaon Golf Course Rd,Apartment,2,2,810,22,27,5,Semi-Furnished,1,Yes,3.2,2,30385.19,246.12
Pune,Hinjewadi,Apartment,2,2,1154,9,16,6,Unfurnished,2,Yes,2.7,6,7880.42,90.94
Bangalore,Hebbal,Penthouse,4,5,3212,41,41,6,Semi-Furnished,3,Yes,2.5,6,20122.67,646.34
Bangalore,HSR Layout,Apartment,2,2,955,12,20,21,Semi-Furnished,0,Yes,2.5,6,13241.88,126.46
Delhi NCR,Gurgaon Golf Course Rd,Apartment,2,2,893,19,24,5,Unfurnished,1,Yes,6.6,7,31351.62,279.97
Kolkata,Alipore,Apartment,2,2,1243,1,8,0,Unfurnished,1,Yes,0.7,7,24010.46,298.45
Kolkata,Alipore,Apartment,1,1,802,7,24,2,Semi-Furnished,1,Yes,0.3,7,28246.88,226.54
Bangalore,HSR Layout,Independent House,3,3,2204,0,1,9,Furnished,1,Yes,0.5,9,19754.08,435.38
Delhi NCR,Vasant Kunj,Apartment,1,1,864,1,17,2,Semi-Furnished,0,No,2.0,7,20825.23,179.93
Mumbai,Navi Mumbai (Vashi),Apartment,4,3,1840,12,12,7,Furnished,0,Yes,0.6,4,15562.5,286.35
Ahmedabad,SG Highway,Independent House,4,4,2263,0,2,3,Semi-Furnished,2,Yes,0.8,8,9314.63,210.79
Ahmedabad,SG Highway,Apartment,2,2,968,1,9,12,Semi-Furnished,0,Yes,8.6,8,7627.07,73.83
Pune,Wakad,Independent House,3,2,1801,0,3,0,Unfurnished,2,Yes,2.0,5,11043.31,198.89
Hyderabad,Banjara Hills,Apartment,4,4,1928,3,5,21,Unfurnished,2,Yes,0.7,4,18654.56,359.66
Pune,Koregaon Park,Apartment,2,1,976,13,29,3,Semi-Furnished,1,Yes,1.0,7,16853.48,164.49
Delhi NCR,Noida Expressway,Independent House,4,4,2811,0,2,0,Furnished,3,Yes,2.5,7,13699.04,385.08
Mumbai,Bandra West,Apartment,3,3,1281,18,18,6,Unfurnished,1,Yes,0.3,10,51565.96,660.56
Delhi NCR,Vasant Kunj,Apartment,3,3,1536,1,4,0,Furnished,1,Yes,0.4,6,26072.92,400.48
Pune,Kalyani Nagar,Apartment,1,1,715,9,10,1,Semi-Furnished,0,Yes,1.0,6,15334.27,109.64
Pune,Koregaon Park,Apartment,2,1,1191,11,14,21,Furnished,1,No,11.1,7,12586.9,149.91
Bangalore,Electronic City,Independent House,4,3,2847,0,2,7,Semi-Furnished,1,Yes,1.0,6,7846.51,223.39
Kolkata,New Town,Penthouse,4,4,3312,27,27,1,Unfurnished,2,Yes,4.5,6,10801.03,357.73
Mumbai,Bandra West,Studio,1,1,436,7,9,4,Furnished,0,Yes,7.3,6,34454.13,150.22
Delhi NCR,Gurgaon Cyber City,Independent House,4,3,2875,0,2,9,Semi-Furnished,3,Yes,0.6,6,22507.48,647.09
Pune,Koregaon Park,Apartment,2,2,1240,4,21,0,Furnished,1,Yes,2.0,8,21975.0,272.49
Pune,Koregaon Park,Apartment,2,2,1165,11,27,1,Unfurnished,0,Yes,8.7,5,17554.51,204.51
Pune,Hinjewadi,Apartment,2,1,1044,9,18,7,Unfurnished,1,Yes,6.1,8,7102.49,74.15
Bangalore,Electronic City,Apartment,3,3,1554,22,30,0,Furnished,0,No,1.2,6,6562.42,101.98
Mumbai,Bandra West,Apartment,2,2,1079,3,16,6,Furnished,1,Yes,0.3,7,44998.15,485.53
Pune,Hinjewadi,Penthouse,4,4,3364,18,18,1,Semi-Furnished,3,Yes,4.1,5,11204.52,376.92
Delhi NCR,South Extension,Apartment,2,2,1037,4,25,18,Semi-Furnished,1,Yes,1.1,7,23298.94,241.61
Mumbai,Thane West,Apartment,3,3,1513,8,11,13,Semi-Furnished,1,Yes,1.2,6,13754.79,208.11
Pune,Koregaon Park,Apartment,2,1,1183,28,31,15,Furnished,1,Yes,1.4,8,17590.03,208.09
Delhi NCR,Gurgaon Cyber City,Villa,4,4,3116,0,3,2,Furnished,2,Yes,4.7,8,28129.01,876.5
Pune,Kalyani Nagar,Independent House,3,2,2280,0,1,0,Semi-Furnished,2,Yes,6.6,7,20561.84,468.81
Chennai,Anna Nagar,Independent House,3,3,2249,0,1,0,Furnished,3,Yes,8.6,9,23551.36,529.67
Mumbai,Andheri East,Apartment,3,2,1795,9,9,0,Unfurnished,2,Yes,3.6,9,29169.36,523.59
Mumbai,Andheri East,Villa,4,4,2689,0,3,7,Furnished,3,Yes,6.2,4,34375.23,924.35
Hyderabad,Banjara Hills,Apartment,2,1,1214,6,11,0,Furnished,1,Yes,2.5,7,28239.7,342.83
Pune,Baner,Penthouse,3,4,2513,44,44,2,Unfurnished,2,Yes,1.5,7,18569.04,466.64
Pune,Baner,Apartment,1,1,767,6,14,4,Semi-Furnished,1,Yes,1.0,4,10840.94,83.15
Chennai,Boat Club Road,Apartment,3,3,1962,10,28,10,Semi-Furnished,2,Yes,1.7,7,26831.29,526.43
Hyderabad,Jubilee Hills,Apartment,3,2,1385,3,14,1,Furnished,1,Yes,1.0,6,27537.91,381.4
Ahmedabad,Satellite,Independent House,5,5,3356,0,2,6,Semi-Furnished,2,Yes,1.9,7,8928.49,299.64
Delhi NCR,Noida Sector 62,Apartment,3,2,1816,2,7,22,Semi-Furnished,1,Yes,4.1,5,7681.72,139.5
Delhi NCR,South Extension,Penthouse,4,5,3514,37,37,1,Furnished,2,Yes,0.9,6,45031.59,1582.41
Bangalore,HSR Layout,Apartment,2,2,1212,13,13,11,Unfurnished,1,Yes,2.1,7,15511.55,188.0
Mumbai,Bandra West,Apartment,2,2,984,17,29,4,Semi-Furnished,1,Yes,2.0,6,49198.17,484.11
Delhi NCR,Noida Expressway,Apartment,2,1,1039,13,15,5,Semi-Furnished,1,Yes,4.2,6,9615.01,99.9
Bangalore,Koramangala,Apartment,3,2,1797,2,9,4,Semi-Furnished,1,Yes,1.1,9,22744.02,408.71
Kolkata,Park Street,Apartment,1,1,772,2,8,22,Semi-Furnished,1,Yes,6.9,6,14479.27,111.78
Delhi NCR,Noida Expressway,Apartment,3,3,1610,21,24,1,Furnished,0,Yes,1.2,8,10513.66,169.27
Delhi NCR,Noida Expressway,Independent House,3,3,1844,0,2,1,Semi-Furnished,2,Yes,3.8,8,14027.11,258.66
Bangalore,Electronic City,Apartment,3,2,1012,3,6,0,Semi-Furnished,2,Yes,1.1,7,7832.02,79.26
Mumbai,Juhu,Studio,1,1,370,2,13,0,Semi-Furnished,1,Yes,0.7,6,42259.46,156.36
Mumbai,Andheri East,Apartment,4,4,2053,7,8,0,Semi-Furnished,1,Yes,0.6,9,27586.46,566.35
Delhi NCR,South Extension,Villa,3,3,1779,0,3,0,Semi-Furnished,2,Yes,1.5,9,40724.0,724.48
Mumbai,Andheri East,Apartment,3,3,1606,7,11,6,Unfurnished,1,Yes,2.2,9,21628.27,347.35
Pune,Koregaon Park,Apartment,2,2,1282,3,8,4,Furnished,1,Yes,0.8,5,18868.95,241.9
Chennai,Boat Club Road,Apartment,3,3,1305,3,5,2,Semi-Furnished,1,Yes,1.5,7,32039.08,418.11
Chennai,Anna Nagar,Apartment,3,2,1779,3,14,3,Semi-Furnished,1,No,0.7,8,18176.5,323.36
Pune,Wakad,Penthouse,4,5,3778,24,24,6,Semi-Furnished,2,Yes,7.5,4,13646.37,515.56
Mumbai,Juhu,Apartment,4,3,2091,10,25,2,Semi-Furnished,1,Yes,0.8,7,54944.52,1148.89
Chennai,Velachery,Apartment,3,3,1708,7,18,6,Furnished,1,Yes,1.2,8,11129.98,190.1
Chennai,OMR IT Corridor,Villa,3,3,2002,0,1,6,Semi-Furnished,2,Yes,0.4,6,10454.05,209.29
Mumbai,Navi Mumbai (Vashi),Apartment,3,3,1286,3,19,5,Furnished,1,No,2.1,8,15974.34,205.43
Hyderabad,Gachibowli,Independent House,4,4,2455,0,2,8,Unfurnished,1,No,0.6,2,10056.62,246.89
Bangalore,Hebbal,Apartment,2,2,815,3,20,0,Furnished,2,Yes,3.8,7,13269.94,108.15
Hyderabad,Banjara Hills,Villa,3,3,1812,0,1,9,Unfurnished,2,Yes,1.1,9,33948.12,615.14
Ahmedabad,Prahlad Nagar,Apartment,1,1,678,16,18,4,Semi-Furnished,1,Yes,5.1,9,11252.21,76.29
Mumbai,Thane West,Apartment,1,1,518,15,27,17,Semi-Furnished,1,Yes,0.7,7,11971.04,62.01
Chennai,OMR IT Corridor,Apartment,1,1,803,14,15,1,Semi-Furnished,1,Yes,1.8,7,8714.82,69.98
Pune,Wakad,Studio,1,1,506,3,11,0,Unfurnished,0,No,2.2,6,7213.44,36.5
Ahmedabad,SG Highway,Apartment,1,1,692,9,9,5,Unfurnished,0,No,4.1,7,6732.66,46.59
Delhi NCR,Gurgaon Golf Course Rd,Apartment,1,1,554,17,17,9,Furnished,1,Yes,3.0,4,29909.75,165.7
Chennai,OMR IT Corridor,Independent House,3,3,2114,0,2,2,Semi-Furnished,1,Yes,11.5,6,8458.37,178.81
Mumbai,Worli,Penthouse,4,4,3349,20,20,2,Semi-Furnished,3,Yes,3.9,7,77541.65,2596.87
Bangalore,Koramangala,Villa,4,4,2702,0,2,13,Furnished,2,No,4.6,6,21994.82,594.3
Mumbai,Thane West,Studio,1,1,429,6,17,4,Semi-Furnished,1,No,2.7,8,11209.79,48.09
Ahmedabad,SG Highway,Apartment,3,3,1576,1,9,0,Unfurnished,1,Yes,7.7,5,8817.26,138.96
Hyderabad,HITEC City,Apartment,2,2,1219,12,12,6,Semi-Furnished,1,Yes,4.9,6,14044.3,171.2
Chennai,Adyar,Independent House,3,3,2350,0,2,5,Semi-Furnished,3,No,1.2,6,22727.23,534.09
Kolkata,Alipore,Villa,3,3,2285,0,1,7,Semi-Furnished,1,Yes,2.5,6,31558.42,721.11
Mumbai,Worli,Apartment,1,1,880,26,27,7,Semi-Furnished,1,Yes,1.8,7,52262.5,459.91
Bangalore,Whitefield,Apartment,3,3,1470,13,20,0,Furnished,2,Yes,4.4,7,10769.39,158.31
Mumbai,Bandra West,Villa,3,2,2016,0,2,2,Semi-Furnished,3,Yes,4.5,6,60894.35,1227.63
Mumbai,Juhu,Apartment,2,2,1146,7,7,0,Unfurnished,1,Yes,0.6,8,58558.46,671.08
Bangalore,Hebbal,Apartment,1,1,682,6,11,3,Semi-Furnished,1,Yes,4.9,10,11560.12,78.84
Delhi NCR,Noida Sector 62,Apartment,4,4,1815,6,25,5,Furnished,1,No,3.4,5,8146.56,147.86
Bangalore,Hebbal,Apartment,2,1,1078,20,23,1,Furnished,2,Yes,1.0,6,15771.8,170.02
Mumbai,Juhu,Independent House,4,3,2719,0,2,8,Furnished,2,No,3.1,4,50790.0,1380.98
Mumbai,Bandra West,Apartment,2,2,1045,11,11,2,Semi-Furnished,1,Yes,1.8,7,51954.07,542.92
Mumbai,Bandra West,Independent House,3,3,1752,0,2,0,Semi-Furnished,2,No,2.9,6,45302.51,793.7
Ahmedabad,Bodakdev,Apartment,2,1,1046,15,17,14,Furnished,1,No,4.9,5,8828.87,92.35
Hyderabad,Jubilee Hills,Apartment,1,1,880,1,4,5,Unfurnished,1,Yes,1.2,6,22027.27,193.84
Ahmedabad,Satellite,Independent House,3,2,2390,0,2,0,Semi-Furnished,2,Yes,3.5,8,10661.92,254.82
Delhi NCR,Noida Sector 62,Apartment,2,2,1054,14,30,6,Semi-Furnished,2,Yes,4.9,7,10004.74,105.45
Bangalore,Hebbal,Apartment,3,3,1457,10,18,1,Unfurnished,1,No,1.6,5,10910.78,158.97
Hyderabad,HITEC City,Apartment,2,2,920,10,14,6,Furnished,1,Yes,2.2,7,12941.3,119.06
Bangalore,Electronic City,Apartment,2,1,1088,9,15,14,Unfurnished,2,Yes,1.7,6,5843.75,63.58
Bangalore,HSR Layout,Apartment,1,1,1040,6,7,13,Furnished,1,Yes,0.5,8,14872.12,154.67
Bangalore,Hebbal,Villa,4,4,2704,0,2,9,Semi-Furnished,2,Yes,1.4,7,15414.57,416.81
Mumbai,Thane West,Independent House,3,3,1813,0,1,8,Unfurnished,2,Yes,8.2,4,13277.44,240.72
Bangalore,Hebbal,Villa,4,3,2733,0,3,1,Unfurnished,3,Yes,0.3,4,17524.7,478.95
Bangalore,Whitefield,Apartment,2,2,1032,2,7,1,Semi-Furnished,1,Yes,4.2,7,9485.47,97.89
Pune,Baner,Apartment,2,2,942,10,12,4,Semi-Furnished,1,Yes,1.8,5,12695.33,119.59
Mumbai,Andheri East,Apartment,3,2,1978,16,29,0,Semi-Furnished,1,Yes,1.4,3,24750.76,489.57
Mumbai,Thane West,Apartment,2,2,1187,27,27,1,Unfurnished,2,Yes,0.5,5,15787.7,187.4
Hyderabad,Banjara Hills,Apartment,1,1,525,12,21,2,Furnished,0,Yes,4.5,5,30226.67,158.69
Mumbai,Thane West,Apartment,2,2,1375,1,4,2,Unfurnished,1,Yes,0.3,4,14282.91,196.39
Bangalore,Electronic City,Studio,1,1,492,18,20,6,Semi-Furnished,0,Yes,2.2,7,6376.02,31.37
Chennai,OMR IT Corridor,Apartment,3,2,1395,16,27,1,Semi-Furnished,1,Yes,1.9,6,7880.29,109.93
Mumbai,Juhu,Apartment,2,2,1305,4,6,5,Semi-Furnished,0,Yes,2.1,6,55580.84,725.33
Mumbai,Bandra West,Villa,3,3,2301,0,3,0,Semi-Furnished,2,Yes,4.9,4,66344.2,1526.58
Delhi NCR,Gurgaon Golf Course Rd,Apartment,3,2,1788,14,16,3,Unfurnished,1,Yes,1.0,6,27591.72,493.34
Bangalore,Whitefield,Villa,3,3,2131,0,2,10,Semi-Furnished,1,Yes,1.9,10,13454.25,286.71
Delhi NCR,Gurgaon Cyber City,Independent House,4,4,2968,0,2,14,Unfurnished,2,Yes,2.3,8,21334.23,633.2
Hyderabad,Jubilee Hills,Studio,1,1,404,7,20,3,Furnished,0,Yes,1.0,6,24366.34,98.44
Mumbai,Bandra West,Apartment,3,2,1695,12,13,1,Semi-Furnished,0,Yes,0.9,6,51597.05,874.57
Delhi NCR,South Extension,Independent House,4,3,2553,0,2,1,Unfurnished,2,No,0.4,9,34839.01,889.44
Delhi NCR,Gurgaon Golf Course Rd,Apartment,2,2,1242,3,24,5,Semi-Furnished,1,Yes,3.8,8,34037.84,422.75
Mumbai,Worli,Independent House,4,4,2802,0,2,0,Semi-Furnished,1,Yes,1.8,7,55880.09,1565.76
Pune,Baner,Apartment,2,2,1106,7,14,3,Semi-Furnished,1,Yes,8.9,4,11594.03,128.23
Bangalore,Koramangala,Apartment,2,2,1233,1,24,13,Unfurnished,1,Yes,5.0,7,16729.12,206.27
Delhi NCR,Gurgaon Golf Course Rd,Apartment,3,3,1421,4,5,4,Unfurnished,2,Yes,2.7,5,32760.73,465.53
Mumbai,Juhu,Apartment,2,2,1022,3,4,4,Furnished,1,Yes,0.4,9,50976.52,520.98
Delhi NCR,Vasant Kunj,Villa,3,3,2005,0,1,2,Unfurnished,2,Yes,3.5,6,28677.81,574.99
Bangalore,Whitefield,Independent House,4,4,3032,0,2,5,Semi-Furnished,2,Yes,10.8,8,10719.66,325.02
Chennai,Adyar,Independent House,4,3,2739,0,2,7,Furnished,1,Yes,1.0,5,22820.01,625.04
Mumbai,Juhu,Apartment,3,3,1855,2,4,14,Unfurnished,2,Yes,3.8,9,51554.72,956.34
Bangalore,Hebbal,Independent House,5,4,3072,0,2,4,Semi-Furnished,3,Yes,8.2,6,15275.07,469.25
Delhi NCR,Noida Expressway,Apartment,3,2,1405,1,8,0,Unfurnished,1,Yes,4.1,9,10362.28,145.59
Hyderabad,Madhapur,Penthouse,6,6,5072,38,39,4,Furnished,3,Yes,1.2,6,24615.54,1248.5
Delhi NCR,Gurgaon Golf Course Rd,Penthouse,4,5,3792,24,24,1,Furnished,3,Yes,1.9,7,55333.86,2098.26
Pune,Baner,Apartment,2,1,1147,11,13,18,Semi-Furnished,1,Yes,0.8,5,9135.14,104.78
Hyderabad,Madhapur,Villa,4,4,2774,0,2,4,Furnished,1,Yes,0.8,7,18001.8,499.37
Chennai,Anna Nagar,Apartment,1,1,622,4,28,8,Semi-Furnished,2,Yes,5.7,7,16483.92,102.53
Bangalore,Indiranagar,Apartment,1,1,450,17,25,5,Furnished,1,No,0.7,6,20526.67,92.37
Delhi NCR,Gurgaon Golf Course Rd,Apartment,2,2,952,19,27,1,Semi-Furnished,1,Yes,0.4,9,36203.78,344.66
Chennai,Boat Club Road,Apartment,2,1,1053,9,15,5,Furnished,2,Yes,0.4,7,26956.32,283.85
Ahmedabad,SG Highway,Villa,3,3,2237,0,2,7,Furnished,3,No,0.7,8,11127.4,248.92
Chennai,Anna Nagar,Apartment,2,1,984,1,4,0,Semi-Furnished,1,Yes,4.0,6,16757.11,164.89
Bangalore,Indiranagar,Apartment,1,1,603,22,26,3,Furnished,0,Yes,1.9,1,21054.73,126.96
Mumbai,Andheri East,Apartment,1,1,450,23,29,12,Semi-Furnished,2,Yes,1.3,3,18442.22,82.99
Delhi NCR,Gurgaon Cyber City,Independent House,3,3,2298,0,2,3,Unfurnished,3,Yes,1.4,4,18287.21,420.24
Hyderabad,Madhapur,Penthouse,6,7,4742,21,21,7,Semi-Furnished,2,Yes,12.5,5,17782.37,843.24
Delhi NCR,Gurgaon Cyber City,Independent House,5,5,2928,0,1,4,Unfurnished,2,Yes,3.3,5,24767.76,725.2
Delhi NCR,South Extension,Independent House,4,4,3170,0,2,0,Furnished,2,No,5.1,4,31640.06,1002.99
Chennai,Anna Nagar,Apartment,1,1,494,5,5,2,Furnished,1,Yes,2.6,5,17653.85,87.21
Bangalore,HSR Layout,Apartment,2,1,988,5,24,1,Unfurnished,1,Yes,5.7,3,15140.69,149.59
Chennai,Velachery,Apartment,2,1,1330,2,17,8,Semi-Furnished,1,Yes,1.8,7,10060.15,133.8
Bangalore,Whitefield,Apartment,2,2,963,12,21,1,Semi-Furnished,0,Yes,1.3,4,8346.83,80.38
Bangalore,Indiranagar,Independent House,4,4,2779,0,1,5,Semi-Furnished,2,Yes,0.8,4,23842.39,662.58
Delhi NCR,Vasant Kunj,Apartment,2,1,1154,13,21,11,Semi-Furnished,1,Yes,2.4,6,21845.75,252.1
Hyderabad,Banjara Hills,Independent House,3,3,1691,0,2,8,Furnished,2,No,4.5,8,27463.04,464.4
Mumbai,Thane West,Apartment,2,1,993,18,26,0,Semi-Furnished,2,No,2.4,6,14900.3,147.96
Mumbai,Andheri East,Apartment,3,3,1352,5,13,12,Semi-Furnished,0,Yes,5.2,6,20438.61,276.33
Ahmedabad,Bodakdev,Apartment,2,1,1272,9,16,1,Semi-Furnished,1,Yes,10.6,7,9452.83,120.24
Mumbai,Worli,Villa,5,5,2937,0,2,2,Unfurnished,3,Yes,1.3,4,63629.21,1868.79
Delhi NCR,Gurgaon Golf Course Rd,Independent House,3,2,1899,0,2,0,Semi-Furnished,2,Yes,7.0,3,38094.26,723.41
Delhi NCR,Gurgaon Cyber City,Penthouse,3,4,2881,43,43,21,Furnished,3,Yes,1.3,7,27036.1,778.91
Delhi NCR,South Extension,Apartment,3,2,1362,11,18,1,Unfurnished,0,Yes,0.5,6,31245.96,425.57
Pune,Koregaon Park,Studio,1,1,430,11,23,4,Semi-Furnished,0,Yes,2.4,5,15444.19,66.41
Bangalore,Koramangala,Apartment,2,2,1021,5,23,0,Semi-Furnished,1,Yes,1.2,6,19264.45,196.69
Delhi NCR,Vasant Kunj,Apartment,2,2,1073,12,27,21,Furnished,0,Yes,7.5,5,22937.56,246.12
Bangalore,Whitefield,Studio,1,1,531,5,12,0,Furnished,0,Yes,1.8,8,9269.3,49.22
Pune,Kalyani Nagar,Apartment,2,2,1353,20,25,3,Semi-Furnished,2,Yes,2.7,9,15712.49,212.59
Mumbai,Thane West,Independent House,3,3,2018,0,1,7,Semi-Furnished,1,Yes,0.4,8,14770.07,298.06
Delhi NCR,Gurgaon Cyber City,Apartment,2,1,1088,2,5,14,Unfurnished,1,Yes,3.3,5,14189.34,154.38
Mumbai,Andheri East,Apartment,2,2,1085,2,9,7,Unfurnished,1,Yes,8.7,7,18200.0,197.47
Bangalore,Electronic City,Penthouse,4,5,3427,32,32,8,Unfurnished,3,Yes,0.6,6,9749.93,334.13
Mumbai,Bandra West,Apartment,2,2,1122,5,7,6,Semi-Furnished,0,Yes,0.3,7,42472.37,476.54
Mumbai,Andheri East,Independent House,3,3,2421,0,2,4,Semi-Furnished,3,Yes,5.4,7,28121.02,680.81
Chennai,OMR IT Corridor,Apartment,3,3,1405,10,14,2,Semi-Furnished,1,Yes,2.1,7,7481.85,105.12
Bangalore,HSR Layout,Independent House,5,5,3230,0,1,6,Furnished,2,Yes,6.1,6,19464.4,628.7
Kolkata,Ballygunge,Apartment,2,1,1389,11,16,18,Furnished,1,Yes,3.0,9,13573.79,188.54
Ahmedabad,Satellite,Apartment,1,1,692,15,18,11,Semi-Furnished,0,Yes,1.8,6,9021.68,62.43
Delhi NCR,Noida Sector 62,Apartment,2,1,1474,8,18,4,Unfurnished,0,Yes,2.9,5,8639.08,127.34
Mumbai,Worli,Apartment,1,1,788,17,24,2,Furnished,1,No,5.9,6,39663.71,312.55
Bangalore,Whitefield,Penthouse,4,5,3685,21,21,2,Furnished,3,Yes,3.5,8,18689.55,688.71
Hyderabad,HITEC City,Apartment,4,4,1856,3,4,5,Unfurnished,2,Yes,1.0,5,11935.34,221.52
Bangalore,HSR Layout,Apartment,2,2,1227,17,23,7,Furnished,2,Yes,2.4,8,19120.62,234.61
Mumbai,Navi Mumbai (Vashi),Apartment,2,1,900,2,5,0,Semi-Furnished,1,Yes,1.3,8,18778.89,169.01
Delhi NCR,Vasant Kunj,Apartment,1,1,519,1,26,3,Semi-Furnished,1,No,0.9,6,23181.12,120.31
Chennai,Anna Nagar,Villa,3,3,1986,0,1,1,Furnished,2,No,3.6,5,26644.01,529.15
Hyderabad,Jubilee Hills,Studio,1,1,534,1,4,2,Unfurnished,1,No,2.0,5,18617.98,99.42
Mumbai,Navi Mumbai (Vashi),Apartment,3,3,1266,23,24,0,Furnished,1,Yes,3.9,6,20168.25,255.33
Pune,Koregaon Park,Penthouse,5,5,4299,30,30,7,Semi-Furnished,2,Yes,4.1,5,28614.1,1230.12
Bangalore,HSR Layout,Apartment,1,1,698,3,4,8,Furnished,1,Yes,3.3,5,15167.62,105.87
Mumbai,Andheri East,Apartment,2,2,1133,21,29,1,Furnished,1,Yes,5.1,4,22758.16,257.85
Chennai,OMR IT Corridor,Independent House,5,5,3825,0,3,4,Furnished,2,Yes,10.5,8,8296.73,317.35
Bangalore,Koramangala,Apartment,3,2,1500,14,27,6,Furnished,0,Yes,5.4,7,18820.67,282.31
Bangalore,Koramangala,Independent House,3,3,2111,0,1,2,Furnished,2,Yes,0.4,6,26032.69,549.55
Mumbai,Thane West,Penthouse,3,4,2711,22,22,2,Semi-Furnished,2,Yes,1.5,8,18873.85,511.67
Chennai,OMR IT Corridor,Apartment,2,2,1049,1,4,0,Semi-Furnished,2,Yes,3.5,5,7708.29,80.86
Hyderabad,HITEC City,Penthouse,4,5,3162,26,26,8,Semi-Furnished,3,Yes,1.7,5,20409.23,645.34
Pune,Baner,Villa,3,2,1550,0,2,3,Semi-Furnished,3,Yes,0.4,8,17504.52,271.32
Hyderabad,Madhapur,Apartment,1,1,450,27,29,5,Unfurnished,1,Yes,4.2,5,11677.78,52.55
Mumbai,Bandra West,Independent House,4,4,2646,0,3,0,Unfurnished,1,Yes,0.8,10,54758.5,1448.91
Delhi NCR,Gurgaon Golf Course Rd,Apartment,1,1,682,16,19,0,Semi-Furnished,0,No,2.1,3,31326.98,213.65
Bangalore,HSR Layout,Studio,1,1,453,4,11,3,Unfurnished,0,Yes,3.9,10,12611.48,57.13
Mumbai,Bandra West,Independent House,4,4,2703,0,1,4,Furnished,3,Yes,2.0,4,51095.82,1381.12
Delhi NCR,Gurgaon Golf Course Rd,Apartment,2,2,842,3,4,1,Semi-Furnished,2,Yes,6.6,5,34216.15,288.1
Kolkata,New Town,Apartment,1,1,518,11,13,1,Semi-Furnished,2,Yes,0.9,6,8799.23,45.58
Mumbai,Andheri East,Independent House,4,4,2669,0,3,2,Semi-Furnished,1,Yes,13.2,9,21608.84,576.74
Bangalore,Whitefield,Apartment,4,3,1855,7,13,6,Semi-Furnished,1,Yes,1.8,7,9686.79,179.69
Mumbai,Andheri East,Apartment,1,1,524,8,19,7,Semi-Furnished,1,Yes,1.5,5,23492.37,123.1
Bangalore,Electronic City,Apartment,3,2,1764,2,12,0,Unfurnished,1,Yes,3.4,8,7604.88,134.15
Kolkata,Park Street,Apartment,3,3,1949,8,11,2,Unfurnished,2,Yes,1.6,8,18647.51,363.44
Delhi NCR,Noida Sector 62,Apartment,2,2,1046,13,14,10,Semi-Furnished,0,Yes,8.0,7,9449.33,98.84
Delhi NCR,Gurgaon Golf Course Rd,Apartment,3,3,1643,7,10,0,Semi-Furnished,0,Yes,0.8,7,32975.65,541.79
Hyderabad,Gachibowli,Apartment,3,3,1464,2,31,0,Furnished,1,Yes,3.8,7,13812.84,202.22
Mumbai,Worli,Independent House,4,4,2790,0,2,2,Furnished,3,Yes,1.5,6,59810.39,1668.71
Delhi NCR,Noida Expressway,Apartment,2,2,992,7,7,0,Semi-Furnished,0,Yes,3.5,5,10970.77,108.83
Delhi NCR,Gurgaon Golf Course Rd,Apartment,1,1,820,5,11,0,Semi-Furnished,1,Yes,0.4,8,37930.49,311.03
Delhi NCR,Gurgaon Cyber City,Apartment,2,2,1188,1,16,6,Furnished,2,No,0.4,7,23550.51,279.78
Ahmedabad,Prahlad Nagar,Apartment,2,1,1271,9,14,5,Unfurnished,1,Yes,1.0,7,8820.61,112.11
Hyderabad,HITEC City,Apartment,1,1,481,5,30,5,Semi-Furnished,1,Yes,8.5,8,11688.15,56.22
Bangalore,Hebbal,Apartment,2,2,1353,7,23,2,Semi-Furnished,1,Yes,5.7,8,13341.46,180.51
Chennai,Velachery,Apartment,1,1,450,3,4,1,Furnished,1,Yes,2.1,8,12262.22,55.18
Mumbai,Bandra West,Villa,4,4,2971,0,1,9,Furnished,2,No,1.7,5,57703.47,1714.37
Mumbai,Juhu,Villa,3,2,2178,0,1,3,Unfurnished,2,No,2.0,7,70814.05,1542.33
Mumbai,Andheri East,Villa,3,3,2674,0,3,9,Semi-Furnished,2,Yes,6.0,7,29075.92,777.49
Bangalore,Indiranagar,Independent House,3,3,1939,0,2,15,Unfurnished,2,Yes,0.3,5,16859.21,326.9
Delhi NCR,Noida Expressway,Independent House,4,3,2653,0,2,1,Unfurnished,1,No,1.3,6,10325.29,273.93
Pune,Hinjewadi,Apartment,2,2,1266,3,14,4,Semi-Furnished,1,Yes,3.9,6,7320.7,92.68
Kolkata,New Town,Independent House,3,2,1981,0,2,3,Furnished,3,Yes,1.3,7,9382.64,185.87
Delhi NCR,Gurgaon Cyber City,Apartment,2,1,1286,9,28,4,Unfurnished,2,Yes,3.2,7,20687.4,266.04
Delhi NCR,Vasant Kunj,Independent House,3,3,2525,0,2,0,Unfurnished,2,Yes,1.1,8,31362.38,791.9
Mumbai,Juhu,Villa,4,3,2813,0,2,0,Semi-Furnished,2,Yes,1.7,4,89239.6,2510.31
Mumbai,Andheri East,Apartment,2,1,1167,4,6,3,Semi-Furnished,1,Yes,1.1,7,22980.29,268.18
Delhi NCR,Gurgaon Cyber City,Apartment,3,2,1634,4,5,18,Semi-Furnished,1,Yes,0.8,5,15904.53,259.88
Delhi NCR,Noida Sector 62,Apartment,3,2,1621,16,20,2,Semi-Furnished,1,Yes,0.8,4,8743.99,141.74
Chennai,Anna Nagar,Independent House,4,4,2530,0,2,0,Semi-Furnished,2,Yes,3.8,4,19711.46,498.7
Mumbai,Navi Mumbai (Vashi),Independent House,4,3,3047,0,2,2,Unfurnished,3,No,2.4,9,16583.52,505.3
Mumbai,Juhu,Penthouse,4,5,3282,33,34,12,Semi-Furnished,2,Yes,1.0,7,91201.1,2993.22
Delhi NCR,Gurgaon Cyber City,Apartment,2,2,1007,4,25,2,Furnished,1,No,3.2,7,20848.06,209.94
Bangalore,HSR Layout,Villa,4,4,2808,0,3,2,Semi-Furnished,1,Yes,4.3,4,18387.46,516.32
Mumbai,Worli,Apartment,1,1,828,10,27,1,Furnished,1,Yes,5.4,8,55338.16,458.2
Hyderabad,Banjara Hills,Penthouse,4,4,3822,34,34,9,Furnished,3,Yes,2.1,7,35975.41,1374.98
Mumbai,Navi Mumbai (Vashi),Apartment,3,3,1550,4,25,7,Unfurnished,1,Yes,15.0,4,14544.52,225.44
Pune,Baner,Apartment,3,3,1405,3,4,15,Furnished,1,Yes,7.5,7,9772.95,137.31
Bangalore,Whitefield,Apartment,3,3,1309,10,23,4,Furnished,2,Yes,7.1,4,9098.55,119.1
Mumbai,Juhu,Villa,4,4,3061,0,3,2,Furnished,2,Yes,0.4,2,76832.41,2351.84
Bangalore,HSR Layout,Studio,1,1,538,7,22,4,Semi-Furnished,0,Yes,0.8,8,12604.09,67.81
Hyderabad,Madhapur,Apartment,1,1,722,18,26,4,Semi-Furnished,2,Yes,3.1,7,10662.05,76.98
Bangalore,Indiranagar,Apartment,3,3,1375,28,28,4,Furnished,1,Yes,5.3,6,28039.27,385.54
Hyderabad,Jubilee Hills,Penthouse,6,6,5500,30,30,4,Furnished,2,Yes,2.2,5,38066.18,2093.64
Mumbai,Navi Mumbai (Vashi),Apartment,2,2,1190,7,8,1,Furnished,1,Yes,1.1,9,14006.72,166.68
Hyderabad,Gachibowli,Independent House,3,3,1866,0,3,2,Semi-Furnished,2,Yes,1.9,6,14737.94,275.01
Bangalore,Whitefield,Apartment,2,2,1456,20,23,4,Furnished,1,No,1.8,5,10835.85,157.77
Pune,Hinjewadi,Apartment,1,1,640,24,24,4,Unfurnished,1,Yes,2.3,7,8846.88,56.62
Delhi NCR,South Extension,Villa,3,3,1751,0,2,6,Semi-Furnished,3,Yes,3.3,7,36439.75,638.06
Kolkata,Salt Lake Sector V,Villa,4,3,2319,0,1,4,Furnished,3,Yes,4.3,3,13424.32,311.31
Bangalore,HSR Layout,Apartment,3,3,1782,5,7,1,Semi-Furnished,1,No,7.8,9,14040.4,250.2
Mumbai,Bandra West,Apartment,1,1,864,6,11,2,Semi-Furnished,1,Yes,1.2,9,50186.34,433.61
Mumbai,Navi Mumbai (Vashi),Villa,4,4,3145,0,2,0,Semi-Furnished,1,Yes,6.6,10,26633.07,837.61
Chennai,Boat Club Road,Apartment,2,2,913,1,5,0,Furnished,2,Yes,3.5,5,37651.7,343.76
Delhi NCR,Noida Expressway,Penthouse,6,6,4897,41,42,4,Semi-Furnished,2,Yes,3.3,3,14342.45,702.35
Hyderabad,Madhapur,Apartment,3,3,1412,15,23,14,Semi-Furnished,1,Yes,4.9,8,11009.21,155.45
Bangalore,Electronic City,Apartment,3,3,1746,26,26,0,Unfurnished,1,Yes,2.0,5,7054.98,123.18
Bangalore,Indiranagar,Penthouse,4,5,3485,37,37,1,Furnished,3,Yes,1.1,9,41932.28,1461.34
Mumbai,Thane West,Independent House,4,4,2652,0,2,2,Semi-Furnished,2,Yes,5.2,6,15574.66,413.04
Ahmedabad,Satellite,Apartment,1,1,778,16,19,0,Semi-Furnished,1,Yes,4.2,7,10739.07,83.55
Pune,Kalyani Nagar,Independent House,4,3,2934,0,1,0,Unfurnished,2,Yes,0.6,9,18367.76,538.91
Kolkata,Park Street,Apartment,2,1,1198,3,6,2,Unfurnished,1,Yes,4.3,6,19119.37,229.05
Bangalore,Whitefield,Apartment,3,3,1621,3,7,9,Furnished,1,Yes,8.5,3,8727.95,141.48
Pune,Koregaon Park,Studio,1,1,556,4,14,0,Furnished,0,Yes,8.3,8,16293.17,90.59
Pune,Kalyani Nagar,Villa,3,2,2482,0,1,5,Semi-Furnished,2,No,3.7,6,17172.84,426.23
Bangalore,HSR Layout,Independent House,4,3,2628,0,2,1,Furnished,2,Yes,2.7,5,18817.73,494.53
Chennai,Velachery,Apartment,3,3,1512,6,14,5,Semi-Furnished,1,Yes,1.5,9,10066.14,152.2
Kolkata,Alipore,Apartment,1,1,905,1,9,9,Furnished,0,Yes,3.2,9,25445.3,230.28
Chennai,OMR IT Corridor,Apartment,2,2,729,13,16,0,Semi-Furnished,1,Yes,1.3,5,8286.69,60.41
Hyderabad,Banjara Hills,Apartment,2,2,1093,14,24,9,Unfurnished,1,No,1.2,6,20440.99,223.42
Bangalore,Hebbal,Villa,3,2,2353,0,1,1,Unfurnished,2,Yes,1.6,8,20888.23,491.5
Bangalore,Electronic City,Apartment,1,1,557,4,11,2,Semi-Furnished,0,Yes,4.4,10,7470.38,41.61
Ahmedabad,Satellite,Villa,3,3,1946,0,1,13,Semi-Furnished,2,Yes,3.9,8,11083.76,215.69
Mumbai,Navi Mumbai (Vashi),Apartment,1,1,698,18,30,6,Unfurnished,1,Yes,0.6,8,14461.32,100.94
Pune,Baner,Apartment,2,2,1201,4,14,3,Furnished,2,Yes,0.6,8,14255.62,171.21
Pune,Baner,Apartment,3,3,1534,7,24,1,Semi-Furnished,0,Yes,1.0,4,10943.29,167.87
Pune,Baner,Apartment,2,2,1085,15,15,8,Semi-Furnished,2,Yes,4.7,10,15360.37,166.66
Ahmedabad,Prahlad Nagar,Apartment,2,2,983,13,27,2,Furnished,1,Yes,0.4,3,10378.43,102.02
Bangalore,Hebbal,Studio,1,1,329,1,6,3,Semi-Furnished,1,No,0.3,9,10480.24,34.48
Bangalore,Indiranagar,Apartment,3,3,1510,10,20,2,Furnished,0,No,1.6,6,22611.92,341.44
Mumbai,Thane West,Penthouse,5,6,4377,24,25,0,Semi-Furnished,2,Yes,1.5,6,24089.1,1054.38
Delhi NCR,Gurgaon Golf Course Rd,Apartment,1,1,888,6,17,5,Furnished,2,No,2.3,7,28316.44,251.45
Bangalore,Whitefield,Studio,1,1,468,9,10,2,Furnished,0,Yes,2.1,4,10282.05,48.12
Bangalore,Whitefield,Apartment,1,1,874,7,31,17,Furnished,1,Yes,2.3,7,9233.41,80.7
Chennai,Velachery,Penthouse,6,6,5042,35,35,1,Unfurnished,2,Yes,2.1,8,16638.83,838.93
Kolkata,Alipore,Apartment,2,2,1168,20,26,4,Semi-Furnished,2,No,0.3,8,21732.88,253.84
Mumbai,Worli,Villa,3,2,2292,0,2,3,Semi-Furnished,1,No,5.8,5,71139.62,1630.52
Bangalore,Koramangala,Penthouse,5,6,4225,35,35,1,Semi-Furnished,3,Yes,5.7,10,36396.21,1537.74
Kolkata,New Town,Apartment,2,1,948,10,12,0,Semi-Furnished,0,Yes,7.6,8,7541.14,71.49
Mumbai,Andheri East,Apartment,2,1,968,1,9,6,Furnished,0,Yes,1.7,5,22697.31,219.71
Mumbai,Thane West,Apartment,3,2,1328,2,22,0,Semi-Furnished,1,No,1.6,9,14095.63,187.19
Mumbai,Navi Mumbai (Vashi),Penthouse,6,6,4815,37,37,0,Furnished,2,Yes,2.5,8,28465.01,1370.59
Delhi NCR,Gurgaon Cyber City,Apartment,1,1,677,10,18,10,Furnished,2,Yes,6.8,6,19361.89,131.08
Mumbai,Bandra West,Apartment,3,2,1553,13,20,1,Semi-Furnished,2,Yes,5.0,5,49591.76,770.16
Ahmedabad,SG Highway,Apartment,2,2,1027,15,22,1,Furnished,1,Yes,2.1,6,9583.25,98.42
Delhi NCR,Noida Sector 62,Apartment,3,3,1761,6,22,1,Furnished,1,Yes,3.9,5,9307.21,163.9
Delhi NCR,Noida Expressway,Villa,3,3,2010,0,2,11,Semi-Furnished,2,No,0.4,7,11792.54,237.03
Bangalore,Electronic City,Apartment,2,2,1425,7,8,22,Semi-Furnished,1,Yes,3.1,4,5048.42,71.94
Delhi NCR,Gurgaon Golf Course Rd,Independent House,3,3,2064,0,2,11,Semi-Furnished,2,Yes,7.9,5,29703.49,613.08
Pune,Baner,Penthouse,5,6,4312,32,33,2,Semi-Furnished,2,Yes,2.2,5,19345.55,834.18
Hyderabad,Banjara Hills,Apartment,2,2,1276,17,22,19,Semi-Furnished,2,Yes,1.4,5,20391.85,260.2
Hyderabad,Banjara Hills,Independent House,4,4,2686,0,2,5,Semi-Furnished,1,Yes,8.7,8,26301.94,706.47
Delhi NCR,Gurgaon Golf Course Rd,Apartment,2,2,1175,18,22,17,Furnished,1,Yes,4.2,5,30017.02,352.7
Kolkata,Ballygunge,Independent House,4,4,2786,0,1,8,Semi-Furnished,1,Yes,0.9,9,18508.26,515.64
Hyderabad,Jubilee Hills,Apartment,1,1,794,6,26,3,Semi-Furnished,1,Yes,1.2,6,27458.44,218.02
Hyderabad,Madhapur,Independent House,3,3,1827,0,3,17,Furnished,1,Yes,3.3,8,14084.29,257.32
Mumbai,Juhu,Apartment,3,3,1483,11,21,2,Unfurnished,1,Yes,6.5,5,50567.77,749.92
Mumbai,Bandra West,Apartment,3,2,1700,7,17,2,Unfurnished,1,Yes,1.3,6,43620.0,741.54
Mumbai,Juhu,Apartment,3,3,1394,9,10,1,Furnished,0,Yes,0.6,8,66688.67,929.64
Pune,Hinjewadi,Apartment,2,2,1198,6,23,7,Furnished,1,Yes,7.6,8,6875.63,82.37
Bangalore,HSR Layout,Villa,5,5,3230,0,2,6,Furnished,2,Yes,1.1,6,21756.97,702.75
Bangalore,Koramangala,Apartment,2,2,1014,7,24,2,Furnished,1,Yes,0.7,4,20186.39,204.69
Chennai,Velachery,Independent House,4,4,2973,0,1,1,Furnished,2,No,1.4,6,12996.97,386.4
Chennai,Anna Nagar,Apartment,2,2,1264,25,26,0,Semi-Furnished,1,Yes,0.5,6,18636.08,235.56
Kolkata,New Town,Independent House,4,3,2563,0,1,12,Unfurnished,3,Yes,2.7,7,7465.86,191.35
Bangalore,Hebbal,Apartment,3,3,1271,3,9,0,Semi-Furnished,0,Yes,1.5,9,14225.81,180.81
Pune,Koregaon Park,Apartment,1,1,526,4,11,5,Furnished,0,No,1.7,4,16712.93,87.91
Bangalore,Hebbal,Apartment,2,2,1092,1,10,10,Semi-Furnished,1,Yes,0.5,9,11995.42,130.99
Mumbai,Bandra West,Villa,5,4,3324,0,3,2,Semi-Furnished,1,Yes,1.5,8,58989.47,1960.81
Mumbai,Thane West,Apartment,2,1,794,18,31,28,Unfurnished,1,Yes,5.5,3,8275.82,65.71
Bangalore,Indiranagar,Penthouse,4,4,3333,23,24,2,Unfurnished,2,Yes,0.8,7,29193.82,973.03
Delhi NCR,Gurgaon Golf Course Rd,Penthouse,3,4,2750,44,44,1,Unfurnished,2,Yes,4.9,7,52647.27,1447.8
Chennai,OMR IT Corridor,Apartment,3,2,1255,2,18,3,Semi-Furnished,1,No,4.8,8,8002.39,100.43
Mumbai,Navi Mumbai (Vashi),Independent House,5,5,3627,0,2,1,Semi-Furnished,1,Yes,5.0,6,17078.85,619.45
Hyderabad,Banjara Hills,Apartment,2,2,1244,13,29,0,Furnished,1,Yes,0.7,6,24482.32,304.56
Delhi NCR,Noida Sector 62,Apartment,1,1,450,11,15,3,Semi-Furnished,1,Yes,0.5,9,10991.11,49.46
Bangalore,HSR Layout,Independent House,4,4,2438,0,2,12,Furnished,1,Yes,0.9,9,18730.93,456.66
Delhi NCR,South Extension,Independent House,3,3,1822,0,3,0,Semi-Furnished,2,Yes,2.3,8,38694.84,705.02
Bangalore,Hebbal,Independent House,4,4,2578,0,1,5,Semi-Furnished,2,No,0.9,6,12165.63,313.63
Delhi NCR,Noida Sector 62,Apartment,1,1,963,10,14,11,Furnished,1,Yes,1.3,6,9341.64,89.96
Delhi NCR,Noida Expressway,Apartment,3,3,1369,12,12,1,Furnished,1,Yes,5.3,8,10661.8,145.96
Mumbai,Navi Mumbai (Vashi),Apartment,3,2,1328,6,13,15,Furnished,1,No,2.0,5,11795.93,156.65
Mumbai,Worli,Independent House,3,3,2429,0,2,1,Furnished,2,Yes,0.9,7,71332.65,1732.67
Delhi NCR,Vasant Kunj,Apartment,2,2,1205,9,21,3,Furnished,0,Yes,0.6,6,24745.23,298.18
Kolkata,Salt Lake Sector V,Independent House,3,3,2196,0,2,3,Furnished,3,Yes,3.3,6,14112.93,309.92
Bangalore,Hebbal,Apartment,4,3,1975,6,25,0,Furnished,1,Yes,2.2,4,14985.32,295.96
Hyderabad,Madhapur,Apartment,3,3,1379,9,13,1,Furnished,1,Yes,0.8,2,11682.38,161.1
Pune,Wakad,Apartment,2,1,1054,8,9,1,Unfurnished,1,Yes,1.3,8,8018.98,84.52
Kolkata,Alipore,Apartment,4,4,2183,16,16,1,Furnished,1,Yes,1.1,8,30514.89,666.14
Chennai,Adyar,Apartment,2,2,1305,4,12,0,Furnished,1,Yes,1.3,9,18518.77,241.67
Delhi NCR,Vasant Kunj,Villa,3,3,2201,0,3,1,Semi-Furnished,3,Yes,3.0,6,34280.33,754.51
Pune,Baner,Penthouse,3,3,2770,42,42,0,Unfurnished,3,Yes,1.3,4,17510.47,485.04
Chennai,Boat Club Road,Apartment,3,3,1549,21,21,0,Semi-Furnished,0,Yes,2.4,7,33651.39,521.26
Bangalore,Indiranagar,Apartment,2,2,901,19,19,6,Furnished,1,Yes,3.2,7,22629.3,203.89
Bangalore,HSR Layout,Apartment,2,2,965,20,21,0,Semi-Furnished,1,Yes,6.5,7,18540.93,178.92
Mumbai,Juhu,Penthouse,5,5,4385,23,23,4,Semi-Furnished,3,Yes,2.8,6,75701.48,3319.51
Chennai,Velachery,Apartment,2,2,1264,2,7,2,Semi-Furnished,2,Yes,2.5,7,9238.13,116.77
Hyderabad,Gachibowli,Studio,1,1,526,7,8,11,Semi-Furnished,0,Yes,0.7,8,12114.07,63.72
Mumbai,Worli,Apartment,3,3,1609,11,12,5,Unfurnished,2,Yes,3.3,4,49082.66,789.74
Delhi NCR,Vasant Kunj,Apartment,1,1,657,5,15,1,Unfurnished,0,Yes,1.4,8,26232.88,172.35
Delhi NCR,Noida Sector 62,Penthouse,4,5,4087,43,44,0,Semi-Furnished,2,Yes,0.9,6,15207.24,621.52
Mumbai,Bandra West,Apartment,3,3,1427,5,20,3,Semi-Furnished,1,Yes,5.5,5,36945.34,527.21
Ahmedabad,Satellite,Apartment,4,3,1974,2,11,1,Semi-Furnished,1,Yes,1.0,8,9715.81,191.79
Mumbai,Bandra West,Apartment,4,3,2127,2,8,8,Unfurnished,1,Yes,6.0,3,44857.55,954.12
Mumbai,Andheri East,Apartment,1,1,514,7,13,17,Furnished,1,Yes,0.7,7,19750.97,101.52
Delhi NCR,South Extension,Apartment,3,2,1761,6,27,1,Unfurnished,1,Yes,1.3,4,34013.06,598.97
Hyderabad,HITEC City,Independent House,3,2,1699,0,2,1,Furnished,2,Yes,0.9,4,18157.15,308.49
Mumbai,Thane West,Independent House,4,3,2784,0,3,1,Semi-Furnished,2,Yes,2.2,8,18405.89,512.42
Pune,Hinjewadi,Apartment,3,2,1688,19,19,1,Unfurnished,1,Yes,1.2,8,9972.16,168.33
Delhi NCR,Noida Sector 62,Penthouse,4,4,3644,40,40,0,Furnished,3,Yes,1.0,8,12838.09,467.82
Mumbai,Bandra West,Apartment,3,3,1792,20,22,1,Semi-Furnished,1,Yes,2.1,7,49213.73,881.91
Mumbai,Bandra West,Apartment,2,2,1143,8,8,5,Furnished,1,Yes,5.2,6,45538.06,520.5
Delhi NCR,Gurgaon Golf Course Rd,Apartment,1,1,626,30,30,7,Semi-Furnished,1,Yes,1.4,7,34964.86,218.88
Bangalore,Whitefield,Apartment,3,2,1621,1,5,0,Furnished,1,Yes,0.8,8,11784.08,191.02
Kolkata,Ballygunge,Apartment,4,4,1977,21,24,1,Semi-Furnished,1,Yes,2.5,4,18338.9,362.56
Hyderabad,Madhapur,Studio,1,1,454,13,19,8,Semi-Furnished,0,Yes,0.7,6,11046.26,50.15
Ahmedabad,SG Highway,Apartment,1,1,839,4,4,19,Unfurnished,2,Yes,1.0,7,7100.12,59.57
Bangalore,Electronic City,Apartment,2,2,1194,16,23,3,Unfurnished,2,Yes,4.3,6,7525.96,89.86
Ahmedabad,Prahlad Nagar,Apartment,3,3,1404,13,21,10,Furnished,0,Yes,3.4,5,8996.44,126.31
Delhi NCR,Vasant Kunj,Independent House,3,3,2011,0,1,6,Semi-Furnished,1,Yes,1.7,5,27526.11,553.55
Bangalore,Hebbal,Villa,4,4,2376,0,2,0,Furnished,2,Yes,0.8,5,18936.03,449.92
Mumbai,Juhu,Apartment,4,4,1851,2,15,0,Furnished,0,Yes,0.9,7,55817.94,1033.19
Mumbai,Thane West,Apartment,2,2,1070,14,31,17,Furnished,2,Yes,1.9,4,10863.55,116.24
Pune,Baner,Apartment,2,2,1294,2,9,10,Unfurnished,1,No,6.8,8,9044.05,117.03
Delhi NCR,South Extension,Apartment,2,1,1063,3,16,0,Unfurnished,1,Yes,3.7,5,28058.33,298.26
Bangalore,Hebbal,Apartment,2,2,1173,18,18,22,Furnished,1,Yes,1.7,7,12474.0,146.32
Pune,Hinjewadi,Apartment,3,3,1745,6,13,3,Furnished,1,Yes,0.9,6,9985.1,174.24
Bangalore,Hebbal,Apartment,2,2,883,14,14,1,Furnished,1,Yes,0.8,5,13028.31,115.04
Delhi NCR,Vasant Kunj,Apartment,1,1,450,11,25,3,Semi-Furnished,1,Yes,15.0,4,23484.44,105.68
Bangalore,Koramangala,Apartment,3,3,1421,3,7,1,Semi-Furnished,1,No,0.3,3,17758.62,252.35
Chennai,Anna Nagar,Studio,1,1,513,5,20,2,Furnished,1,Yes,2.6,5,14286.55,73.29
Chennai,Anna Nagar,Penthouse,4,4,3932,27,27,2,Semi-Furnished,2,Yes,3.3,4,21105.54,829.87
Delhi NCR,South Extension,Apartment,2,1,1273,10,22,11,Furnished,1,Yes,10.3,4,24245.88,308.65
Bangalore,Koramangala,Apartment,1,1,568,17,22,2,Unfurnished,1,Yes,0.6,5,17540.49,99.63
Bangalore,Indiranagar,Apartment,2,2,896,3,20,1,Semi-Furnished,1,Yes,6.9,9,22044.64,197.52
Hyderabad,Jubilee Hills,Apartment,2,2,1041,22,31,2,Semi-Furnished,2,Yes,3.4,8,30948.13,322.17
Bangalore,Indiranagar,Independent House,5,4,3152,0,2,1,Semi-Furnished,2,No,0.8,7,22460.34,707.95
Mumbai,Bandra West,Apartment,4,3,1817,13,20,15,Unfurnished,1,Yes,1.1,9,44365.44,806.12
Mumbai,Bandra West,Villa,4,4,2619,0,3,0,Furnished,1,Yes,4.0,6,64002.67,1676.23
Delhi NCR,Noida Sector 62,Studio,1,1,343,4,6,2,Semi-Furnished,0,Yes,3.7,6,6897.96,23.66
Delhi NCR,Noida Sector 62,Apartment,2,2,1067,9,17,3,Unfurnished,1,Yes,2.9,1,7559.51,80.66
Chennai,OMR IT Corridor,Apartment,3,3,1733,1,4,2,Furnished,1,Yes,3.2,5,8326.6,144.3
Bangalore,HSR Layout,Apartment,4,3,2023,5,5,2,Furnished,1,Yes,1.3,6,16182.4,327.37
Bangalore,Electronic City,Apartment,2,2,1042,5,5,0,Semi-Furnished,1,Yes,4.1,6,7368.52,76.78
Hyderabad,HITEC City,Apartment,3,3,1777,2,30,3,Unfurnished,1,Yes,2.6,7,14300.51,254.12
Chennai,OMR IT Corridor,Apartment,3,2,1409,15,26,7,Semi-Furnished,1,Yes,1.4,4,7952.45,112.05
Bangalore,Electronic City,Penthouse,6,7,4851,25,25,7,Unfurnished,3,Yes,1.4,7,10582.56,513.36
Delhi NCR,South Extension,Apartment,4,4,1989,2,10,0,Semi-Furnished,2,No,3.1,7,28052.29,557.96
Bangalore,Electronic City,Apartment,3,2,1719,4,16,18,Furnished,1,No,0.8,8,6083.77,104.58
Kolkata,Park Street,Independent House,4,4,3067,0,3,10,Semi-Furnished,2,Yes,2.4,7,21573.2,661.65
Mumbai,Worli,Independent House,3,3,2736,0,2,9,Semi-Furnished,3,No,2.3,9,55774.85,1526.0
Kolkata,Alipore,Apartment,1,1,607,10,15,3,Furnished,1,Yes,2.1,7,23739.7,144.1
Pune,Kalyani Nagar,Penthouse,3,3,2487,26,26,8,Furnished,2,Yes,1.6,7,26609.97,661.79
Delhi NCR,Vasant Kunj,Apartment,4,4,1931,12,14,2,Furnished,0,Yes,1.0,5,29489.38,569.44
Mumbai,Worli,Apartment,3,2,1534,14,18,17,Semi-Furnished,2,Yes,1.9,7,38966.1,597.74
Delhi NCR,Gurgaon Cyber City,Apartment,4,4,1940,9,25,1,Unfurnished,0,Yes,5.5,5,21560.31,418.27
Bangalore,Koramangala,Apartment,4,3,2183,7,7,3,Semi-Furnished,1,Yes,3.6,5,22032.98,480.98
Mumbai,Navi Mumbai (Vashi),Villa,5,5,3365,0,1,19,Unfurnished,3,Yes,3.6,7,17541.46,590.27
Pune,Kalyani Nagar,Independent House,5,4,3392,0,3,1,Furnished,2,Yes,0.8,5,19172.46,650.33
Ahmedabad,SG Highway,Villa,3,2,2429,0,2,1,Unfurnished,2,Yes,3.8,5,12441.75,302.21
Delhi NCR,Gurgaon Cyber City,Apartment,3,3,1962,3,17,0,Unfurnished,1,No,1.9,7,20932.21,410.69
Pune,Kalyani Nagar,Apartment,1,1,481,3,26,3,Furnished,1,Yes,1.3,6,18740.12,90.14
Mumbai,Thane West,Apartment,3,3,1679,18,19,7,Unfurnished,1,Yes,0.3,6,14714.71,247.06
Bangalore,Electronic City,Apartment,2,1,1192,5,6,1,Furnished,1,Yes,1.3,8,6927.01,82.57
Mumbai,Thane West,Independent House,3,2,1696,0,2,8,Unfurnished,1,Yes,3.2,8,14681.6,249.0
Pune,Kalyani Nagar,Villa,3,3,2284,0,2,0,Unfurnished,3,Yes,2.5,5,22489.93,513.67
Kolkata,Park Street,Apartment,3,3,1584,12,21,6,Semi-Furnished,1,Yes,2.2,8,16686.24,264.31
Pune,Kalyani Nagar,Apartment,2,2,1107,3,4,8,Semi-Furnished,0,Yes,2.3,6,14486.0,160.36
Mumbai,Andheri East,Apartment,1,1,616,8,10,0,Furnished,1,Yes,0.5,6,24123.38,148.6
Bangalore,Whitefield,Apartment,2,1,1120,11,28,14,Semi-Furnished,1,Yes,10.3,5,8106.25,90.79
Delhi NCR,Gurgaon Golf Course Rd,Apartment,2,2,1304,27,27,1,Semi-Furnished,1,Yes,2.6,8,32621.93,425.39
Bangalore,Indiranagar,Apartment,1,1,532,7,15,0,Semi-Furnished,1,No,6.7,4,18599.62,98.95
Chennai,Boat Club Road,Apartment,1,1,701,19,22,0,Semi-Furnished,1,Yes,0.9,4,29325.25,205.57
Hyderabad,Banjara Hills,Apartment,2,1,924,17,17,4,Unfurnished,2,Yes,1.5,5,21783.55,201.28
Pune,Baner,Apartment,3,3,1500,1,5,5,Furnished,0,Yes,2.1,8,12044.0,180.66
Bangalore,HSR Layout,Apartment,2,2,1066,4,19,0,Unfurnished,1,Yes,1.4,4,14984.05,159.73
Bangalore,Whitefield,Independent House,3,3,2124,0,1,5,Unfurnished,1,Yes,2.1,7,11175.14,237.36
Mumbai,Thane West,Apartment,1,1,541,12,29,3,Semi-Furnished,1,Yes,2.9,4,13763.4,74.46
Bangalore,Koramangala,Studio,1,1,504,6,12,2,Furnished,0,Yes,2.1,4,18152.78,91.49
Bangalore,Koramangala,Apartment,1,1,823,15,15,5,Furnished,1,Yes,3.5,5,23953.83,197.14
Pune,Kalyani Nagar,Apartment,3,2,1734,2,8,5,Furnished,1,Yes,0.9,4,16681.66,289.26
Pune,Hinjewadi,Apartment,2,2,766,4,6,2,Semi-Furnished,0,No,0.4,7,7539.16,57.75
Mumbai,Juhu,Apartment,2,2,1043,23,27,3,Semi-Furnished,1,Yes,2.6,7,52982.74,552.61
Bangalore,Whitefield,Villa,4,3,2836,0,2,3,Unfurnished,2,Yes,1.2,5,14022.92,397.69
Mumbai,Andheri East,Apartment,1,1,450,2,7,0,Semi-Furnished,0,No,0.9,6,23488.89,105.7
Mumbai,Andheri East,Studio,1,1,457,9,24,8,Semi-Furnished,0,No,1.1,5,16459.52,75.22
Chennai,Anna Nagar,Penthouse,6,6,4984,27,27,6,Semi-Furnished,2,Yes,9.4,10,23986.56,1195.49
Mumbai,Worli,Apartment,3,3,1550,14,17,1,Unfurnished,0,Yes,0.9,5,56717.42,879.12
Bangalore,Electronic City,Apartment,1,1,653,9,18,1,Unfurnished,2,No,2.5,5,6415.01,41.89
Mumbai,Bandra West,Independent House,4,4,3014,0,2,30,Unfurnished,1,Yes,1.1,6,36005.97,1085.22
Chennai,Velachery,Apartment,4,3,1774,17,21,1,Semi-Furnished,1,Yes,3.8,6,10228.86,181.46
Delhi NCR,Noida Expressway,Independent House,4,4,2622,0,2,6,Semi-Furnished,2,Yes,9.3,4,10768.12,282.34
Bangalore,Hebbal,Apartment,3,3,1848,5,5,2,Unfurnished,1,Yes,0.5,7,13300.32,245.79
Delhi NCR,Noida Sector 62,Apartment,3,2,1535,17,20,14,Semi-Furnished,0,Yes,4.8,6,7942.02,121.91
Hyderabad,Jubilee Hills,Apartment,4,4,2146,8,15,6,Furnished,1,Yes,0.9,8,29340.17,629.64
Ahmedabad,Satellite,Apartment,2,1,1107,2,16,6,Furnished,1,Yes,4.5,7,7959.35,88.11
Bangalore,Electronic City,Penthouse,3,3,2883,25,25,7,Furnished,3,Yes,0.5,8,12787.37,368.66
Chennai,OMR IT Corridor,Apartment,2,2,852,11,16,6,Semi-Furnished,1,Yes,2.1,5,8842.72,75.34
Kolkata,Park Street,Villa,5,4,3554,0,1,5,Furnished,2,Yes,3.0,8,24446.54,868.83
Kolkata,Ballygunge,Apartment,3,3,1694,4,17,3,Furnished,1,Yes,1.7,6,18652.3,315.97
Pune,Hinjewadi,Apartment,2,2,1210,1,11,0,Furnished,1,Yes,8.4,10,10278.51,124.37
Pune,Hinjewadi,Apartment,2,1,1073,3,4,10,Semi-Furnished,1,Yes,0.4,5,7122.09,76.42
Bangalore,Koramangala,Apartment,3,3,1457,4,5,5,Semi-Furnished,1,Yes,1.2,6,18021.28,262.57
Hyderabad,HITEC City,Apartment,2,2,1161,1,7,2,Semi-Furnished,1,No,1.0,8,13552.11,157.34
Delhi NCR,South Extension,Apartment,3,3,1707,17,18,1,Furnished,1,Yes,0.8,6,32277.68,550.98
Pune,Kalyani Nagar,Villa,3,3,2146,0,1,1,Furnished,2,Yes,2.9,10,24922.65,534.84
Delhi NCR,Vasant Kunj,Apartment,3,2,1584,5,5,3,Semi-Furnished,1,Yes,1.3,8,25524.62,404.31
Hyderabad,Jubilee Hills,Apartment,2,1,1037,7,8,1,Semi-Furnished,1,Yes,2.3,7,28551.59,296.08
Chennai,Adyar,Villa,3,2,2149,0,1,1,Furnished,2,Yes,5.0,6,31159.61,669.62
Mumbai,Juhu,Independent House,4,4,3150,0,2,1,Furnished,2,Yes,1.4,7,72325.4,2278.25
Chennai,Boat Club Road,Apartment,2,2,1012,13,18,0,Unfurnished,1,Yes,3.5,6,29771.74,301.29
Delhi NCR,Gurgaon Golf Course Rd,Apartment,2,1,1012,2,7,1,Semi-Furnished,1,Yes,0.3,6,32684.78,330.77
Chennai,Boat Club Road,Penthouse,3,4,2816,22,22,7,Furnished,3,Yes,1.6,6,46167.61,1300.08
Delhi NCR,South Extension,Apartment,1,1,634,10,25,4,Furnished,0,Yes,8.3,6,29388.01,186.32
Bangalore,Electronic City,Apartment,3,3,1495,6,21,13,Unfurnished,2,Yes,1.4,10,7313.04,109.33
Kolkata,New Town,Apartment,2,2,964,4,8,1,Semi-Furnished,1,Yes,1.9,6,7965.77,76.79
Bangalore,Indiranagar,Villa,3,3,2231,0,2,5,Semi-Furnished,2,No,2.2,6,25814.88,575.93
Chennai,OMR IT Corridor,Apartment,2,1,1115,10,24,12,Semi-Furnished,0,Yes,6.9,5,6698.65,74.69
Delhi NCR,South Extension,Studio,1,1,500,3,23,0,Semi-Furnished,1,Yes,3.0,7,28968.0,144.84
Delhi NCR,Noida Expressway,Apartment,1,1,957,14,26,6,Semi-Furnished,1,Yes,1.9,9,10364.68,99.19
Bangalore,Indiranagar,Villa,4,3,2575,0,1,0,Semi-Furnished,2,Yes,7.2,6,27443.11,706.66
Delhi NCR,South Extension,Apartment,4,3,1910,8,11,3,Semi-Furnished,1,Yes,2.5,5,32446.6,619.73
Bangalore,Indiranagar,Apartment,2,2,1055,3,6,3,Furnished,0,Yes,3.4,9,22680.57,239.28
Mumbai,Navi Mumbai (Vashi),Penthouse,4,4,3434,19,19,3,Unfurnished,2,Yes,1.3,8,21923.7,752.86
Bangalore,Electronic City,Apartment,2,2,1259,3,30,15,Semi-Furnished,0,Yes,2.0,7,6617.16,83.31
Mumbai,Andheri East,Apartment,1,1,829,12,16,7,Furnished,1,Yes,4.0,9,24983.11,207.11
Ahmedabad,Satellite,Apartment,2,2,981,7,12,10,Unfurnished,1,No,5.7,8,7391.44,72.51
Ahmedabad,Bopal,Apartment,2,2,955,18,21,2,Unfurnished,1,No,6.9,8,5952.88,56.85
Bangalore,Indiranagar,Apartment,2,1,964,1,4,0,Unfurnished,1,Yes,2.2,4,17842.32,172.0
Hyderabad,Madhapur,Independent House,4,4,2282,0,1,0,Unfurnished,1,Yes,0.5,8,14928.57,340.67
Bangalore,Electronic City,Apartment,1,1,597,19,31,1,Unfurnished,1,Yes,1.1,3,7616.42,45.47
Pune,Wakad,Apartment,2,2,1118,12,18,3,Furnished,0,Yes,0.4,7,11450.81,128.02
Hyderabad,Jubilee Hills,Apartment,1,1,768,1,15,0,Unfurnished,2,Yes,0.6,6,23911.46,183.64
Kolkata,Alipore,Independent House,5,5,3253,0,2,3,Unfurnished,1,Yes,2.6,9,27427.91,892.23
Bangalore,Indiranagar,Independent House,4,4,3196,0,3,6,Furnished,1,Yes,1.5,7,26354.19,842.28
Hyderabad,HITEC City,Apartment,2,1,1103,4,21,1,Furnished,1,Yes,3.7,7,17730.73,195.57
Bangalore,Indiranagar,Apartment,2,2,1261,18,18,3,Unfurnished,1,Yes,1.9,4,18700.24,235.81
Ahmedabad,Bodakdev,Studio,1,1,531,7,13,0,Furnished,0,No,2.3,8,8246.7,43.79
Mumbai,Andheri East,Apartment,2,2,1315,11,28,0,Unfurnished,1,Yes,3.9,6,24998.48,328.73
Pune,Baner,Villa,3,3,2215,0,1,2,Furnished,2,No,2.5,4,14986.46,331.95
Pune,Wakad,Penthouse,4,5,3728,24,25,7,Furnished,3,Yes,1.3,5,14524.14,541.46
Pune,Koregaon Park,Villa,5,5,3183,0,3,0,Semi-Furnished,3,Yes,0.5,5,27518.06,875.9
Mumbai,Andheri East,Apartment,2,2,1159,27,31,7,Furnished,0,No,1.9,6,19000.86,220.22
Kolkata,Alipore,Villa,4,4,2840,0,2,0,Semi-Furnished,1,Yes,4.6,10,33870.77,961.93
Mumbai,Bandra West,Villa,5,4,3982,0,2,2,Semi-Furnished,2,Yes,0.4,6,61133.1,2434.32
Pune,Hinjewadi,Apartment,2,2,1290,12,13,8,Furnished,1,Yes,11.4,10,6989.92,90.17
Bangalore,Electronic City,Apartment,2,1,1144,2,5,1,Furnished,2,Yes,1.8,7,8018.36,91.73
Bangalore,Hebbal,Apartment,2,2,951,3,13,2,Semi-Furnished,2,No,9.0,7,13771.82,130.97
Delhi NCR,Gurgaon Cyber City,Apartment,3,3,1568,2,5,3,Furnished,1,Yes,1.1,5,21320.15,334.3
Bangalore,Koramangala,Apartment,1,1,584,4,15,0,Semi-Furnished,1,Yes,6.5,9,22698.63,132.56
Mumbai,Thane West,Apartment,3,3,1530,12,16,2,Semi-Furnished,2,Yes,4.2,8,16582.35,253.71
Mumbai,Navi Mumbai (Vashi),Apartment,3,3,1532,5,25,4,Furnished,1,Yes,3.8,9,16921.67,259.24
Bangalore,Electronic City,Apartment,2,1,1084,1,20,21,Semi-Furnished,1,Yes,7.1,5,5904.06,64.0
Hyderabad,Madhapur,Apartment,2,2,1113,9,9,3,Furnished,1,No,3.9,5,11115.0,123.71
Chennai,Boat Club Road,Independent House,4,3,2689,0,2,12,Furnished,2,No,6.8,10,31915.58,858.21
Mumbai,Navi Mumbai (Vashi),Penthouse,4,4,3360,24,24,1,Furnished,2,Yes,1.1,7,27322.92,918.05
Bangalore,Koramangala,Apartment,3,2,1698,2,7,2,Unfurnished,1,Yes,4.3,4,18579.51,315.48
Mumbai,Juhu,Apartment,3,3,1300,9,13,1,Unfurnished,0,Yes,5.3,8,57686.92,749.93
Mumbai,Andheri East,Apartment,3,2,1650,27,28,6,Unfurnished,0,Yes,0.9,6,23774.55,392.28
Pune,Baner,Independent House,4,4,2887,0,2,6,Semi-Furnished,1,No,1.3,4,12102.87,349.41
Pune,Kalyani Nagar,Independent House,5,5,3381,0,2,6,Furnished,3,Yes,1.0,9,20177.46,682.2
Mumbai,Bandra West,Penthouse,4,4,3029,29,30,0,Semi-Furnished,2,Yes,2.8,5,60077.25,1819.74
Bangalore,Indiranagar,Apartment,1,1,524,5,11,0,Semi-Furnished,2,Yes,3.0,6,20547.71,107.67
Mumbai,Bandra West,Studio,1,1,473,15,16,2,Unfurnished,0,Yes,1.8,8,44325.58,209.66
Chennai,Adyar,Apartment,4,4,1604,15,18,5,Furnished,1,No,7.1,8,18557.98,297.67
Ahmedabad,Prahlad Nagar,Independent House,4,4,2801,0,2,0,Furnished,3,Yes,5.2,10,11336.67,317.54
Mumbai,Andheri East,Apartment,3,3,1325,1,7,11,Semi-Furnished,1,Yes,4.4,7,19835.47,262.82
Bangalore,HSR Layout,Penthouse,3,4,3268,35,36,4,Unfurnished,3,Yes,2.6,7,24742.96,808.6
Chennai,Adyar,Apartment,3,3,1755,5,5,1,Unfurnished,1,Yes,1.4,4,19213.68,337.2
Kolkata,Salt Lake Sector V,Independent House,3,2,2041,0,2,3,Semi-Furnished,3,No,0.5,8,9741.3,198.82
Bangalore,Hebbal,Villa,3,3,1785,0,1,8,Unfurnished,2,Yes,2.5,9,18517.65,330.54
Mumbai,Thane West,Apartment,2,1,959,2,4,10,Semi-Furnished,2,Yes,0.8,7,12407.72,118.99
Mumbai,Worli,Apartment,1,1,758,22,28,3,Unfurnished,0,Yes,3.1,8,50465.7,382.53
Delhi NCR,Gurgaon Golf Course Rd,Penthouse,5,6,4493,37,37,4,Unfurnished,3,Yes,1.9,4,51455.38,2311.89
Bangalore,Indiranagar,Apartment,2,2,1038,15,24,0,Unfurnished,1,Yes,0.4,7,20186.9,209.54
Mumbai,Thane West,Apartment,2,2,1113,8,31,4,Furnished,1,Yes,3.4,7,13255.17,147.53
Delhi NCR,South Extension,Apartment,1,1,478,16,17,11,Furnished,1,Yes,0.4,6,28577.41,136.6
Mumbai,Navi Mumbai (Vashi),Apartment,2,1,937,9,17,1,Semi-Furnished,1,No,2.8,6,15426.89,144.55
Hyderabad,HITEC City,Apartment,2,1,1254,10,23,1,Semi-Furnished,1,Yes,1.6,8,14389.95,180.45
Bangalore,Hebbal,Apartment,2,1,807,6,6,2,Unfurnished,1,Yes,0.4,5,12374.23,99.86
Mumbai,Bandra West,Apartment,3,3,1400,3,26,4,Furnished,1,Yes,0.9,2,47987.14,671.82
Delhi NCR,Vasant Kunj,Apartment,2,1,1149,17,21,0,Furnished,0,Yes,0.6,7,24865.97,285.71
Bangalore,Whitefield,Penthouse,5,6,4608,43,43,0,Semi-Furnished,3,Yes,2.4,8,16366.54,754.17
Ahmedabad,Prahlad Nagar,Studio,1,1,451,3,5,2,Furnished,0,Yes,1.4,9,9889.14,44.6
Delhi NCR,Noida Expressway,Independent House,4,4,2346,0,2,2,Semi-Furnished,2,No,1.9,8,11269.82,264.39
Bangalore,Electronic City,Apartment,1,1,670,2,6,4,Semi-Furnished,1,Yes,3.5,3,6098.51,40.86
Pune,Wakad,Penthouse,4,5,3841,26,27,1,Semi-Furnished,2,Yes,1.6,6,14960.17,574.62
Bangalore,HSR Layout,Apartment,2,1,1053,6,11,1,Furnished,1,Yes,0.4,7,16779.68,176.69
Kolkata,Salt Lake Sector V,Apartment,2,2,1103,5,23,1,Unfurnished,2,Yes,0.7,7,10182.23,112.31
Bangalore,Indiranagar,Penthouse,5,6,4134,26,26,24,Semi-Furnished,3,Yes,2.3,7,25313.01,1046.44
Delhi NCR,Noida Sector 62,Villa,4,4,2796,0,2,5,Unfurnished,2,No,6.6,5,10232.83,286.11
Mumbai,Navi Mumbai (Vashi),Independent House,3,3,2178,0,2,0,Semi-Furnished,1,Yes,1.2,10,19649.68,427.97
Delhi NCR,Noida Sector 62,Independent House,4,4,2656,0,1,3,Furnished,3,Yes,0.5,4,10606.55,281.71
Chennai,Adyar,Apartment,3,3,1412,4,14,0,Furnished,1,Yes,1.9,7,24471.67,345.54
Hyderabad,Banjara Hills,Apartment,4,4,2147,2,14,4,Furnished,1,Yes,0.6,9,26764.32,574.63
Bangalore,Koramangala,Independent House,4,3,2754,0,2,2,Semi-Furnished,2,Yes,0.5,7,22469.86,618.82
Bangalore,HSR Layout,Apartment,3,2,1495,3,24,6,Furnished,1,No,3.7,10,18483.61,276.33
Hyderabad,Banjara Hills,Apartment,2,2,1292,21,31,2,Semi-Furnished,2,Yes,1.2,6,26253.87,339.2
Kolkata,Ballygunge,Villa,4,3,2767,0,2,0,Semi-Furnished,3,Yes,1.0,5,26135.53,723.17
Mumbai,Navi Mumbai (Vashi),Villa,5,5,3164,0,3,1,Furnished,2,Yes,5.5,5,24919.72,788.46
Delhi NCR,Noida Expressway,Apartment,2,2,1310,8,10,2,Furnished,1,Yes,1.5,9,11893.13,155.8
Bangalore,Koramangala,Villa,3,3,2263,0,1,5,Semi-Furnished,1,Yes,0.5,8,28621.74,647.71
Chennai,Adyar,Villa,3,3,2672,0,2,10,Unfurnished,2,Yes,6.9,7,25437.13,679.68
Mumbai,Andheri East,Independent House,3,3,2365,0,3,3,Furnished,3,Yes,2.9,3,25507.82,603.26
Mumbai,Navi Mumbai (Vashi),Apartment,2,1,1083,12,15,2,Furnished,1,Yes,2.9,10,18492.15,200.27
Hyderabad,HITEC City,Apartment,2,2,1032,21,31,11,Unfurnished,1,No,0.7,8,12551.36,129.53
Mumbai,Juhu,Apartment,2,2,1358,6,6,3,Furnished,1,Yes,0.8,7,51565.54,700.26
Delhi NCR,Vasant Kunj,Apartment,2,2,1148,1,4,2,Unfurnished,1,Yes,2.1,9,21623.69,248.24
Delhi NCR,Vasant Kunj,Apartment,2,1,1278,26,31,2,Furnished,0,Yes,0.4,7,25751.17,329.1
Bangalore,Koramangala,Apartment,2,1,1035,3,6,0,Unfurnished,0,Yes,0.3,6,22368.12,231.51
Bangalore,Indiranagar,Apartment,4,3,2012,10,15,14,Furnished,1,Yes,2.0,3,16216.7,326.28
Delhi NCR,Gurgaon Cyber City,Penthouse,4,5,3450,41,41,3,Unfurnished,2,Yes,1.4,8,32892.75,1134.8
Mumbai,Worli,Apartment,2,2,742,10,18,3,Furnished,1,Yes,0.8,3,53587.6,397.62
